,parentSN,parCompType,childSN1,childCompType1,slot1,childSN2,childCompType2,slot2
0,20UPBBC0000585,OB_BARE_MODULE_CELL,20UPBCB0000690,OB_COOLING_BLOCK,1,20UPBGT0000586,OB_PG_TILE,1
1,20UPBBC0000586,OB_BARE_MODULE_CELL,20UPBCB0000691,OB_COOLING_BLOCK,1,20UPBGT0000587,OB_PG_TILE,1
2,20UPBBC0000587,OB_BARE_MODULE_CELL,20UPBCB0000692,OB_COOLING_BLOCK,1,20UPBGT0000588,OB_PG_TILE,1
3,20UPBBC0000588,OB_BARE_MODULE_CELL,20UPBCB0000693,OB_COOLING_BLOCK,1,20UPBGT0000589,OB_PG_TILE,1
4,20UPBBC0000589,OB_BARE_MODULE_CELL,20UPBCB0000694,OB_COOLING_BLOCK,1,20UPBGT0000590,OB_PG_TILE,1
5,20UPBBC0000590,OB_BARE_MODULE_CELL,20UPBCB0000695,OB_COOLING_BLOCK,1,20UPBGT0000591,OB_PG_TILE,1
6,20UPBBC0000591,OB_BARE_MODULE_CELL,20UPBCB0000696,OB_COOLING_BLOCK,1,20UPBGT0000592,OB_PG_TILE,1
7,20UPBBC0000592,OB_BARE_MODULE_CELL,20UPBCB0000697,OB_COOLING_BLOCK,1,20UPBGT0000593,OB_PG_TILE,1
8,20UPBBC0000593,OB_BARE_MODULE_CELL,20UPBCB0000698,OB_COOLING_BLOCK,1,20UPBGT0000594,OB_PG_TILE,1
9,20UPBBC0000594,OB_BARE_MODULE_CELL,20UPBCB0000699,OB_COOLING_BLOCK,1,20UPBGT0000595,OB_PG_TILE,1
10,20UPBBC0000595,OB_BARE_MODULE_CELL,20UPBCB0000700,OB_COOLING_BLOCK,1,20UPBGT0000596,OB_PG_TILE,1
11,20UPBBC0000596,OB_BARE_MODULE_CELL,20UPBCB0000701,OB_COOLING_BLOCK,1,20UPBGT0000597,OB_PG_TILE,1
12,20UPBBC0000597,OB_BARE_MODULE_CELL,20UPBCB0000702,OB_COOLING_BLOCK,1,20UPBGT0000598,OB_PG_TILE,1
13,20UPBBC0000598,OB_BARE_MODULE_CELL,20UPBCB0000703,OB_COOLING_BLOCK,1,20UPBGT0000599,OB_PG_TILE,1
14,20UPBBC0000599,OB_BARE_MODULE_CELL,20UPBCB0000704,OB_COOLING_BLOCK,1,20UPBGT0000600,OB_PG_TILE,1
15,20UPBBC0000600,OB_BARE_MODULE_CELL,20UPBCB0000705,OB_COOLING_BLOCK,1,20UPBGT0000601,OB_PG_TILE,1
16,20UPBBC0000601,OB_BARE_MODULE_CELL,20UPBCB0000706,OB_COOLING_BLOCK,1,20UPBGT0000602,OB_PG_TILE,1
17,20UPBBC0000602,OB_BARE_MODULE_CELL,20UPBCB0000707,OB_COOLING_BLOCK,1,20UPBGT0000603,OB_PG_TILE,1
18,20UPBBC0000603,OB_BARE_MODULE_CELL,20UPBCB0000708,OB_COOLING_BLOCK,1,20UPBGT0000604,OB_PG_TILE,1
19,20UPBBC0000604,OB_BARE_MODULE_CELL,20UPBCB0000709,OB_COOLING_BLOCK,1,20UPBGT0000605,OB_PG_TILE,1
20,20UPBBC0000605,OB_BARE_MODULE_CELL,20UPBCB0000710,OB_COOLING_BLOCK,1,20UPBGT0000606,OB_PG_TILE,1
21,20UPBBC0000606,OB_BARE_MODULE_CELL,20UPBCB0000711,OB_COOLING_BLOCK,1,20UPBGT0000607,OB_PG_TILE,1
22,20UPBBC0000607,OB_BARE_MODULE_CELL,20UPBCB0000712,OB_COOLING_BLOCK,1,20UPBGT0000608,OB_PG_TILE,1
23,20UPBBC0000608,OB_BARE_MODULE_CELL,20UPBCB0000713,OB_COOLING_BLOCK,1,20UPBGT0000609,OB_PG_TILE,1
24,20UPBBC0000609,OB_BARE_MODULE_CELL,20UPBCB0000714,OB_COOLING_BLOCK,1,20UPBGT0000610,OB_PG_TILE,1
25,20UPBBC0000610,OB_BARE_MODULE_CELL,20UPBCB0000715,OB_COOLING_BLOCK,1,20UPBGT0000611,OB_PG_TILE,1
26,20UPBBC0000611,OB_BARE_MODULE_CELL,20UPBCB0000716,OB_COOLING_BLOCK,1,20UPBGT0000612,OB_PG_TILE,1
27,20UPBBC0000612,OB_BARE_MODULE_CELL,20UPBCB0000717,OB_COOLING_BLOCK,1,20UPBGT0000613,OB_PG_TILE,1
28,20UPBBC0000613,OB_BARE_MODULE_CELL,20UPBCB0000718,OB_COOLING_BLOCK,1,20UPBGT0000614,OB_PG_TILE,1
29,20UPBBC0000614,OB_BARE_MODULE_CELL,20UPBCB0000719,OB_COOLING_BLOCK,1,20UPBGT0000615,OB_PG_TILE,1
30,20UPBBC0000615,OB_BARE_MODULE_CELL,20UPBCB0000720,OB_COOLING_BLOCK,1,20UPBGT0000616,OB_PG_TILE,1
31,20UPBBC0000616,OB_BARE_MODULE_CELL,20UPBCB0000721,OB_COOLING_BLOCK,1,20UPBGT0000617,OB_PG_TILE,1
32,20UPBBC0000617,OB_BARE_MODULE_CELL,20UPBCB0000722,OB_COOLING_BLOCK,1,20UPBGT0000618,OB_PG_TILE,1
33,20UPBBC0000618,OB_BARE_MODULE_CELL,20UPBCB0000723,OB_COOLING_BLOCK,1,20UPBGT0000619,OB_PG_TILE,1
34,20UPBBC0000619,OB_BARE_MODULE_CELL,20UPBCB0000724,OB_COOLING_BLOCK,1,20UPBGT0000620,OB_PG_TILE,1
35,20UPBBC0000620,OB_BARE_MODULE_CELL,20UPBCB0000725,OB_COOLING_BLOCK,1,20UPBGT0000621,OB_PG_TILE,1
36,20UPBBC0000621,OB_BARE_MODULE_CELL,20UPBCB0000726,OB_COOLING_BLOCK,1,20UPBGT0000622,OB_PG_TILE,1
37,20UPBBC0000622,OB_BARE_MODULE_CELL,20UPBCB0000727,OB_COOLING_BLOCK,1,20UPBGT0000623,OB_PG_TILE,1
38,20UPBBC0000623,OB_BARE_MODULE_CELL,20UPBCB0000728,OB_COOLING_BLOCK,1,20UPBGT0000624,OB_PG_TILE,1
39,20UPBBC0000624,OB_BARE_MODULE_CELL,20UPBCB0000729,OB_COOLING_BLOCK,1,20UPBGT0000625,OB_PG_TILE,1
40,20UPBBC0000625,OB_BARE_MODULE_CELL,20UPBCB0000730,OB_COOLING_BLOCK,1,20UPBGT0000626,OB_PG_TILE,1
41,20UPBBC0000626,OB_BARE_MODULE_CELL,20UPBCB0000731,OB_COOLING_BLOCK,1,20UPBGT0000627,OB_PG_TILE,1
42,20UPBBC0000627,OB_BARE_MODULE_CELL,20UPBCB0000732,OB_COOLING_BLOCK,1,20UPBGT0000628,OB_PG_TILE,1
43,20UPBBC0000628,OB_BARE_MODULE_CELL,20UPBCB0000733,OB_COOLING_BLOCK,1,20UPBGT0000629,OB_PG_TILE,1
44,20UPBBC0000629,OB_BARE_MODULE_CELL,20UPBCB0000734,OB_COOLING_BLOCK,1,20UPBGT0000630,OB_PG_TILE,1
45,20UPBBC0000630,OB_BARE_MODULE_CELL,20UPBCB0000735,OB_COOLING_BLOCK,1,20UPBGT0000631,OB_PG_TILE,1
46,20UPBBC0000631,OB_BARE_MODULE_CELL,20UPBCB0000736,OB_COOLING_BLOCK,1,20UPBGT0000632,OB_PG_TILE,1
47,20UPBBC0000632,OB_BARE_MODULE_CELL,20UPBCB0000737,OB_COOLING_BLOCK,1,20UPBGT0000633,OB_PG_TILE,1
48,20UPBBC0000633,OB_BARE_MODULE_CELL,20UPBCB0000738,OB_COOLING_BLOCK,1,20UPBGT0000634,OB_PG_TILE,1
49,20UPBBC0000634,OB_BARE_MODULE_CELL,20UPBCB0000739,OB_COOLING_BLOCK,1,20UPBGT0000635,OB_PG_TILE,1
50,20UPBBC0000635,OB_BARE_MODULE_CELL,20UPBCB0000740,OB_COOLING_BLOCK,1,20UPBGT0000636,OB_PG_TILE,1
51,20UPBBC0000636,OB_BARE_MODULE_CELL,20UPBCB0000741,OB_COOLING_BLOCK,1,20UPBGT0000637,OB_PG_TILE,1
52,20UPBBC0000637,OB_BARE_MODULE_CELL,20UPBCB0000742,OB_COOLING_BLOCK,1,20UPBGT0000638,OB_PG_TILE,1
53,20UPBBC0000638,OB_BARE_MODULE_CELL,20UPBCB0000743,OB_COOLING_BLOCK,1,20UPBGT0000639,OB_PG_TILE,1
54,20UPBBC0000639,OB_BARE_MODULE_CELL,20UPBCB0000744,OB_COOLING_BLOCK,1,20UPBGT0000640,OB_PG_TILE,1
55,20UPBBC0000640,OB_BARE_MODULE_CELL,20UPBCB0000745,OB_COOLING_BLOCK,1,20UPBGT0000641,OB_PG_TILE,1
56,20UPBBC0000641,OB_BARE_MODULE_CELL,20UPBCB0000746,OB_COOLING_BLOCK,1,20UPBGT0000642,OB_PG_TILE,1
57,20UPBBC0000642,OB_BARE_MODULE_CELL,20UPBCB0000747,OB_COOLING_BLOCK,1,20UPBGT0000643,OB_PG_TILE,1
58,20UPBBC0000643,OB_BARE_MODULE_CELL,20UPBCB0000748,OB_COOLING_BLOCK,1,20UPBGT0000644,OB_PG_TILE,1
59,20UPBBC0000644,OB_BARE_MODULE_CELL,20UPBCB0000749,OB_COOLING_BLOCK,1,20UPBGT0000645,OB_PG_TILE,1
60,20UPBBC0000645,OB_BARE_MODULE_CELL,20UPBCB0000750,OB_COOLING_BLOCK,1,20UPBGT0000646,OB_PG_TILE,1
61,20UPBBC0000646,OB_BARE_MODULE_CELL,20UPBCB0000751,OB_COOLING_BLOCK,1,20UPBGT0000647,OB_PG_TILE,1
62,20UPBBC0000647,OB_BARE_MODULE_CELL,20UPBCB0000752,OB_COOLING_BLOCK,1,20UPBGT0000648,OB_PG_TILE,1
63,20UPBBC0000648,OB_BARE_MODULE_CELL,20UPBCB0000753,OB_COOLING_BLOCK,1,20UPBGT0000649,OB_PG_TILE,1
64,20UPBBC0000649,OB_BARE_MODULE_CELL,20UPBCB0000754,OB_COOLING_BLOCK,1,20UPBGT0000650,OB_PG_TILE,1
65,20UPBBC0000650,OB_BARE_MODULE_CELL,20UPBCB0000755,OB_COOLING_BLOCK,1,20UPBGT0000651,OB_PG_TILE,1
66,20UPBBC0000651,OB_BARE_MODULE_CELL,20UPBCB0000756,OB_COOLING_BLOCK,1,20UPBGT0000652,OB_PG_TILE,1
67,20UPBBC0000652,OB_BARE_MODULE_CELL,20UPBCB0000757,OB_COOLING_BLOCK,1,20UPBGT0000653,OB_PG_TILE,1
68,20UPBBC0000653,OB_BARE_MODULE_CELL,20UPBCB0000758,OB_COOLING_BLOCK,1,20UPBGT0000654,OB_PG_TILE,1
69,20UPBBC0000654,OB_BARE_MODULE_CELL,20UPBCB0000759,OB_COOLING_BLOCK,1,20UPBGT0000655,OB_PG_TILE,1
70,20UPBBC0000655,OB_BARE_MODULE_CELL,20UPBCB0000760,OB_COOLING_BLOCK,1,20UPBGT0000656,OB_PG_TILE,1
71,20UPBBC0000656,OB_BARE_MODULE_CELL,20UPBCB0000761,OB_COOLING_BLOCK,1,20UPBGT0000657,OB_PG_TILE,1
72,20UPBBC0000657,OB_BARE_MODULE_CELL,20UPBCB0000762,OB_COOLING_BLOCK,1,20UPBGT0000658,OB_PG_TILE,1
73,20UPBBC0000658,OB_BARE_MODULE_CELL,20UPBCB0000763,OB_COOLING_BLOCK,1,20UPBGT0000659,OB_PG_TILE,1
74,20UPBBC0000659,OB_BARE_MODULE_CELL,20UPBCB0000764,OB_COOLING_BLOCK,1,20UPBGT0000660,OB_PG_TILE,1
75,20UPBBC0000660,OB_BARE_MODULE_CELL,20UPBCB0000765,OB_COOLING_BLOCK,1,20UPBGT0000661,OB_PG_TILE,1
76,20UPBBC0000661,OB_BARE_MODULE_CELL,20UPBCB0000766,OB_COOLING_BLOCK,1,20UPBGT0000662,OB_PG_TILE,1
77,20UPBBC0000662,OB_BARE_MODULE_CELL,20UPBCB0000767,OB_COOLING_BLOCK,1,20UPBGT0000663,OB_PG_TILE,1
78,20UPBBC0000663,OB_BARE_MODULE_CELL,20UPBCB0000768,OB_COOLING_BLOCK,1,20UPBGT0000664,OB_PG_TILE,1
79,20UPBBC0000664,OB_BARE_MODULE_CELL,20UPBCB0000769,OB_COOLING_BLOCK,1,20UPBGT0000665,OB_PG_TILE,1
80,20UPBBC0000665,OB_BARE_MODULE_CELL,20UPBCB0000770,OB_COOLING_BLOCK,1,20UPBGT0000666,OB_PG_TILE,1
81,20UPBBC0000666,OB_BARE_MODULE_CELL,20UPBCB0000771,OB_COOLING_BLOCK,1,20UPBGT0000667,OB_PG_TILE,1
82,20UPBBC0000667,OB_BARE_MODULE_CELL,20UPBCB0000772,OB_COOLING_BLOCK,1,20UPBGT0000668,OB_PG_TILE,1
83,20UPBBC0000668,OB_BARE_MODULE_CELL,20UPBCB0000773,OB_COOLING_BLOCK,1,20UPBGT0000669,OB_PG_TILE,1
84,20UPBBC0000669,OB_BARE_MODULE_CELL,20UPBCB0000774,OB_COOLING_BLOCK,1,20UPBGT0000670,OB_PG_TILE,1
85,20UPBBC0000670,OB_BARE_MODULE_CELL,20UPBCB0000775,OB_COOLING_BLOCK,1,20UPBGT0000671,OB_PG_TILE,1
86,20UPBBC0000671,OB_BARE_MODULE_CELL,20UPBCB0000776,OB_COOLING_BLOCK,1,20UPBGT0000672,OB_PG_TILE,1
87,20UPBBC0000672,OB_BARE_MODULE_CELL,20UPBCB0000777,OB_COOLING_BLOCK,1,20UPBGT0000673,OB_PG_TILE,1
88,20UPBBC0000673,OB_BARE_MODULE_CELL,20UPBCB0000778,OB_COOLING_BLOCK,1,20UPBGT0000674,OB_PG_TILE,1
89,20UPBBC0000674,OB_BARE_MODULE_CELL,20UPBCB0000779,OB_COOLING_BLOCK,1,20UPBGT0000675,OB_PG_TILE,1
90,20UPBBC0000675,OB_BARE_MODULE_CELL,20UPBCB0000780,OB_COOLING_BLOCK,1,20UPBGT0000676,OB_PG_TILE,1
91,20UPBBC0000676,OB_BARE_MODULE_CELL,20UPBCB0000781,OB_COOLING_BLOCK,1,20UPBGT0000677,OB_PG_TILE,1
92,20UPBBC0000677,OB_BARE_MODULE_CELL,20UPBCB0000782,OB_COOLING_BLOCK,1,20UPBGT0000678,OB_PG_TILE,1
93,20UPBBC0000678,OB_BARE_MODULE_CELL,20UPBCB0000783,OB_COOLING_BLOCK,1,20UPBGT0000679,OB_PG_TILE,1
94,20UPBBC0000679,OB_BARE_MODULE_CELL,20UPBCB0000784,OB_COOLING_BLOCK,1,20UPBGT0000680,OB_PG_TILE,1
95,20UPBBC0000680,OB_BARE_MODULE_CELL,20UPBCB0000785,OB_COOLING_BLOCK,1,20UPBGT0000681,OB_PG_TILE,1
96,20UPBBC0000681,OB_BARE_MODULE_CELL,20UPBCB0000786,OB_COOLING_BLOCK,1,20UPBGT0000682,OB_PG_TILE,1
97,20UPBBC0000682,OB_BARE_MODULE_CELL,20UPBCB0000787,OB_COOLING_BLOCK,1,20UPBGT0000683,OB_PG_TILE,1
98,20UPBBC0000683,OB_BARE_MODULE_CELL,20UPBCB0000788,OB_COOLING_BLOCK,1,20UPBGT0000684,OB_PG_TILE,1
99,20UPBBC0000684,OB_BARE_MODULE_CELL,20UPBCB0000789,OB_COOLING_BLOCK,1,20UPBGT0000685,OB_PG_TILE,1
100,20UPBBC0000685,OB_BARE_MODULE_CELL,20UPBCB0000790,OB_COOLING_BLOCK,1,20UPBGT0000686,OB_PG_TILE,1
101,20UPBBC0000686,OB_BARE_MODULE_CELL,20UPBCB0000791,OB_COOLING_BLOCK,1,20UPBGT0000687,OB_PG_TILE,1
102,20UPBBC0000687,OB_BARE_MODULE_CELL,20UPBCB0000792,OB_COOLING_BLOCK,1,20UPBGT0000688,OB_PG_TILE,1
103,20UPBBC0000688,OB_BARE_MODULE_CELL,20UPBCB0000793,OB_COOLING_BLOCK,1,20UPBGT0000689,OB_PG_TILE,1
104,20UPBBC0000689,OB_BARE_MODULE_CELL,20UPBCB0000794,OB_COOLING_BLOCK,1,20UPBGT0000690,OB_PG_TILE,1
105,20UPBBC0000690,OB_BARE_MODULE_CELL,20UPBCB0000795,OB_COOLING_BLOCK,1,20UPBGT0000691,OB_PG_TILE,1
106,20UPBBC0000691,OB_BARE_MODULE_CELL,20UPBCB0000796,OB_COOLING_BLOCK,1,20UPBGT0000692,OB_PG_TILE,1
107,20UPBBC0000692,OB_BARE_MODULE_CELL,20UPBCB0000797,OB_COOLING_BLOCK,1,20UPBGT0000693,OB_PG_TILE,1
108,20UPBBC0000693,OB_BARE_MODULE_CELL,20UPBCB0000798,OB_COOLING_BLOCK,1,20UPBGT0000694,OB_PG_TILE,1
109,20UPBBC0000694,OB_BARE_MODULE_CELL,20UPBCB0000799,OB_COOLING_BLOCK,1,20UPBGT0000695,OB_PG_TILE,1
110,20UPBBC0000695,OB_BARE_MODULE_CELL,20UPBCB0000800,OB_COOLING_BLOCK,1,20UPBGT0000696,OB_PG_TILE,1
111,20UPBBC0000696,OB_BARE_MODULE_CELL,20UPBCB0000801,OB_COOLING_BLOCK,1,20UPBGT0000697,OB_PG_TILE,1
112,20UPBBC0000697,OB_BARE_MODULE_CELL,20UPBCB0000802,OB_COOLING_BLOCK,1,20UPBGT0000698,OB_PG_TILE,1
113,20UPBBC0000698,OB_BARE_MODULE_CELL,20UPBCB0000803,OB_COOLING_BLOCK,1,20UPBGT0000699,OB_PG_TILE,1
114,20UPBBC0000699,OB_BARE_MODULE_CELL,20UPBCB0000804,OB_COOLING_BLOCK,1,20UPBGT0000700,OB_PG_TILE,1
115,20UPBBC0000700,OB_BARE_MODULE_CELL,20UPBCB0000805,OB_COOLING_BLOCK,1,20UPBGT0000701,OB_PG_TILE,1
116,20UPBBC0000701,OB_BARE_MODULE_CELL,20UPBCB0000806,OB_COOLING_BLOCK,1,20UPBGT0000702,OB_PG_TILE,1
117,20UPBBC0000702,OB_BARE_MODULE_CELL,20UPBCB0000807,OB_COOLING_BLOCK,1,20UPBGT0000703,OB_PG_TILE,1
118,20UPBBC0000703,OB_BARE_MODULE_CELL,20UPBCB0000808,OB_COOLING_BLOCK,1,20UPBGT0000704,OB_PG_TILE,1
119,20UPBBC0000704,OB_BARE_MODULE_CELL,20UPBCB0000809,OB_COOLING_BLOCK,1,20UPBGT0000705,OB_PG_TILE,1
120,20UPBBC0000705,OB_BARE_MODULE_CELL,20UPBCB0000810,OB_COOLING_BLOCK,1,20UPBGT0000706,OB_PG_TILE,1
121,20UPBBC0000706,OB_BARE_MODULE_CELL,20UPBCB0000811,OB_COOLING_BLOCK,1,20UPBGT0000707,OB_PG_TILE,1
122,20UPBBC0000707,OB_BARE_MODULE_CELL,20UPBCB0000812,OB_COOLING_BLOCK,1,20UPBGT0000708,OB_PG_TILE,1
123,20UPBBC0000708,OB_BARE_MODULE_CELL,20UPBCB0000813,OB_COOLING_BLOCK,1,20UPBGT0000709,OB_PG_TILE,1
124,20UPBBC0000709,OB_BARE_MODULE_CELL,20UPBCB0000814,OB_COOLING_BLOCK,1,20UPBGT0000710,OB_PG_TILE,1
125,20UPBBC0000710,OB_BARE_MODULE_CELL,20UPBCB0000815,OB_COOLING_BLOCK,1,20UPBGT0000711,OB_PG_TILE,1
126,20UPBBC0000711,OB_BARE_MODULE_CELL,20UPBCB0000816,OB_COOLING_BLOCK,1,20UPBGT0000712,OB_PG_TILE,1
127,20UPBBC0000712,OB_BARE_MODULE_CELL,20UPBCB0000817,OB_COOLING_BLOCK,1,20UPBGT0000713,OB_PG_TILE,1
128,20UPBBC0000713,OB_BARE_MODULE_CELL,20UPBCB0000818,OB_COOLING_BLOCK,1,20UPBGT0000714,OB_PG_TILE,1
129,20UPBBC0000714,OB_BARE_MODULE_CELL,20UPBCB0000819,OB_COOLING_BLOCK,1,20UPBGT0000715,OB_PG_TILE,1
130,20UPBBC0000715,OB_BARE_MODULE_CELL,20UPBCB0000820,OB_COOLING_BLOCK,1,20UPBGT0000716,OB_PG_TILE,1
131,20UPBBC0000716,OB_BARE_MODULE_CELL,20UPBCB0000821,OB_COOLING_BLOCK,1,20UPBGT0000717,OB_PG_TILE,1
132,20UPBBC0000717,OB_BARE_MODULE_CELL,20UPBCB0000822,OB_COOLING_BLOCK,1,20UPBGT0000718,OB_PG_TILE,1
133,20UPBBC0000718,OB_BARE_MODULE_CELL,20UPBCB0000823,OB_COOLING_BLOCK,1,20UPBGT0000719,OB_PG_TILE,1
134,20UPBBC0000719,OB_BARE_MODULE_CELL,20UPBCB0000824,OB_COOLING_BLOCK,1,20UPBGT0000720,OB_PG_TILE,1
135,20UPBBC0000720,OB_BARE_MODULE_CELL,20UPBCB0000825,OB_COOLING_BLOCK,1,20UPBGT0000721,OB_PG_TILE,1
136,20UPBBC0000721,OB_BARE_MODULE_CELL,20UPBCB0000826,OB_COOLING_BLOCK,1,20UPBGT0000722,OB_PG_TILE,1
137,20UPBBC0000722,OB_BARE_MODULE_CELL,20UPBCB0000827,OB_COOLING_BLOCK,1,20UPBGT0000723,OB_PG_TILE,1
138,20UPBBC0000723,OB_BARE_MODULE_CELL,20UPBCB0000828,OB_COOLING_BLOCK,1,20UPBGT0000724,OB_PG_TILE,1
139,20UPBBC0000724,OB_BARE_MODULE_CELL,20UPBCB0000829,OB_COOLING_BLOCK,1,20UPBGT0000725,OB_PG_TILE,1
140,20UPBBC0000725,OB_BARE_MODULE_CELL,20UPBCB0000830,OB_COOLING_BLOCK,1,20UPBGT0000726,OB_PG_TILE,1
141,20UPBBC0000726,OB_BARE_MODULE_CELL,20UPBCB0000831,OB_COOLING_BLOCK,1,20UPBGT0000727,OB_PG_TILE,1
142,20UPBBC0000727,OB_BARE_MODULE_CELL,20UPBCB0000832,OB_COOLING_BLOCK,1,20UPBGT0000728,OB_PG_TILE,1
143,20UPBBC0000728,OB_BARE_MODULE_CELL,20UPBCB0000833,OB_COOLING_BLOCK,1,20UPBGT0000729,OB_PG_TILE,1
144,20UPBBC0000729,OB_BARE_MODULE_CELL,20UPBCB0000834,OB_COOLING_BLOCK,1,20UPBGT0000730,OB_PG_TILE,1
145,20UPBBC0000730,OB_BARE_MODULE_CELL,20UPBCB0000835,OB_COOLING_BLOCK,1,20UPBGT0000731,OB_PG_TILE,1
146,20UPBBC0000731,OB_BARE_MODULE_CELL,20UPBCB0000836,OB_COOLING_BLOCK,1,20UPBGT0000732,OB_PG_TILE,1
147,20UPBBC0000732,OB_BARE_MODULE_CELL,20UPBCB0000837,OB_COOLING_BLOCK,1,20UPBGT0000733,OB_PG_TILE,1
148,20UPBBC0000733,OB_BARE_MODULE_CELL,20UPBCB0000838,OB_COOLING_BLOCK,1,20UPBGT0000734,OB_PG_TILE,1
149,20UPBBC0000734,OB_BARE_MODULE_CELL,20UPBCB0000839,OB_COOLING_BLOCK,1,20UPBGT0000735,OB_PG_TILE,1
150,20UPBBC0000735,OB_BARE_MODULE_CELL,20UPBCB0000840,OB_COOLING_BLOCK,1,20UPBGT0000736,OB_PG_TILE,1
151,20UPBBC0000736,OB_BARE_MODULE_CELL,20UPBCB0000841,OB_COOLING_BLOCK,1,20UPBGT0000737,OB_PG_TILE,1
152,20UPBBC0000737,OB_BARE_MODULE_CELL,20UPBCB0000842,OB_COOLING_BLOCK,1,20UPBGT0000738,OB_PG_TILE,1
153,20UPBBC0000738,OB_BARE_MODULE_CELL,20UPBCB0000843,OB_COOLING_BLOCK,1,20UPBGT0000739,OB_PG_TILE,1
154,20UPBBC0000739,OB_BARE_MODULE_CELL,20UPBCB0000844,OB_COOLING_BLOCK,1,20UPBGT0000740,OB_PG_TILE,1
155,20UPBBC0000740,OB_BARE_MODULE_CELL,20UPBCB0000845,OB_COOLING_BLOCK,1,20UPBGT0000741,OB_PG_TILE,1
156,20UPBBC0000741,OB_BARE_MODULE_CELL,20UPBCB0000846,OB_COOLING_BLOCK,1,20UPBGT0000742,OB_PG_TILE,1
157,20UPBBC0000742,OB_BARE_MODULE_CELL,20UPBCB0000847,OB_COOLING_BLOCK,1,20UPBGT0000743,OB_PG_TILE,1
158,20UPBBC0000743,OB_BARE_MODULE_CELL,20UPBCB0000848,OB_COOLING_BLOCK,1,20UPBGT0000744,OB_PG_TILE,1
159,20UPBBC0000744,OB_BARE_MODULE_CELL,20UPBCB0000849,OB_COOLING_BLOCK,1,20UPBGT0000745,OB_PG_TILE,1
160,20UPBBC0000745,OB_BARE_MODULE_CELL,20UPBCB0000850,OB_COOLING_BLOCK,1,20UPBGT0000746,OB_PG_TILE,1
161,20UPBBC0000746,OB_BARE_MODULE_CELL,20UPBCB0000851,OB_COOLING_BLOCK,1,20UPBGT0000747,OB_PG_TILE,1
162,20UPBBC0000747,OB_BARE_MODULE_CELL,20UPBCB0000852,OB_COOLING_BLOCK,1,20UPBGT0000748,OB_PG_TILE,1
163,20UPBBC0000748,OB_BARE_MODULE_CELL,20UPBCB0000853,OB_COOLING_BLOCK,1,20UPBGT0000749,OB_PG_TILE,1
164,20UPBBC0000749,OB_BARE_MODULE_CELL,20UPBCB0000854,OB_COOLING_BLOCK,1,20UPBGT0000750,OB_PG_TILE,1
165,20UPBBC0000750,OB_BARE_MODULE_CELL,20UPBCB0000855,OB_COOLING_BLOCK,1,20UPBGT0000751,OB_PG_TILE,1
166,20UPBBC0000751,OB_BARE_MODULE_CELL,20UPBCB0000856,OB_COOLING_BLOCK,1,20UPBGT0000752,OB_PG_TILE,1
167,20UPBBC0000752,OB_BARE_MODULE_CELL,20UPBCB0000857,OB_COOLING_BLOCK,1,20UPBGT0000753,OB_PG_TILE,1
168,20UPBBC0000753,OB_BARE_MODULE_CELL,20UPBCB0000858,OB_COOLING_BLOCK,1,20UPBGT0000754,OB_PG_TILE,1
169,20UPBBC0000754,OB_BARE_MODULE_CELL,20UPBCB0000859,OB_COOLING_BLOCK,1,20UPBGT0000755,OB_PG_TILE,1
170,20UPBBC0000755,OB_BARE_MODULE_CELL,20UPBCB0000860,OB_COOLING_BLOCK,1,20UPBGT0000756,OB_PG_TILE,1
171,20UPBBC0000756,OB_BARE_MODULE_CELL,20UPBCB0000861,OB_COOLING_BLOCK,1,20UPBGT0000757,OB_PG_TILE,1
172,20UPBBC0000757,OB_BARE_MODULE_CELL,20UPBCB0000862,OB_COOLING_BLOCK,1,20UPBGT0000758,OB_PG_TILE,1
173,20UPBBC0000758,OB_BARE_MODULE_CELL,20UPBCB0000863,OB_COOLING_BLOCK,1,20UPBGT0000759,OB_PG_TILE,1
174,20UPBBC0000759,OB_BARE_MODULE_CELL,20UPBCB0000864,OB_COOLING_BLOCK,1,20UPBGT0000760,OB_PG_TILE,1
175,20UPBBC0000760,OB_BARE_MODULE_CELL,20UPBCB0000865,OB_COOLING_BLOCK,1,20UPBGT0000761,OB_PG_TILE,1
176,20UPBBC0000761,OB_BARE_MODULE_CELL,20UPBCB0000866,OB_COOLING_BLOCK,1,20UPBGT0000762,OB_PG_TILE,1
177,20UPBBC0000762,OB_BARE_MODULE_CELL,20UPBCB0000867,OB_COOLING_BLOCK,1,20UPBGT0000763,OB_PG_TILE,1
178,20UPBBC0000763,OB_BARE_MODULE_CELL,20UPBCB0000868,OB_COOLING_BLOCK,1,20UPBGT0000764,OB_PG_TILE,1
179,20UPBBC0000764,OB_BARE_MODULE_CELL,20UPBCB0000869,OB_COOLING_BLOCK,1,20UPBGT0000765,OB_PG_TILE,1
180,20UPBBC0000765,OB_BARE_MODULE_CELL,20UPBCB0000870,OB_COOLING_BLOCK,1,20UPBGT0000766,OB_PG_TILE,1
181,20UPBBC0000766,OB_BARE_MODULE_CELL,20UPBCB0000871,OB_COOLING_BLOCK,1,20UPBGT0000767,OB_PG_TILE,1
182,20UPBBC0000767,OB_BARE_MODULE_CELL,20UPBCB0000872,OB_COOLING_BLOCK,1,20UPBGT0000768,OB_PG_TILE,1
183,20UPBBC0000768,OB_BARE_MODULE_CELL,20UPBCB0000873,OB_COOLING_BLOCK,1,20UPBGT0000769,OB_PG_TILE,1
184,20UPBBC0000769,OB_BARE_MODULE_CELL,20UPBCB0000874,OB_COOLING_BLOCK,1,20UPBGT0000770,OB_PG_TILE,1
185,20UPBBC0000770,OB_BARE_MODULE_CELL,20UPBCB0000875,OB_COOLING_BLOCK,1,20UPBGT0000771,OB_PG_TILE,1
186,20UPBBC0000771,OB_BARE_MODULE_CELL,20UPBCB0000876,OB_COOLING_BLOCK,1,20UPBGT0000772,OB_PG_TILE,1
187,20UPBBC0000772,OB_BARE_MODULE_CELL,20UPBCB0000877,OB_COOLING_BLOCK,1,20UPBGT0000773,OB_PG_TILE,1
188,20UPBBC0000773,OB_BARE_MODULE_CELL,20UPBCB0000878,OB_COOLING_BLOCK,1,20UPBGT0000774,OB_PG_TILE,1
189,20UPBBC0000774,OB_BARE_MODULE_CELL,20UPBCB0000879,OB_COOLING_BLOCK,1,20UPBGT0000775,OB_PG_TILE,1
190,20UPBBC0000775,OB_BARE_MODULE_CELL,20UPBCB0000880,OB_COOLING_BLOCK,1,20UPBGT0000776,OB_PG_TILE,1
191,20UPBBC0000776,OB_BARE_MODULE_CELL,20UPBCB0000881,OB_COOLING_BLOCK,1,20UPBGT0000777,OB_PG_TILE,1
192,20UPBBC0000777,OB_BARE_MODULE_CELL,20UPBCB0000882,OB_COOLING_BLOCK,1,20UPBGT0000778,OB_PG_TILE,1
193,20UPBBC0000778,OB_BARE_MODULE_CELL,20UPBCB0000883,OB_COOLING_BLOCK,1,20UPBGT0000779,OB_PG_TILE,1
194,20UPBBC0000779,OB_BARE_MODULE_CELL,20UPBCB0000884,OB_COOLING_BLOCK,1,20UPBGT0000780,OB_PG_TILE,1
195,20UPBBC0000780,OB_BARE_MODULE_CELL,20UPBCB0000885,OB_COOLING_BLOCK,1,20UPBGT0000781,OB_PG_TILE,1
196,20UPBBC0000781,OB_BARE_MODULE_CELL,20UPBCB0000886,OB_COOLING_BLOCK,1,20UPBGT0000782,OB_PG_TILE,1
197,20UPBBC0000782,OB_BARE_MODULE_CELL,20UPBCB0000887,OB_COOLING_BLOCK,1,20UPBGT0000783,OB_PG_TILE,1
198,20UPBBC0000783,OB_BARE_MODULE_CELL,20UPBCB0000888,OB_COOLING_BLOCK,1,20UPBGT0000784,OB_PG_TILE,1
199,20UPBBC0000784,OB_BARE_MODULE_CELL,20UPBCB0000889,OB_COOLING_BLOCK,1,20UPBGT0000785,OB_PG_TILE,1
200,20UPBBC0000785,OB_BARE_MODULE_CELL,20UPBCB0000890,OB_COOLING_BLOCK,1,20UPBGT0000786,OB_PG_TILE,1
201,20UPBBC0000786,OB_BARE_MODULE_CELL,20UPBCB0000891,OB_COOLING_BLOCK,1,20UPBGT0000787,OB_PG_TILE,1
202,20UPBBC0000787,OB_BARE_MODULE_CELL,20UPBCB0000892,OB_COOLING_BLOCK,1,20UPBGT0000788,OB_PG_TILE,1
203,20UPBBC0000788,OB_BARE_MODULE_CELL,20UPBCB0000893,OB_COOLING_BLOCK,1,20UPBGT0000789,OB_PG_TILE,1
204,20UPBBC0000789,OB_BARE_MODULE_CELL,20UPBCB0000894,OB_COOLING_BLOCK,1,20UPBGT0000790,OB_PG_TILE,1
205,20UPBBC0000790,OB_BARE_MODULE_CELL,20UPBCB0000895,OB_COOLING_BLOCK,1,20UPBGT0000791,OB_PG_TILE,1
206,20UPBBC0000791,OB_BARE_MODULE_CELL,20UPBCB0000896,OB_COOLING_BLOCK,1,20UPBGT0000792,OB_PG_TILE,1
207,20UPBBC0000792,OB_BARE_MODULE_CELL,20UPBCB0000897,OB_COOLING_BLOCK,1,20UPBGT0000793,OB_PG_TILE,1
208,20UPBBC0000793,OB_BARE_MODULE_CELL,20UPBCB0000898,OB_COOLING_BLOCK,1,20UPBGT0000794,OB_PG_TILE,1
209,20UPBBC0000794,OB_BARE_MODULE_CELL,20UPBCB0000899,OB_COOLING_BLOCK,1,20UPBGT0000795,OB_PG_TILE,1
210,20UPBBC0000795,OB_BARE_MODULE_CELL,20UPBCB0000900,OB_COOLING_BLOCK,1,20UPBGT0000796,OB_PG_TILE,1
211,20UPBBC0000796,OB_BARE_MODULE_CELL,20UPBCB0000901,OB_COOLING_BLOCK,1,20UPBGT0000797,OB_PG_TILE,1
212,20UPBBC0000797,OB_BARE_MODULE_CELL,20UPBCB0000902,OB_COOLING_BLOCK,1,20UPBGT0000798,OB_PG_TILE,1
213,20UPBBC0000798,OB_BARE_MODULE_CELL,20UPBCB0000903,OB_COOLING_BLOCK,1,20UPBGT0000799,OB_PG_TILE,1
214,20UPBBC0000799,OB_BARE_MODULE_CELL,20UPBCB0000904,OB_COOLING_BLOCK,1,20UPBGT0000800,OB_PG_TILE,1
215,20UPBBC0000800,OB_BARE_MODULE_CELL,20UPBCB0000905,OB_COOLING_BLOCK,1,20UPBGT0000801,OB_PG_TILE,1
216,20UPBBC0000801,OB_BARE_MODULE_CELL,20UPBCB0000906,OB_COOLING_BLOCK,1,20UPBGT0000802,OB_PG_TILE,1
217,20UPBBC0000802,OB_BARE_MODULE_CELL,20UPBCB0000907,OB_COOLING_BLOCK,1,20UPBGT0000803,OB_PG_TILE,1
218,20UPBBC0000803,OB_BARE_MODULE_CELL,20UPBCB0000908,OB_COOLING_BLOCK,1,20UPBGT0000804,OB_PG_TILE,1
219,20UPBBC0000804,OB_BARE_MODULE_CELL,20UPBCB0000909,OB_COOLING_BLOCK,1,20UPBGT0000805,OB_PG_TILE,1
220,20UPBBC0000805,OB_BARE_MODULE_CELL,20UPBCB0000910,OB_COOLING_BLOCK,1,20UPBGT0000806,OB_PG_TILE,1
221,20UPBBC0000806,OB_BARE_MODULE_CELL,20UPBCB0000911,OB_COOLING_BLOCK,1,20UPBGT0000807,OB_PG_TILE,1
222,20UPBBC0000807,OB_BARE_MODULE_CELL,20UPBCB0000912,OB_COOLING_BLOCK,1,20UPBGT0000808,OB_PG_TILE,1
223,20UPBBC0000808,OB_BARE_MODULE_CELL,20UPBCB0000913,OB_COOLING_BLOCK,1,20UPBGT0000809,OB_PG_TILE,1
224,20UPBBC0000809,OB_BARE_MODULE_CELL,20UPBCB0000914,OB_COOLING_BLOCK,1,20UPBGT0000810,OB_PG_TILE,1
225,20UPBBC0000810,OB_BARE_MODULE_CELL,20UPBCB0000915,OB_COOLING_BLOCK,1,20UPBGT0000811,OB_PG_TILE,1
226,20UPBBC0000811,OB_BARE_MODULE_CELL,20UPBCB0000916,OB_COOLING_BLOCK,1,20UPBGT0000812,OB_PG_TILE,1
227,20UPBBC0000812,OB_BARE_MODULE_CELL,20UPBCB0000917,OB_COOLING_BLOCK,1,20UPBGT0000813,OB_PG_TILE,1
228,20UPBBC0000813,OB_BARE_MODULE_CELL,20UPBCB0000918,OB_COOLING_BLOCK,1,20UPBGT0000814,OB_PG_TILE,1
229,20UPBBC0000814,OB_BARE_MODULE_CELL,20UPBCB0000919,OB_COOLING_BLOCK,1,20UPBGT0000815,OB_PG_TILE,1
230,20UPBBC0000815,OB_BARE_MODULE_CELL,20UPBCB0000920,OB_COOLING_BLOCK,1,20UPBGT0000816,OB_PG_TILE,1
231,20UPBBC0000816,OB_BARE_MODULE_CELL,20UPBCB0000921,OB_COOLING_BLOCK,1,20UPBGT0000817,OB_PG_TILE,1
232,20UPBBC0000817,OB_BARE_MODULE_CELL,20UPBCB0000922,OB_COOLING_BLOCK,1,20UPBGT0000818,OB_PG_TILE,1
233,20UPBBC0000818,OB_BARE_MODULE_CELL,20UPBCB0000923,OB_COOLING_BLOCK,1,20UPBGT0000819,OB_PG_TILE,1
234,20UPBBC0000819,OB_BARE_MODULE_CELL,20UPBCB0000924,OB_COOLING_BLOCK,1,20UPBGT0000820,OB_PG_TILE,1
235,20UPBBC0000820,OB_BARE_MODULE_CELL,20UPBCB0000925,OB_COOLING_BLOCK,1,20UPBGT0000821,OB_PG_TILE,1
236,20UPBBC0000821,OB_BARE_MODULE_CELL,20UPBCB0000926,OB_COOLING_BLOCK,1,20UPBGT0000822,OB_PG_TILE,1
237,20UPBBC0000822,OB_BARE_MODULE_CELL,20UPBCB0000927,OB_COOLING_BLOCK,1,20UPBGT0000823,OB_PG_TILE,1
238,20UPBBC0000823,OB_BARE_MODULE_CELL,20UPBCB0000928,OB_COOLING_BLOCK,1,20UPBGT0000824,OB_PG_TILE,1
239,20UPBBC0000824,OB_BARE_MODULE_CELL,20UPBCB0000929,OB_COOLING_BLOCK,1,20UPBGT0000825,OB_PG_TILE,1
240,20UPBBC0000825,OB_BARE_MODULE_CELL,20UPBCB0000930,OB_COOLING_BLOCK,1,20UPBGT0000826,OB_PG_TILE,1
241,20UPBBC0000826,OB_BARE_MODULE_CELL,20UPBCB0000931,OB_COOLING_BLOCK,1,20UPBGT0000827,OB_PG_TILE,1
242,20UPBBC0000827,OB_BARE_MODULE_CELL,20UPBCB0000932,OB_COOLING_BLOCK,1,20UPBGT0000828,OB_PG_TILE,1
243,20UPBBC0000828,OB_BARE_MODULE_CELL,20UPBCB0000933,OB_COOLING_BLOCK,1,20UPBGT0000829,OB_PG_TILE,1
244,20UPBBC0000829,OB_BARE_MODULE_CELL,20UPBCB0000934,OB_COOLING_BLOCK,1,20UPBGT0000830,OB_PG_TILE,1
245,20UPBBC0000830,OB_BARE_MODULE_CELL,20UPBCB0000935,OB_COOLING_BLOCK,1,20UPBGT0000831,OB_PG_TILE,1
246,20UPBBC0000831,OB_BARE_MODULE_CELL,20UPBCB0000936,OB_COOLING_BLOCK,1,20UPBGT0000832,OB_PG_TILE,1
247,20UPBBC0000832,OB_BARE_MODULE_CELL,20UPBCB0000937,OB_COOLING_BLOCK,1,20UPBGT0000833,OB_PG_TILE,1
248,20UPBBC0000833,OB_BARE_MODULE_CELL,20UPBCB0000938,OB_COOLING_BLOCK,1,20UPBGT0000834,OB_PG_TILE,1
249,20UPBBC0000834,OB_BARE_MODULE_CELL,20UPBCB0000939,OB_COOLING_BLOCK,1,20UPBGT0000835,OB_PG_TILE,1
250,20UPBBC0000835,OB_BARE_MODULE_CELL,20UPBCB0000940,OB_COOLING_BLOCK,1,20UPBGT0000836,OB_PG_TILE,1
251,20UPBBC0000836,OB_BARE_MODULE_CELL,20UPBCB0000941,OB_COOLING_BLOCK,1,20UPBGT0000837,OB_PG_TILE,1
252,20UPBBC0000837,OB_BARE_MODULE_CELL,20UPBCB0000942,OB_COOLING_BLOCK,1,20UPBGT0000838,OB_PG_TILE,1
253,20UPBBC0000838,OB_BARE_MODULE_CELL,20UPBCB0000943,OB_COOLING_BLOCK,1,20UPBGT0000839,OB_PG_TILE,1
254,20UPBBC0000839,OB_BARE_MODULE_CELL,20UPBCB0000944,OB_COOLING_BLOCK,1,20UPBGT0000840,OB_PG_TILE,1
255,20UPBBC0000840,OB_BARE_MODULE_CELL,20UPBCB0000945,OB_COOLING_BLOCK,1,20UPBGT0000841,OB_PG_TILE,1
256,20UPBBC0000841,OB_BARE_MODULE_CELL,20UPBCB0000946,OB_COOLING_BLOCK,1,20UPBGT0000842,OB_PG_TILE,1
257,20UPBBC0000842,OB_BARE_MODULE_CELL,20UPBCB0000947,OB_COOLING_BLOCK,1,20UPBGT0000843,OB_PG_TILE,1
258,20UPBBC0000843,OB_BARE_MODULE_CELL,20UPBCB0000948,OB_COOLING_BLOCK,1,20UPBGT0000844,OB_PG_TILE,1
259,20UPBBC0000844,OB_BARE_MODULE_CELL,20UPBCB0000949,OB_COOLING_BLOCK,1,20UPBGT0000845,OB_PG_TILE,1
260,20UPBBC0000845,OB_BARE_MODULE_CELL,20UPBCB0000950,OB_COOLING_BLOCK,1,20UPBGT0000846,OB_PG_TILE,1
261,20UPBBC0000846,OB_BARE_MODULE_CELL,20UPBCB0000951,OB_COOLING_BLOCK,1,20UPBGT0000847,OB_PG_TILE,1
262,20UPBBC0000847,OB_BARE_MODULE_CELL,20UPBCB0000952,OB_COOLING_BLOCK,1,20UPBGT0000848,OB_PG_TILE,1
263,20UPBBC0000848,OB_BARE_MODULE_CELL,20UPBCB0000953,OB_COOLING_BLOCK,1,20UPBGT0000849,OB_PG_TILE,1
264,20UPBBC0000849,OB_BARE_MODULE_CELL,20UPBCB0000954,OB_COOLING_BLOCK,1,20UPBGT0000850,OB_PG_TILE,1
265,20UPBBC0000850,OB_BARE_MODULE_CELL,20UPBCB0000955,OB_COOLING_BLOCK,1,20UPBGT0000851,OB_PG_TILE,1
266,20UPBBC0000851,OB_BARE_MODULE_CELL,20UPBCB0000956,OB_COOLING_BLOCK,1,20UPBGT0000852,OB_PG_TILE,1
267,20UPBBC0000852,OB_BARE_MODULE_CELL,20UPBCB0000957,OB_COOLING_BLOCK,1,20UPBGT0000853,OB_PG_TILE,1
268,20UPBBC0000853,OB_BARE_MODULE_CELL,20UPBCB0000958,OB_COOLING_BLOCK,1,20UPBGT0000854,OB_PG_TILE,1
269,20UPBBC0000854,OB_BARE_MODULE_CELL,20UPBCB0000959,OB_COOLING_BLOCK,1,20UPBGT0000855,OB_PG_TILE,1
270,20UPBBC0000855,OB_BARE_MODULE_CELL,20UPBCB0000960,OB_COOLING_BLOCK,1,20UPBGT0000856,OB_PG_TILE,1
271,20UPBBC0000856,OB_BARE_MODULE_CELL,20UPBCB0000961,OB_COOLING_BLOCK,1,20UPBGT0000857,OB_PG_TILE,1
272,20UPBBC0000857,OB_BARE_MODULE_CELL,20UPBCB0000962,OB_COOLING_BLOCK,1,20UPBGT0000858,OB_PG_TILE,1
273,20UPBBC0000858,OB_BARE_MODULE_CELL,20UPBCB0000963,OB_COOLING_BLOCK,1,20UPBGT0000859,OB_PG_TILE,1
274,20UPBBC0000859,OB_BARE_MODULE_CELL,20UPBCB0000964,OB_COOLING_BLOCK,1,20UPBGT0000860,OB_PG_TILE,1
275,20UPBBC0000860,OB_BARE_MODULE_CELL,20UPBCB0000965,OB_COOLING_BLOCK,1,20UPBGT0000861,OB_PG_TILE,1
276,20UPBBC0000861,OB_BARE_MODULE_CELL,20UPBCB0000966,OB_COOLING_BLOCK,1,20UPBGT0000862,OB_PG_TILE,1
277,20UPBBC0000862,OB_BARE_MODULE_CELL,20UPBCB0000967,OB_COOLING_BLOCK,1,20UPBGT0000863,OB_PG_TILE,1
278,20UPBBC0000863,OB_BARE_MODULE_CELL,20UPBCB0000968,OB_COOLING_BLOCK,1,20UPBGT0000864,OB_PG_TILE,1
279,20UPBBC0000864,OB_BARE_MODULE_CELL,20UPBCB0000969,OB_COOLING_BLOCK,1,20UPBGT0000865,OB_PG_TILE,1
280,20UPBBC0000865,OB_BARE_MODULE_CELL,20UPBCB0000970,OB_COOLING_BLOCK,1,20UPBGT0000866,OB_PG_TILE,1
281,20UPBBC0000866,OB_BARE_MODULE_CELL,20UPBCB0000971,OB_COOLING_BLOCK,1,20UPBGT0000867,OB_PG_TILE,1
282,20UPBBC0000867,OB_BARE_MODULE_CELL,20UPBCB0000972,OB_COOLING_BLOCK,1,20UPBGT0000868,OB_PG_TILE,1
283,20UPBBC0000868,OB_BARE_MODULE_CELL,20UPBCB0000973,OB_COOLING_BLOCK,1,20UPBGT0000869,OB_PG_TILE,1
284,20UPBBC0000869,OB_BARE_MODULE_CELL,20UPBCB0000974,OB_COOLING_BLOCK,1,20UPBGT0000870,OB_PG_TILE,1
285,20UPBBC0000870,OB_BARE_MODULE_CELL,20UPBCB0000975,OB_COOLING_BLOCK,1,20UPBGT0000871,OB_PG_TILE,1
286,20UPBBC0000871,OB_BARE_MODULE_CELL,20UPBCB0000976,OB_COOLING_BLOCK,1,20UPBGT0000872,OB_PG_TILE,1
287,20UPBBC0000872,OB_BARE_MODULE_CELL,20UPBCB0000977,OB_COOLING_BLOCK,1,20UPBGT0000873,OB_PG_TILE,1
288,20UPBBC0000873,OB_BARE_MODULE_CELL,20UPBCB0000978,OB_COOLING_BLOCK,1,20UPBGT0000874,OB_PG_TILE,1
289,20UPBBC0000874,OB_BARE_MODULE_CELL,20UPBCB0000979,OB_COOLING_BLOCK,1,20UPBGT0000875,OB_PG_TILE,1
290,20UPBBC0000875,OB_BARE_MODULE_CELL,20UPBCB0000980,OB_COOLING_BLOCK,1,20UPBGT0000876,OB_PG_TILE,1
291,20UPBBC0000876,OB_BARE_MODULE_CELL,20UPBCB0000981,OB_COOLING_BLOCK,1,20UPBGT0000877,OB_PG_TILE,1
292,20UPBBC0000877,OB_BARE_MODULE_CELL,20UPBCB0000982,OB_COOLING_BLOCK,1,20UPBGT0000878,OB_PG_TILE,1
293,20UPBBC0000878,OB_BARE_MODULE_CELL,20UPBCB0000983,OB_COOLING_BLOCK,1,20UPBGT0000879,OB_PG_TILE,1
294,20UPBBC0000879,OB_BARE_MODULE_CELL,20UPBCB0000984,OB_COOLING_BLOCK,1,20UPBGT0000880,OB_PG_TILE,1
295,20UPBBC0000880,OB_BARE_MODULE_CELL,20UPBCB0000985,OB_COOLING_BLOCK,1,20UPBGT0000881,OB_PG_TILE,1
296,20UPBBC0000881,OB_BARE_MODULE_CELL,20UPBCB0000986,OB_COOLING_BLOCK,1,20UPBGT0000882,OB_PG_TILE,1
297,20UPBBC0000882,OB_BARE_MODULE_CELL,20UPBCB0000987,OB_COOLING_BLOCK,1,20UPBGT0000883,OB_PG_TILE,1
298,20UPBBC0000883,OB_BARE_MODULE_CELL,20UPBCB0000988,OB_COOLING_BLOCK,1,20UPBGT0000884,OB_PG_TILE,1
299,20UPBBC0000884,OB_BARE_MODULE_CELL,20UPBCB0000989,OB_COOLING_BLOCK,1,20UPBGT0000885,OB_PG_TILE,1
300,20UPBBC0000885,OB_BARE_MODULE_CELL,20UPBCB0000990,OB_COOLING_BLOCK,1,20UPBGT0000886,OB_PG_TILE,1
301,20UPBBC0000886,OB_BARE_MODULE_CELL,20UPBCB0000991,OB_COOLING_BLOCK,1,20UPBGT0000887,OB_PG_TILE,1
302,20UPBBC0000887,OB_BARE_MODULE_CELL,20UPBCB0000992,OB_COOLING_BLOCK,1,20UPBGT0000888,OB_PG_TILE,1
303,20UPBBC0000888,OB_BARE_MODULE_CELL,20UPBCB0000993,OB_COOLING_BLOCK,1,20UPBGT0000889,OB_PG_TILE,1
304,20UPBBC0000889,OB_BARE_MODULE_CELL,20UPBCB0000994,OB_COOLING_BLOCK,1,20UPBGT0000890,OB_PG_TILE,1
305,20UPBBC0000890,OB_BARE_MODULE_CELL,20UPBCB0000995,OB_COOLING_BLOCK,1,20UPBGT0000891,OB_PG_TILE,1
306,20UPBBC0000891,OB_BARE_MODULE_CELL,20UPBCB0000996,OB_COOLING_BLOCK,1,20UPBGT0000892,OB_PG_TILE,1
307,20UPBBC0000892,OB_BARE_MODULE_CELL,20UPBCB0000997,OB_COOLING_BLOCK,1,20UPBGT0000893,OB_PG_TILE,1
308,20UPBBC0000893,OB_BARE_MODULE_CELL,20UPBCB0000998,OB_COOLING_BLOCK,1,20UPBGT0000894,OB_PG_TILE,1
309,20UPBBC0000894,OB_BARE_MODULE_CELL,20UPBCB0000999,OB_COOLING_BLOCK,1,20UPBGT0000895,OB_PG_TILE,1
310,20UPBBC0000895,OB_BARE_MODULE_CELL,20UPBCB0001000,OB_COOLING_BLOCK,1,20UPBGT0000896,OB_PG_TILE,1
311,20UPBBC0000896,OB_BARE_MODULE_CELL,20UPBCB0001001,OB_COOLING_BLOCK,1,20UPBGT0000897,OB_PG_TILE,1
312,20UPBBC0000897,OB_BARE_MODULE_CELL,20UPBCB0001002,OB_COOLING_BLOCK,1,20UPBGT0000898,OB_PG_TILE,1
313,20UPBBC0000898,OB_BARE_MODULE_CELL,20UPBCB0001003,OB_COOLING_BLOCK,1,20UPBGT0000899,OB_PG_TILE,1
314,20UPBBC0000899,OB_BARE_MODULE_CELL,20UPBCB0001004,OB_COOLING_BLOCK,1,20UPBGT0000900,OB_PG_TILE,1
315,20UPBBC0000900,OB_BARE_MODULE_CELL,20UPBCB0001005,OB_COOLING_BLOCK,1,20UPBGT0000901,OB_PG_TILE,1
316,20UPBBC0000901,OB_BARE_MODULE_CELL,20UPBCB0001006,OB_COOLING_BLOCK,1,20UPBGT0000902,OB_PG_TILE,1
317,20UPBBC0000902,OB_BARE_MODULE_CELL,20UPBCB0001007,OB_COOLING_BLOCK,1,20UPBGT0000903,OB_PG_TILE,1
318,20UPBBC0000903,OB_BARE_MODULE_CELL,20UPBCB0001008,OB_COOLING_BLOCK,1,20UPBGT0000904,OB_PG_TILE,1
319,20UPBBC0000904,OB_BARE_MODULE_CELL,20UPBCB0001009,OB_COOLING_BLOCK,1,20UPBGT0000905,OB_PG_TILE,1
320,20UPBBC0000905,OB_BARE_MODULE_CELL,20UPBCB0001010,OB_COOLING_BLOCK,1,20UPBGT0000906,OB_PG_TILE,1
321,20UPBBC0000906,OB_BARE_MODULE_CELL,20UPBCB0001011,OB_COOLING_BLOCK,1,20UPBGT0000907,OB_PG_TILE,1
322,20UPBBC0000907,OB_BARE_MODULE_CELL,20UPBCB0001012,OB_COOLING_BLOCK,1,20UPBGT0000908,OB_PG_TILE,1
323,20UPBBC0000908,OB_BARE_MODULE_CELL,20UPBCB0001013,OB_COOLING_BLOCK,1,20UPBGT0000909,OB_PG_TILE,1
324,20UPBBC0000909,OB_BARE_MODULE_CELL,20UPBCB0001014,OB_COOLING_BLOCK,1,20UPBGT0000910,OB_PG_TILE,1
325,20UPBBC0000910,OB_BARE_MODULE_CELL,20UPBCB0001015,OB_COOLING_BLOCK,1,20UPBGT0000911,OB_PG_TILE,1
326,20UPBBC0000911,OB_BARE_MODULE_CELL,20UPBCB0001016,OB_COOLING_BLOCK,1,20UPBGT0000912,OB_PG_TILE,1
327,20UPBBC0000912,OB_BARE_MODULE_CELL,20UPBCB0001017,OB_COOLING_BLOCK,1,20UPBGT0000913,OB_PG_TILE,1
328,20UPBBC0000913,OB_BARE_MODULE_CELL,20UPBCB0001018,OB_COOLING_BLOCK,1,20UPBGT0000914,OB_PG_TILE,1
329,20UPBBC0000914,OB_BARE_MODULE_CELL,20UPBCB0001019,OB_COOLING_BLOCK,1,20UPBGT0000915,OB_PG_TILE,1
330,20UPBBC0000915,OB_BARE_MODULE_CELL,20UPBCB0001020,OB_COOLING_BLOCK,1,20UPBGT0000916,OB_PG_TILE,1
331,20UPBBC0000916,OB_BARE_MODULE_CELL,20UPBCB0001021,OB_COOLING_BLOCK,1,20UPBGT0000917,OB_PG_TILE,1
332,20UPBBC0000917,OB_BARE_MODULE_CELL,20UPBCB0001022,OB_COOLING_BLOCK,1,20UPBGT0000918,OB_PG_TILE,1
333,20UPBBC0000918,OB_BARE_MODULE_CELL,20UPBCB0001023,OB_COOLING_BLOCK,1,20UPBGT0000919,OB_PG_TILE,1
334,20UPBBC0000919,OB_BARE_MODULE_CELL,20UPBCB0001024,OB_COOLING_BLOCK,1,20UPBGT0000920,OB_PG_TILE,1
335,20UPBBC0000920,OB_BARE_MODULE_CELL,20UPBCB0001025,OB_COOLING_BLOCK,1,20UPBGT0000921,OB_PG_TILE,1
336,20UPBBC0000921,OB_BARE_MODULE_CELL,20UPBCB0001026,OB_COOLING_BLOCK,1,20UPBGT0000922,OB_PG_TILE,1
337,20UPBBC0000922,OB_BARE_MODULE_CELL,20UPBCB0001027,OB_COOLING_BLOCK,1,20UPBGT0000923,OB_PG_TILE,1
338,20UPBBC0000923,OB_BARE_MODULE_CELL,20UPBCB0001028,OB_COOLING_BLOCK,1,20UPBGT0000924,OB_PG_TILE,1
339,20UPBBC0000924,OB_BARE_MODULE_CELL,20UPBCB0001029,OB_COOLING_BLOCK,1,20UPBGT0000925,OB_PG_TILE,1
340,20UPBBC0000925,OB_BARE_MODULE_CELL,20UPBCB0001030,OB_COOLING_BLOCK,1,20UPBGT0000926,OB_PG_TILE,1
341,20UPBBC0000926,OB_BARE_MODULE_CELL,20UPBCB0001031,OB_COOLING_BLOCK,1,20UPBGT0000927,OB_PG_TILE,1
342,20UPBBC0000927,OB_BARE_MODULE_CELL,20UPBCB0001032,OB_COOLING_BLOCK,1,20UPBGT0000928,OB_PG_TILE,1
343,20UPBBC0000928,OB_BARE_MODULE_CELL,20UPBCB0001033,OB_COOLING_BLOCK,1,20UPBGT0000929,OB_PG_TILE,1
344,20UPBBC0000929,OB_BARE_MODULE_CELL,20UPBCB0001034,OB_COOLING_BLOCK,1,20UPBGT0000930,OB_PG_TILE,1
345,20UPBBC0000930,OB_BARE_MODULE_CELL,20UPBCB0001035,OB_COOLING_BLOCK,1,20UPBGT0000931,OB_PG_TILE,1
346,20UPBBC0000931,OB_BARE_MODULE_CELL,20UPBCB0001036,OB_COOLING_BLOCK,1,20UPBGT0000932,OB_PG_TILE,1
347,20UPBBC0000932,OB_BARE_MODULE_CELL,20UPBCB0001037,OB_COOLING_BLOCK,1,20UPBGT0000933,OB_PG_TILE,1
348,20UPBBC0000933,OB_BARE_MODULE_CELL,20UPBCB0001038,OB_COOLING_BLOCK,1,20UPBGT0000934,OB_PG_TILE,1
349,20UPBBC0000934,OB_BARE_MODULE_CELL,20UPBCB0001039,OB_COOLING_BLOCK,1,20UPBGT0000935,OB_PG_TILE,1
350,20UPBBC0000935,OB_BARE_MODULE_CELL,20UPBCB0001040,OB_COOLING_BLOCK,1,20UPBGT0000936,OB_PG_TILE,1
351,20UPBBC0000936,OB_BARE_MODULE_CELL,20UPBCB0001041,OB_COOLING_BLOCK,1,20UPBGT0000937,OB_PG_TILE,1
352,20UPBBC0000937,OB_BARE_MODULE_CELL,20UPBCB0001042,OB_COOLING_BLOCK,1,20UPBGT0000938,OB_PG_TILE,1
353,20UPBBC0000938,OB_BARE_MODULE_CELL,20UPBCB0001043,OB_COOLING_BLOCK,1,20UPBGT0000939,OB_PG_TILE,1
354,20UPBBC0000939,OB_BARE_MODULE_CELL,20UPBCB0001044,OB_COOLING_BLOCK,1,20UPBGT0000940,OB_PG_TILE,1
355,20UPBBC0000940,OB_BARE_MODULE_CELL,20UPBCB0001045,OB_COOLING_BLOCK,1,20UPBGT0000941,OB_PG_TILE,1
356,20UPBBC0000941,OB_BARE_MODULE_CELL,20UPBCB0001046,OB_COOLING_BLOCK,1,20UPBGT0000942,OB_PG_TILE,1
357,20UPBBC0000942,OB_BARE_MODULE_CELL,20UPBCB0001047,OB_COOLING_BLOCK,1,20UPBGT0000943,OB_PG_TILE,1
358,20UPBBC0000943,OB_BARE_MODULE_CELL,20UPBCB0001048,OB_COOLING_BLOCK,1,20UPBGT0000944,OB_PG_TILE,1
359,20UPBBC0000944,OB_BARE_MODULE_CELL,20UPBCB0001049,OB_COOLING_BLOCK,1,20UPBGT0000945,OB_PG_TILE,1
360,20UPBBC0000945,OB_BARE_MODULE_CELL,20UPBCB0001050,OB_COOLING_BLOCK,1,20UPBGT0000946,OB_PG_TILE,1
361,20UPBBC0000946,OB_BARE_MODULE_CELL,20UPBCB0001051,OB_COOLING_BLOCK,1,20UPBGT0000947,OB_PG_TILE,1
362,20UPBBC0000947,OB_BARE_MODULE_CELL,20UPBCB0001052,OB_COOLING_BLOCK,1,20UPBGT0000948,OB_PG_TILE,1
363,20UPBBC0000948,OB_BARE_MODULE_CELL,20UPBCB0001053,OB_COOLING_BLOCK,1,20UPBGT0000949,OB_PG_TILE,1
364,20UPBBC0000949,OB_BARE_MODULE_CELL,20UPBCB0001054,OB_COOLING_BLOCK,1,20UPBGT0000950,OB_PG_TILE,1
365,20UPBBC0000950,OB_BARE_MODULE_CELL,20UPBCB0001055,OB_COOLING_BLOCK,1,20UPBGT0000951,OB_PG_TILE,1
366,20UPBBC0000951,OB_BARE_MODULE_CELL,20UPBCB0001056,OB_COOLING_BLOCK,1,20UPBGT0000952,OB_PG_TILE,1
367,20UPBBC0000952,OB_BARE_MODULE_CELL,20UPBCB0001057,OB_COOLING_BLOCK,1,20UPBGT0000953,OB_PG_TILE,1
368,20UPBBC0000953,OB_BARE_MODULE_CELL,20UPBCB0001058,OB_COOLING_BLOCK,1,20UPBGT0000954,OB_PG_TILE,1
369,20UPBBC0000954,OB_BARE_MODULE_CELL,20UPBCB0001059,OB_COOLING_BLOCK,1,20UPBGT0000955,OB_PG_TILE,1
370,20UPBBC0000955,OB_BARE_MODULE_CELL,20UPBCB0001060,OB_COOLING_BLOCK,1,20UPBGT0000956,OB_PG_TILE,1
371,20UPBBC0000956,OB_BARE_MODULE_CELL,20UPBCB0001061,OB_COOLING_BLOCK,1,20UPBGT0000957,OB_PG_TILE,1
372,20UPBBC0000957,OB_BARE_MODULE_CELL,20UPBCB0001062,OB_COOLING_BLOCK,1,20UPBGT0000958,OB_PG_TILE,1
373,20UPBBC0000958,OB_BARE_MODULE_CELL,20UPBCB0001063,OB_COOLING_BLOCK,1,20UPBGT0000959,OB_PG_TILE,1
374,20UPBBC0000959,OB_BARE_MODULE_CELL,20UPBCB0001064,OB_COOLING_BLOCK,1,20UPBGT0000960,OB_PG_TILE,1
375,20UPBBC0000960,OB_BARE_MODULE_CELL,20UPBCB0001065,OB_COOLING_BLOCK,1,20UPBGT0000961,OB_PG_TILE,1
376,20UPBBC0000961,OB_BARE_MODULE_CELL,20UPBCB0001066,OB_COOLING_BLOCK,1,20UPBGT0000962,OB_PG_TILE,1
377,20UPBBC0000962,OB_BARE_MODULE_CELL,20UPBCB0001067,OB_COOLING_BLOCK,1,20UPBGT0000963,OB_PG_TILE,1
378,20UPBBC0000963,OB_BARE_MODULE_CELL,20UPBCB0001068,OB_COOLING_BLOCK,1,20UPBGT0000964,OB_PG_TILE,1
379,20UPBBC0000964,OB_BARE_MODULE_CELL,20UPBCB0001069,OB_COOLING_BLOCK,1,20UPBGT0000965,OB_PG_TILE,1
380,20UPBBC0000965,OB_BARE_MODULE_CELL,20UPBCB0001070,OB_COOLING_BLOCK,1,20UPBGT0000966,OB_PG_TILE,1
381,20UPBBC0000966,OB_BARE_MODULE_CELL,20UPBCB0001071,OB_COOLING_BLOCK,1,20UPBGT0000967,OB_PG_TILE,1
382,20UPBBC0000967,OB_BARE_MODULE_CELL,20UPBCB0001072,OB_COOLING_BLOCK,1,20UPBGT0000968,OB_PG_TILE,1
383,20UPBBC0000968,OB_BARE_MODULE_CELL,20UPBCB0001073,OB_COOLING_BLOCK,1,20UPBGT0000969,OB_PG_TILE,1
384,20UPBBC0000969,OB_BARE_MODULE_CELL,20UPBCB0001074,OB_COOLING_BLOCK,1,20UPBGT0000970,OB_PG_TILE,1
385,20UPBBC0000970,OB_BARE_MODULE_CELL,20UPBCB0001075,OB_COOLING_BLOCK,1,20UPBGT0000971,OB_PG_TILE,1
386,20UPBBC0000971,OB_BARE_MODULE_CELL,20UPBCB0001076,OB_COOLING_BLOCK,1,20UPBGT0000972,OB_PG_TILE,1
387,20UPBBC0000972,OB_BARE_MODULE_CELL,20UPBCB0001077,OB_COOLING_BLOCK,1,20UPBGT0000973,OB_PG_TILE,1
388,20UPBBC0000973,OB_BARE_MODULE_CELL,20UPBCB0001078,OB_COOLING_BLOCK,1,20UPBGT0000974,OB_PG_TILE,1
389,20UPBBC0000974,OB_BARE_MODULE_CELL,20UPBCB0001079,OB_COOLING_BLOCK,1,20UPBGT0000975,OB_PG_TILE,1
390,20UPBBC0000975,OB_BARE_MODULE_CELL,20UPBCB0001080,OB_COOLING_BLOCK,1,20UPBGT0000976,OB_PG_TILE,1
391,20UPBBC0000976,OB_BARE_MODULE_CELL,20UPBCB0001081,OB_COOLING_BLOCK,1,20UPBGT0000977,OB_PG_TILE,1
392,20UPBBC0000977,OB_BARE_MODULE_CELL,20UPBCB0001082,OB_COOLING_BLOCK,1,20UPBGT0000978,OB_PG_TILE,1
393,20UPBBC0000978,OB_BARE_MODULE_CELL,20UPBCB0001083,OB_COOLING_BLOCK,1,20UPBGT0000979,OB_PG_TILE,1
394,20UPBBC0000979,OB_BARE_MODULE_CELL,20UPBCB0001084,OB_COOLING_BLOCK,1,20UPBGT0000980,OB_PG_TILE,1
395,20UPBBC0000980,OB_BARE_MODULE_CELL,20UPBCB0001085,OB_COOLING_BLOCK,1,20UPBGT0000981,OB_PG_TILE,1
396,20UPBBC0000981,OB_BARE_MODULE_CELL,20UPBCB0001086,OB_COOLING_BLOCK,1,20UPBGT0000982,OB_PG_TILE,1
397,20UPBBC0000982,OB_BARE_MODULE_CELL,20UPBCB0001087,OB_COOLING_BLOCK,1,20UPBGT0000983,OB_PG_TILE,1
398,20UPBBC0000983,OB_BARE_MODULE_CELL,20UPBCB0001088,OB_COOLING_BLOCK,1,20UPBGT0000984,OB_PG_TILE,1
399,20UPBBC0000984,OB_BARE_MODULE_CELL,20UPBCB0001089,OB_COOLING_BLOCK,1,20UPBGT0000985,OB_PG_TILE,1
400,20UPBBC0000985,OB_BARE_MODULE_CELL,20UPBCB0001090,OB_COOLING_BLOCK,1,20UPBGT0000986,OB_PG_TILE,1
401,20UPBBC0000986,OB_BARE_MODULE_CELL,20UPBCB0001091,OB_COOLING_BLOCK,1,20UPBGT0000987,OB_PG_TILE,1
402,20UPBBC0000987,OB_BARE_MODULE_CELL,20UPBCB0001092,OB_COOLING_BLOCK,1,20UPBGT0000988,OB_PG_TILE,1
403,20UPBBC0000988,OB_BARE_MODULE_CELL,20UPBCB0001093,OB_COOLING_BLOCK,1,20UPBGT0000989,OB_PG_TILE,1
404,20UPBBC0000989,OB_BARE_MODULE_CELL,20UPBCB0001094,OB_COOLING_BLOCK,1,20UPBGT0000990,OB_PG_TILE,1
405,20UPBBC0000990,OB_BARE_MODULE_CELL,20UPBCB0001095,OB_COOLING_BLOCK,1,20UPBGT0000991,OB_PG_TILE,1
406,20UPBBC0000991,OB_BARE_MODULE_CELL,20UPBCB0001096,OB_COOLING_BLOCK,1,20UPBGT0000992,OB_PG_TILE,1
407,20UPBBC0000992,OB_BARE_MODULE_CELL,20UPBCB0001097,OB_COOLING_BLOCK,1,20UPBGT0000993,OB_PG_TILE,1
408,20UPBBC0000993,OB_BARE_MODULE_CELL,20UPBCB0001098,OB_COOLING_BLOCK,1,20UPBGT0000994,OB_PG_TILE,1
409,20UPBBC0000994,OB_BARE_MODULE_CELL,20UPBCB0001099,OB_COOLING_BLOCK,1,20UPBGT0000995,OB_PG_TILE,1
410,20UPBBC0000995,OB_BARE_MODULE_CELL,20UPBCB0001100,OB_COOLING_BLOCK,1,20UPBGT0000996,OB_PG_TILE,1
411,20UPBBC0000996,OB_BARE_MODULE_CELL,20UPBCB0001101,OB_COOLING_BLOCK,1,20UPBGT0000997,OB_PG_TILE,1
412,20UPBBC0000997,OB_BARE_MODULE_CELL,20UPBCB0001102,OB_COOLING_BLOCK,1,20UPBGT0000998,OB_PG_TILE,1
413,20UPBBC0000998,OB_BARE_MODULE_CELL,20UPBCB0001103,OB_COOLING_BLOCK,1,20UPBGT0000999,OB_PG_TILE,1
414,20UPBBC0000999,OB_BARE_MODULE_CELL,20UPBCB0001104,OB_COOLING_BLOCK,1,20UPBGT0001000,OB_PG_TILE,1
415,20UPBBC0001000,OB_BARE_MODULE_CELL,20UPBCB0001105,OB_COOLING_BLOCK,1,20UPBGT0001001,OB_PG_TILE,1
416,20UPBBC0001001,OB_BARE_MODULE_CELL,20UPBCB0001106,OB_COOLING_BLOCK,1,20UPBGT0001002,OB_PG_TILE,1
417,20UPBBC0001002,OB_BARE_MODULE_CELL,20UPBCB0001107,OB_COOLING_BLOCK,1,20UPBGT0001003,OB_PG_TILE,1
418,20UPBBC0001003,OB_BARE_MODULE_CELL,20UPBCB0001108,OB_COOLING_BLOCK,1,20UPBGT0001004,OB_PG_TILE,1
419,20UPBBC0001004,OB_BARE_MODULE_CELL,20UPBCB0001109,OB_COOLING_BLOCK,1,20UPBGT0001005,OB_PG_TILE,1
420,20UPBBC0001005,OB_BARE_MODULE_CELL,20UPBCB0001110,OB_COOLING_BLOCK,1,20UPBGT0001006,OB_PG_TILE,1
421,20UPBBC0001006,OB_BARE_MODULE_CELL,20UPBCB0001111,OB_COOLING_BLOCK,1,20UPBGT0001007,OB_PG_TILE,1
422,20UPBBC0001007,OB_BARE_MODULE_CELL,20UPBCB0001112,OB_COOLING_BLOCK,1,20UPBGT0001008,OB_PG_TILE,1
423,20UPBBC0001008,OB_BARE_MODULE_CELL,20UPBCB0001113,OB_COOLING_BLOCK,1,20UPBGT0001009,OB_PG_TILE,1
424,20UPBBC0001009,OB_BARE_MODULE_CELL,20UPBCB0001114,OB_COOLING_BLOCK,1,20UPBGT0001010,OB_PG_TILE,1
425,20UPBBC0001010,OB_BARE_MODULE_CELL,20UPBCB0001115,OB_COOLING_BLOCK,1,20UPBGT0001011,OB_PG_TILE,1
426,20UPBBC0001011,OB_BARE_MODULE_CELL,20UPBCB0001116,OB_COOLING_BLOCK,1,20UPBGT0001012,OB_PG_TILE,1
427,20UPBBC0001012,OB_BARE_MODULE_CELL,20UPBCB0001117,OB_COOLING_BLOCK,1,20UPBGT0001013,OB_PG_TILE,1
428,20UPBBC0001013,OB_BARE_MODULE_CELL,20UPBCB0001118,OB_COOLING_BLOCK,1,20UPBGT0001014,OB_PG_TILE,1
429,20UPBBC0001014,OB_BARE_MODULE_CELL,20UPBCB0001119,OB_COOLING_BLOCK,1,20UPBGT0001015,OB_PG_TILE,1
430,20UPBBC0001015,OB_BARE_MODULE_CELL,20UPBCB0001120,OB_COOLING_BLOCK,1,20UPBGT0001016,OB_PG_TILE,1
431,20UPBBC0001016,OB_BARE_MODULE_CELL,20UPBCB0001121,OB_COOLING_BLOCK,1,20UPBGT0001017,OB_PG_TILE,1
432,20UPBBC0001017,OB_BARE_MODULE_CELL,20UPBCB0001122,OB_COOLING_BLOCK,1,20UPBGT0001018,OB_PG_TILE,1
433,20UPBBC0001018,OB_BARE_MODULE_CELL,20UPBCB0001123,OB_COOLING_BLOCK,1,20UPBGT0001019,OB_PG_TILE,1
434,20UPBBC0001019,OB_BARE_MODULE_CELL,20UPBCB0001124,OB_COOLING_BLOCK,1,20UPBGT0001020,OB_PG_TILE,1
435,20UPBBC0001020,OB_BARE_MODULE_CELL,20UPBCB0001125,OB_COOLING_BLOCK,1,20UPBGT0001021,OB_PG_TILE,1
436,20UPBBC0001021,OB_BARE_MODULE_CELL,20UPBCB0001126,OB_COOLING_BLOCK,1,20UPBGT0001022,OB_PG_TILE,1
437,20UPBBC0001022,OB_BARE_MODULE_CELL,20UPBCB0001127,OB_COOLING_BLOCK,1,20UPBGT0001023,OB_PG_TILE,1
438,20UPBBC0001023,OB_BARE_MODULE_CELL,20UPBCB0001128,OB_COOLING_BLOCK,1,20UPBGT0001024,OB_PG_TILE,1
439,20UPBBC0001024,OB_BARE_MODULE_CELL,20UPBCB0001129,OB_COOLING_BLOCK,1,20UPBGT0001025,OB_PG_TILE,1
440,20UPBBC0001025,OB_BARE_MODULE_CELL,20UPBCB0001130,OB_COOLING_BLOCK,1,20UPBGT0001026,OB_PG_TILE,1
441,20UPBBC0001026,OB_BARE_MODULE_CELL,20UPBCB0001131,OB_COOLING_BLOCK,1,20UPBGT0001027,OB_PG_TILE,1
442,20UPBBC0001027,OB_BARE_MODULE_CELL,20UPBCB0001132,OB_COOLING_BLOCK,1,20UPBGT0001028,OB_PG_TILE,1
443,20UPBBC0001028,OB_BARE_MODULE_CELL,20UPBCB0001133,OB_COOLING_BLOCK,1,20UPBGT0001029,OB_PG_TILE,1
444,20UPBBC0001029,OB_BARE_MODULE_CELL,20UPBCB0001134,OB_COOLING_BLOCK,1,20UPBGT0001030,OB_PG_TILE,1
445,20UPBBC0001030,OB_BARE_MODULE_CELL,20UPBCB0001135,OB_COOLING_BLOCK,1,20UPBGT0001031,OB_PG_TILE,1
446,20UPBBC0001031,OB_BARE_MODULE_CELL,20UPBCB0001136,OB_COOLING_BLOCK,1,20UPBGT0001032,OB_PG_TILE,1
447,20UPBBC0001032,OB_BARE_MODULE_CELL,20UPBCB0001137,OB_COOLING_BLOCK,1,20UPBGT0001033,OB_PG_TILE,1
448,20UPBBC0001033,OB_BARE_MODULE_CELL,20UPBCB0001138,OB_COOLING_BLOCK,1,20UPBGT0001034,OB_PG_TILE,1
449,20UPBBC0001034,OB_BARE_MODULE_CELL,20UPBCB0001139,OB_COOLING_BLOCK,1,20UPBGT0001035,OB_PG_TILE,1
450,20UPBBC0001035,OB_BARE_MODULE_CELL,20UPBCB0001140,OB_COOLING_BLOCK,1,20UPBGT0001036,OB_PG_TILE,1
451,20UPBBC0001036,OB_BARE_MODULE_CELL,20UPBCB0001141,OB_COOLING_BLOCK,1,20UPBGT0001037,OB_PG_TILE,1
452,20UPBBC0001037,OB_BARE_MODULE_CELL,20UPBCB0001142,OB_COOLING_BLOCK,1,20UPBGT0001038,OB_PG_TILE,1
453,20UPBBC0001038,OB_BARE_MODULE_CELL,20UPBCB0001143,OB_COOLING_BLOCK,1,20UPBGT0001039,OB_PG_TILE,1
454,20UPBBC0001039,OB_BARE_MODULE_CELL,20UPBCB0001144,OB_COOLING_BLOCK,1,20UPBGT0001040,OB_PG_TILE,1
455,20UPBBC0001040,OB_BARE_MODULE_CELL,20UPBCB0001145,OB_COOLING_BLOCK,1,20UPBGT0001041,OB_PG_TILE,1
456,20UPBBC0001041,OB_BARE_MODULE_CELL,20UPBCB0001146,OB_COOLING_BLOCK,1,20UPBGT0001042,OB_PG_TILE,1
457,20UPBBC0001042,OB_BARE_MODULE_CELL,20UPBCB0001147,OB_COOLING_BLOCK,1,20UPBGT0001043,OB_PG_TILE,1
458,20UPBBC0001043,OB_BARE_MODULE_CELL,20UPBCB0001148,OB_COOLING_BLOCK,1,20UPBGT0001044,OB_PG_TILE,1
459,20UPBBC0001044,OB_BARE_MODULE_CELL,20UPBCB0001149,OB_COOLING_BLOCK,1,20UPBGT0001045,OB_PG_TILE,1
460,20UPBBC0001045,OB_BARE_MODULE_CELL,20UPBCB0001150,OB_COOLING_BLOCK,1,20UPBGT0001046,OB_PG_TILE,1
461,20UPBBC0001046,OB_BARE_MODULE_CELL,20UPBCB0001151,OB_COOLING_BLOCK,1,20UPBGT0001047,OB_PG_TILE,1
462,20UPBBC0001047,OB_BARE_MODULE_CELL,20UPBCB0001152,OB_COOLING_BLOCK,1,20UPBGT0001048,OB_PG_TILE,1
463,20UPBBC0001048,OB_BARE_MODULE_CELL,20UPBCB0001153,OB_COOLING_BLOCK,1,20UPBGT0001049,OB_PG_TILE,1
464,20UPBBC0001049,OB_BARE_MODULE_CELL,20UPBCB0001154,OB_COOLING_BLOCK,1,20UPBGT0001050,OB_PG_TILE,1
465,20UPBBC0001050,OB_BARE_MODULE_CELL,20UPBCB0001155,OB_COOLING_BLOCK,1,20UPBGT0001051,OB_PG_TILE,1
466,20UPBBC0001051,OB_BARE_MODULE_CELL,20UPBCB0001156,OB_COOLING_BLOCK,1,20UPBGT0001052,OB_PG_TILE,1
467,20UPBBC0001052,OB_BARE_MODULE_CELL,20UPBCB0001157,OB_COOLING_BLOCK,1,20UPBGT0001053,OB_PG_TILE,1
468,20UPBBC0001053,OB_BARE_MODULE_CELL,20UPBCB0001158,OB_COOLING_BLOCK,1,20UPBGT0001054,OB_PG_TILE,1
469,20UPBBC0001054,OB_BARE_MODULE_CELL,20UPBCB0001159,OB_COOLING_BLOCK,1,20UPBGT0001055,OB_PG_TILE,1
470,20UPBBC0001055,OB_BARE_MODULE_CELL,20UPBCB0001160,OB_COOLING_BLOCK,1,20UPBGT0001056,OB_PG_TILE,1
471,20UPBBC0001056,OB_BARE_MODULE_CELL,20UPBCB0001161,OB_COOLING_BLOCK,1,20UPBGT0001057,OB_PG_TILE,1
472,20UPBBC0001057,OB_BARE_MODULE_CELL,20UPBCB0001162,OB_COOLING_BLOCK,1,20UPBGT0001058,OB_PG_TILE,1
473,20UPBBC0001058,OB_BARE_MODULE_CELL,20UPBCB0001163,OB_COOLING_BLOCK,1,20UPBGT0001059,OB_PG_TILE,1
474,20UPBBC0001059,OB_BARE_MODULE_CELL,20UPBCB0001164,OB_COOLING_BLOCK,1,20UPBGT0001060,OB_PG_TILE,1
475,20UPBBC0001060,OB_BARE_MODULE_CELL,20UPBCB0001165,OB_COOLING_BLOCK,1,20UPBGT0001061,OB_PG_TILE,1
476,20UPBBC0001061,OB_BARE_MODULE_CELL,20UPBCB0001166,OB_COOLING_BLOCK,1,20UPBGT0001062,OB_PG_TILE,1
477,20UPBBC0001062,OB_BARE_MODULE_CELL,20UPBCB0001167,OB_COOLING_BLOCK,1,20UPBGT0001063,OB_PG_TILE,1
478,20UPBBC0001063,OB_BARE_MODULE_CELL,20UPBCB0001168,OB_COOLING_BLOCK,1,20UPBGT0001064,OB_PG_TILE,1
479,20UPBBC0001064,OB_BARE_MODULE_CELL,20UPBCB0001169,OB_COOLING_BLOCK,1,20UPBGT0001065,OB_PG_TILE,1
480,20UPBBC0001065,OB_BARE_MODULE_CELL,20UPBCB0001170,OB_COOLING_BLOCK,1,20UPBGT0001066,OB_PG_TILE,1
481,20UPBBC0001066,OB_BARE_MODULE_CELL,20UPBCB0001171,OB_COOLING_BLOCK,1,20UPBGT0001067,OB_PG_TILE,1
482,20UPBBC0001067,OB_BARE_MODULE_CELL,20UPBCB0001172,OB_COOLING_BLOCK,1,20UPBGT0001068,OB_PG_TILE,1
483,20UPBBC0001068,OB_BARE_MODULE_CELL,20UPBCB0001173,OB_COOLING_BLOCK,1,20UPBGT0001069,OB_PG_TILE,1
484,20UPBBC0001069,OB_BARE_MODULE_CELL,20UPBCB0001174,OB_COOLING_BLOCK,1,20UPBGT0001070,OB_PG_TILE,1
485,20UPBBC0001070,OB_BARE_MODULE_CELL,20UPBCB0001175,OB_COOLING_BLOCK,1,20UPBGT0001071,OB_PG_TILE,1
486,20UPBBC0001071,OB_BARE_MODULE_CELL,20UPBCB0001176,OB_COOLING_BLOCK,1,20UPBGT0001072,OB_PG_TILE,1
487,20UPBBC0001072,OB_BARE_MODULE_CELL,20UPBCB0001177,OB_COOLING_BLOCK,1,20UPBGT0001073,OB_PG_TILE,1
488,20UPBBC0001073,OB_BARE_MODULE_CELL,20UPBCB0001178,OB_COOLING_BLOCK,1,20UPBGT0001074,OB_PG_TILE,1
489,20UPBBC0001074,OB_BARE_MODULE_CELL,20UPBCB0001179,OB_COOLING_BLOCK,1,20UPBGT0001075,OB_PG_TILE,1
490,20UPBBC0001075,OB_BARE_MODULE_CELL,20UPBCB0001180,OB_COOLING_BLOCK,1,20UPBGT0001076,OB_PG_TILE,1
491,20UPBBC0001076,OB_BARE_MODULE_CELL,20UPBCB0001181,OB_COOLING_BLOCK,1,20UPBGT0001077,OB_PG_TILE,1
492,20UPBBC0001077,OB_BARE_MODULE_CELL,20UPBCB0001182,OB_COOLING_BLOCK,1,20UPBGT0001078,OB_PG_TILE,1
493,20UPBBC0001078,OB_BARE_MODULE_CELL,20UPBCB0001183,OB_COOLING_BLOCK,1,20UPBGT0001079,OB_PG_TILE,1
494,20UPBBC0001079,OB_BARE_MODULE_CELL,20UPBCB0001184,OB_COOLING_BLOCK,1,20UPBGT0001080,OB_PG_TILE,1
495,20UPBBC0001080,OB_BARE_MODULE_CELL,20UPBCB0001185,OB_COOLING_BLOCK,1,20UPBGT0001081,OB_PG_TILE,1
496,20UPBBC0001081,OB_BARE_MODULE_CELL,20UPBCB0001186,OB_COOLING_BLOCK,1,20UPBGT0001082,OB_PG_TILE,1
497,20UPBBC0001082,OB_BARE_MODULE_CELL,20UPBCB0001187,OB_COOLING_BLOCK,1,20UPBGT0001083,OB_PG_TILE,1
498,20UPBBC0001083,OB_BARE_MODULE_CELL,20UPBCB0001188,OB_COOLING_BLOCK,1,20UPBGT0001084,OB_PG_TILE,1
499,20UPBBC0001084,OB_BARE_MODULE_CELL,20UPBCB0001189,OB_COOLING_BLOCK,1,20UPBGT0001085,OB_PG_TILE,1
500,20UPBBC0001085,OB_BARE_MODULE_CELL,20UPBCB0001190,OB_COOLING_BLOCK,1,20UPBGT0001086,OB_PG_TILE,1
501,20UPBBC0001086,OB_BARE_MODULE_CELL,20UPBCB0001191,OB_COOLING_BLOCK,1,20UPBGT0001087,OB_PG_TILE,1
502,20UPBBC0001087,OB_BARE_MODULE_CELL,20UPBCB0001192,OB_COOLING_BLOCK,1,20UPBGT0001088,OB_PG_TILE,1
503,20UPBBC0001088,OB_BARE_MODULE_CELL,20UPBCB0001193,OB_COOLING_BLOCK,1,20UPBGT0001089,OB_PG_TILE,1
504,20UPBBC0001089,OB_BARE_MODULE_CELL,20UPBCB0001194,OB_COOLING_BLOCK,1,20UPBGT0001090,OB_PG_TILE,1
505,20UPBBC0001090,OB_BARE_MODULE_CELL,20UPBCB0001195,OB_COOLING_BLOCK,1,20UPBGT0001091,OB_PG_TILE,1
506,20UPBBC0001091,OB_BARE_MODULE_CELL,20UPBCB0001196,OB_COOLING_BLOCK,1,20UPBGT0001092,OB_PG_TILE,1
507,20UPBBC0001092,OB_BARE_MODULE_CELL,20UPBCB0001197,OB_COOLING_BLOCK,1,20UPBGT0001093,OB_PG_TILE,1
508,20UPBBC0001093,OB_BARE_MODULE_CELL,20UPBCB0001198,OB_COOLING_BLOCK,1,20UPBGT0001094,OB_PG_TILE,1
509,20UPBBC0001094,OB_BARE_MODULE_CELL,20UPBCB0001199,OB_COOLING_BLOCK,1,20UPBGT0001095,OB_PG_TILE,1
510,20UPBBC0001095,OB_BARE_MODULE_CELL,20UPBCB0001200,OB_COOLING_BLOCK,1,20UPBGT0001096,OB_PG_TILE,1
511,20UPBBC0001096,OB_BARE_MODULE_CELL,20UPBCB0001201,OB_COOLING_BLOCK,1,20UPBGT0001097,OB_PG_TILE,1
512,20UPBBC0001097,OB_BARE_MODULE_CELL,20UPBCB0001202,OB_COOLING_BLOCK,1,20UPBGT0001098,OB_PG_TILE,1
513,20UPBBC0001098,OB_BARE_MODULE_CELL,20UPBCB0001203,OB_COOLING_BLOCK,1,20UPBGT0001099,OB_PG_TILE,1
514,20UPBBC0001099,OB_BARE_MODULE_CELL,20UPBCB0001204,OB_COOLING_BLOCK,1,20UPBGT0001100,OB_PG_TILE,1
515,20UPBBC0001100,OB_BARE_MODULE_CELL,20UPBCB0001205,OB_COOLING_BLOCK,1,20UPBGT0001101,OB_PG_TILE,1
516,20UPBBC0001101,OB_BARE_MODULE_CELL,20UPBCB0001206,OB_COOLING_BLOCK,1,20UPBGT0001102,OB_PG_TILE,1
517,20UPBBC0001102,OB_BARE_MODULE_CELL,20UPBCB0001207,OB_COOLING_BLOCK,1,20UPBGT0001103,OB_PG_TILE,1
518,20UPBBC0001103,OB_BARE_MODULE_CELL,20UPBCB0001208,OB_COOLING_BLOCK,1,20UPBGT0001104,OB_PG_TILE,1
519,20UPBBC0001104,OB_BARE_MODULE_CELL,20UPBCB0001209,OB_COOLING_BLOCK,1,20UPBGT0001105,OB_PG_TILE,1
520,20UPBBC0001105,OB_BARE_MODULE_CELL,20UPBCB0001210,OB_COOLING_BLOCK,1,20UPBGT0001106,OB_PG_TILE,1
521,20UPBBC0001106,OB_BARE_MODULE_CELL,20UPBCB0001211,OB_COOLING_BLOCK,1,20UPBGT0001107,OB_PG_TILE,1
522,20UPBBC0001107,OB_BARE_MODULE_CELL,20UPBCB0001212,OB_COOLING_BLOCK,1,20UPBGT0001108,OB_PG_TILE,1
523,20UPBBC0001108,OB_BARE_MODULE_CELL,20UPBCB0001213,OB_COOLING_BLOCK,1,20UPBGT0001109,OB_PG_TILE,1
524,20UPBBC0001109,OB_BARE_MODULE_CELL,20UPBCB0001214,OB_COOLING_BLOCK,1,20UPBGT0001110,OB_PG_TILE,1
525,20UPBBC0001110,OB_BARE_MODULE_CELL,20UPBCB0001215,OB_COOLING_BLOCK,1,20UPBGT0001111,OB_PG_TILE,1
526,20UPBBC0001111,OB_BARE_MODULE_CELL,20UPBCB0001216,OB_COOLING_BLOCK,1,20UPBGT0001112,OB_PG_TILE,1
527,20UPBBC0001112,OB_BARE_MODULE_CELL,20UPBCB0001217,OB_COOLING_BLOCK,1,20UPBGT0001113,OB_PG_TILE,1
528,20UPBBC0001113,OB_BARE_MODULE_CELL,20UPBCB0001218,OB_COOLING_BLOCK,1,20UPBGT0001114,OB_PG_TILE,1
529,20UPBBC0001114,OB_BARE_MODULE_CELL,20UPBCB0001219,OB_COOLING_BLOCK,1,20UPBGT0001115,OB_PG_TILE,1
530,20UPBBC0001115,OB_BARE_MODULE_CELL,20UPBCB0001220,OB_COOLING_BLOCK,1,20UPBGT0001116,OB_PG_TILE,1
531,20UPBBC0001116,OB_BARE_MODULE_CELL,20UPBCB0001221,OB_COOLING_BLOCK,1,20UPBGT0001117,OB_PG_TILE,1
532,20UPBBC0001117,OB_BARE_MODULE_CELL,20UPBCB0001222,OB_COOLING_BLOCK,1,20UPBGT0001118,OB_PG_TILE,1
533,20UPBBC0001118,OB_BARE_MODULE_CELL,20UPBCB0001223,OB_COOLING_BLOCK,1,20UPBGT0001119,OB_PG_TILE,1
534,20UPBBC0001119,OB_BARE_MODULE_CELL,20UPBCB0001224,OB_COOLING_BLOCK,1,20UPBGT0001120,OB_PG_TILE,1
535,20UPBBC0001120,OB_BARE_MODULE_CELL,20UPBCB0001225,OB_COOLING_BLOCK,1,20UPBGT0001121,OB_PG_TILE,1
536,20UPBBC0001121,OB_BARE_MODULE_CELL,20UPBCB0001226,OB_COOLING_BLOCK,1,20UPBGT0001122,OB_PG_TILE,1
537,20UPBBC0001122,OB_BARE_MODULE_CELL,20UPBCB0001227,OB_COOLING_BLOCK,1,20UPBGT0001123,OB_PG_TILE,1
538,20UPBBC0001123,OB_BARE_MODULE_CELL,20UPBCB0001228,OB_COOLING_BLOCK,1,20UPBGT0001124,OB_PG_TILE,1
539,20UPBBC0001124,OB_BARE_MODULE_CELL,20UPBCB0001229,OB_COOLING_BLOCK,1,20UPBGT0001125,OB_PG_TILE,1
540,20UPBBC0001125,OB_BARE_MODULE_CELL,20UPBCB0001230,OB_COOLING_BLOCK,1,20UPBGT0001126,OB_PG_TILE,1
541,20UPBBC0001126,OB_BARE_MODULE_CELL,20UPBCB0001231,OB_COOLING_BLOCK,1,20UPBGT0001127,OB_PG_TILE,1
542,20UPBBC0001127,OB_BARE_MODULE_CELL,20UPBCB0001232,OB_COOLING_BLOCK,1,20UPBGT0001128,OB_PG_TILE,1
543,20UPBBC0001128,OB_BARE_MODULE_CELL,20UPBCB0001233,OB_COOLING_BLOCK,1,20UPBGT0001129,OB_PG_TILE,1
544,20UPBBC0001129,OB_BARE_MODULE_CELL,20UPBCB0001234,OB_COOLING_BLOCK,1,20UPBGT0001130,OB_PG_TILE,1
545,20UPBBC0001130,OB_BARE_MODULE_CELL,20UPBCB0001235,OB_COOLING_BLOCK,1,20UPBGT0001131,OB_PG_TILE,1
546,20UPBBC0001131,OB_BARE_MODULE_CELL,20UPBCB0001236,OB_COOLING_BLOCK,1,20UPBGT0001132,OB_PG_TILE,1
547,20UPBBC0001132,OB_BARE_MODULE_CELL,20UPBCB0001237,OB_COOLING_BLOCK,1,20UPBGT0001133,OB_PG_TILE,1
548,20UPBBC0001133,OB_BARE_MODULE_CELL,20UPBCB0001238,OB_COOLING_BLOCK,1,20UPBGT0001134,OB_PG_TILE,1
549,20UPBBC0001134,OB_BARE_MODULE_CELL,20UPBCB0001239,OB_COOLING_BLOCK,1,20UPBGT0001135,OB_PG_TILE,1
550,20UPBBC0001135,OB_BARE_MODULE_CELL,20UPBCB0001240,OB_COOLING_BLOCK,1,20UPBGT0001136,OB_PG_TILE,1
551,20UPBBC0001136,OB_BARE_MODULE_CELL,20UPBCB0001241,OB_COOLING_BLOCK,1,20UPBGT0001137,OB_PG_TILE,1
552,20UPBBC0001137,OB_BARE_MODULE_CELL,20UPBCB0001242,OB_COOLING_BLOCK,1,20UPBGT0001138,OB_PG_TILE,1
553,20UPBBC0001138,OB_BARE_MODULE_CELL,20UPBCB0001243,OB_COOLING_BLOCK,1,20UPBGT0001139,OB_PG_TILE,1
554,20UPBBC0001139,OB_BARE_MODULE_CELL,20UPBCB0001244,OB_COOLING_BLOCK,1,20UPBGT0001140,OB_PG_TILE,1
555,20UPBBC0001140,OB_BARE_MODULE_CELL,20UPBCB0001245,OB_COOLING_BLOCK,1,20UPBGT0001141,OB_PG_TILE,1
556,20UPBBC0001141,OB_BARE_MODULE_CELL,20UPBCB0001246,OB_COOLING_BLOCK,1,20UPBGT0001142,OB_PG_TILE,1
557,20UPBBC0001142,OB_BARE_MODULE_CELL,20UPBCB0001247,OB_COOLING_BLOCK,1,20UPBGT0001143,OB_PG_TILE,1
558,20UPBBC0001143,OB_BARE_MODULE_CELL,20UPBCB0001248,OB_COOLING_BLOCK,1,20UPBGT0001144,OB_PG_TILE,1
559,20UPBBC0001144,OB_BARE_MODULE_CELL,20UPBCB0001249,OB_COOLING_BLOCK,1,20UPBGT0001145,OB_PG_TILE,1
560,20UPBBC0001145,OB_BARE_MODULE_CELL,20UPBCB0001250,OB_COOLING_BLOCK,1,20UPBGT0001146,OB_PG_TILE,1
561,20UPBBC0001146,OB_BARE_MODULE_CELL,20UPBCB0001251,OB_COOLING_BLOCK,1,20UPBGT0001147,OB_PG_TILE,1
562,20UPBBC0001147,OB_BARE_MODULE_CELL,20UPBCB0001252,OB_COOLING_BLOCK,1,20UPBGT0001148,OB_PG_TILE,1
563,20UPBBC0001148,OB_BARE_MODULE_CELL,20UPBCB0001253,OB_COOLING_BLOCK,1,20UPBGT0001149,OB_PG_TILE,1
564,20UPBBC0001149,OB_BARE_MODULE_CELL,20UPBCB0001254,OB_COOLING_BLOCK,1,20UPBGT0001150,OB_PG_TILE,1
565,20UPBBC0001150,OB_BARE_MODULE_CELL,20UPBCB0001255,OB_COOLING_BLOCK,1,20UPBGT0001151,OB_PG_TILE,1
566,20UPBBC0001151,OB_BARE_MODULE_CELL,20UPBCB0001256,OB_COOLING_BLOCK,1,20UPBGT0001152,OB_PG_TILE,1
567,20UPBBC0001152,OB_BARE_MODULE_CELL,20UPBCB0001257,OB_COOLING_BLOCK,1,20UPBGT0001153,OB_PG_TILE,1
568,20UPBBC0001153,OB_BARE_MODULE_CELL,20UPBCB0001258,OB_COOLING_BLOCK,1,20UPBGT0001154,OB_PG_TILE,1
569,20UPBBC0001154,OB_BARE_MODULE_CELL,20UPBCB0001259,OB_COOLING_BLOCK,1,20UPBGT0001155,OB_PG_TILE,1
570,20UPBBC0001155,OB_BARE_MODULE_CELL,20UPBCB0001260,OB_COOLING_BLOCK,1,20UPBGT0001156,OB_PG_TILE,1
571,20UPBBC0001156,OB_BARE_MODULE_CELL,20UPBCB0001261,OB_COOLING_BLOCK,1,20UPBGT0001157,OB_PG_TILE,1
572,20UPBBC0001157,OB_BARE_MODULE_CELL,20UPBCB0001262,OB_COOLING_BLOCK,1,20UPBGT0001158,OB_PG_TILE,1
573,20UPBBC0001158,OB_BARE_MODULE_CELL,20UPBCB0001263,OB_COOLING_BLOCK,1,20UPBGT0001159,OB_PG_TILE,1
574,20UPBBC0001159,OB_BARE_MODULE_CELL,20UPBCB0001264,OB_COOLING_BLOCK,1,20UPBGT0001160,OB_PG_TILE,1
575,20UPBBC0001160,OB_BARE_MODULE_CELL,20UPBCB0001265,OB_COOLING_BLOCK,1,20UPBGT0001161,OB_PG_TILE,1
576,20UPBBC0001161,OB_BARE_MODULE_CELL,20UPBCB0001266,OB_COOLING_BLOCK,1,20UPBGT0001162,OB_PG_TILE,1
577,20UPBBC0001162,OB_BARE_MODULE_CELL,20UPBCB0001267,OB_COOLING_BLOCK,1,20UPBGT0001163,OB_PG_TILE,1
578,20UPBBC0001163,OB_BARE_MODULE_CELL,20UPBCB0001268,OB_COOLING_BLOCK,1,20UPBGT0001164,OB_PG_TILE,1
579,20UPBBC0001164,OB_BARE_MODULE_CELL,20UPBCB0001269,OB_COOLING_BLOCK,1,20UPBGT0001165,OB_PG_TILE,1
580,20UPBBC0001165,OB_BARE_MODULE_CELL,20UPBCB0001270,OB_COOLING_BLOCK,1,20UPBGT0001166,OB_PG_TILE,1
581,20UPBBC0001166,OB_BARE_MODULE_CELL,20UPBCB0001271,OB_COOLING_BLOCK,1,20UPBGT0001167,OB_PG_TILE,1
582,20UPBBC0001167,OB_BARE_MODULE_CELL,20UPBCB0001272,OB_COOLING_BLOCK,1,20UPBGT0001168,OB_PG_TILE,1
583,20UPBBC0001168,OB_BARE_MODULE_CELL,20UPBCB0001273,OB_COOLING_BLOCK,1,20UPBGT0001169,OB_PG_TILE,1
584,20UPBBC0001169,OB_BARE_MODULE_CELL,20UPBCB0001274,OB_COOLING_BLOCK,1,20UPBGT0001170,OB_PG_TILE,1
585,20UPBBC0001170,OB_BARE_MODULE_CELL,20UPBCB0001275,OB_COOLING_BLOCK,1,20UPBGT0001171,OB_PG_TILE,1
586,20UPBBC0001171,OB_BARE_MODULE_CELL,20UPBCB0001276,OB_COOLING_BLOCK,1,20UPBGT0001172,OB_PG_TILE,1
587,20UPBBC0001172,OB_BARE_MODULE_CELL,20UPBCB0001277,OB_COOLING_BLOCK,1,20UPBGT0001173,OB_PG_TILE,1
588,20UPBBC0001173,OB_BARE_MODULE_CELL,20UPBCB0001278,OB_COOLING_BLOCK,1,20UPBGT0001174,OB_PG_TILE,1
589,20UPBBC0001174,OB_BARE_MODULE_CELL,20UPBCB0001279,OB_COOLING_BLOCK,1,20UPBGT0001175,OB_PG_TILE,1
590,20UPBBC0001175,OB_BARE_MODULE_CELL,20UPBCB0001280,OB_COOLING_BLOCK,1,20UPBGT0001176,OB_PG_TILE,1
591,20UPBBC0001176,OB_BARE_MODULE_CELL,20UPBCB0001281,OB_COOLING_BLOCK,1,20UPBGT0001177,OB_PG_TILE,1
592,20UPBBC0001177,OB_BARE_MODULE_CELL,20UPBCB0001282,OB_COOLING_BLOCK,1,20UPBGT0001178,OB_PG_TILE,1
593,20UPBBC0001178,OB_BARE_MODULE_CELL,20UPBCB0001283,OB_COOLING_BLOCK,1,20UPBGT0001179,OB_PG_TILE,1
594,20UPBBC0001179,OB_BARE_MODULE_CELL,20UPBCB0001284,OB_COOLING_BLOCK,1,20UPBGT0001180,OB_PG_TILE,1
595,20UPBBC0001180,OB_BARE_MODULE_CELL,20UPBCB0001285,OB_COOLING_BLOCK,1,20UPBGT0001181,OB_PG_TILE,1
596,20UPBBC0001181,OB_BARE_MODULE_CELL,20UPBCB0001286,OB_COOLING_BLOCK,1,20UPBGT0001182,OB_PG_TILE,1
597,20UPBBC0001182,OB_BARE_MODULE_CELL,20UPBCB0001287,OB_COOLING_BLOCK,1,20UPBGT0001183,OB_PG_TILE,1
598,20UPBBC0001183,OB_BARE_MODULE_CELL,20UPBCB0001288,OB_COOLING_BLOCK,1,20UPBGT0001184,OB_PG_TILE,1
599,20UPBBC0001184,OB_BARE_MODULE_CELL,20UPBCB0001289,OB_COOLING_BLOCK,1,20UPBGT0001185,OB_PG_TILE,1
600,20UPBBC0001185,OB_BARE_MODULE_CELL,20UPBCB0001290,OB_COOLING_BLOCK,1,20UPBGT0001186,OB_PG_TILE,1
601,20UPBBC0001186,OB_BARE_MODULE_CELL,20UPBCB0001291,OB_COOLING_BLOCK,1,20UPBGT0001187,OB_PG_TILE,1
602,20UPBBC0001187,OB_BARE_MODULE_CELL,20UPBCB0001292,OB_COOLING_BLOCK,1,20UPBGT0001188,OB_PG_TILE,1
603,20UPBBC0001188,OB_BARE_MODULE_CELL,20UPBCB0001293,OB_COOLING_BLOCK,1,20UPBGT0001189,OB_PG_TILE,1
604,20UPBBC0001189,OB_BARE_MODULE_CELL,20UPBCB0001294,OB_COOLING_BLOCK,1,20UPBGT0001190,OB_PG_TILE,1
605,20UPBBC0001190,OB_BARE_MODULE_CELL,20UPBCB0001295,OB_COOLING_BLOCK,1,20UPBGT0001191,OB_PG_TILE,1
606,20UPBBC0001191,OB_BARE_MODULE_CELL,20UPBCB0001296,OB_COOLING_BLOCK,1,20UPBGT0001192,OB_PG_TILE,1
607,20UPBBC0001192,OB_BARE_MODULE_CELL,20UPBCB0001297,OB_COOLING_BLOCK,1,20UPBGT0001193,OB_PG_TILE,1
608,20UPBBC0001193,OB_BARE_MODULE_CELL,20UPBCB0001298,OB_COOLING_BLOCK,1,20UPBGT0001194,OB_PG_TILE,1
609,20UPBBC0001194,OB_BARE_MODULE_CELL,20UPBCB0001299,OB_COOLING_BLOCK,1,20UPBGT0001195,OB_PG_TILE,1
610,20UPBBC0001195,OB_BARE_MODULE_CELL,20UPBCB0001300,OB_COOLING_BLOCK,1,20UPBGT0001196,OB_PG_TILE,1
611,20UPBBC0001196,OB_BARE_MODULE_CELL,20UPBCB0001301,OB_COOLING_BLOCK,1,20UPBGT0001197,OB_PG_TILE,1
612,20UPBBC0001197,OB_BARE_MODULE_CELL,20UPBCB0001302,OB_COOLING_BLOCK,1,20UPBGT0001198,OB_PG_TILE,1
613,20UPBBC0001198,OB_BARE_MODULE_CELL,20UPBCB0001303,OB_COOLING_BLOCK,1,20UPBGT0001199,OB_PG_TILE,1
614,20UPBBC0001199,OB_BARE_MODULE_CELL,20UPBCB0001304,OB_COOLING_BLOCK,1,20UPBGT0001200,OB_PG_TILE,1
615,20UPBBC0001200,OB_BARE_MODULE_CELL,20UPBCB0001305,OB_COOLING_BLOCK,1,20UPBGT0001201,OB_PG_TILE,1
616,20UPBBC0001201,OB_BARE_MODULE_CELL,20UPBCB0001306,OB_COOLING_BLOCK,1,20UPBGT0001202,OB_PG_TILE,1
617,20UPBBC0001202,OB_BARE_MODULE_CELL,20UPBCB0001307,OB_COOLING_BLOCK,1,20UPBGT0001203,OB_PG_TILE,1
618,20UPBBC0001203,OB_BARE_MODULE_CELL,20UPBCB0001308,OB_COOLING_BLOCK,1,20UPBGT0001204,OB_PG_TILE,1
619,20UPBBC0001204,OB_BARE_MODULE_CELL,20UPBCB0001309,OB_COOLING_BLOCK,1,20UPBGT0001205,OB_PG_TILE,1
620,20UPBBC0001205,OB_BARE_MODULE_CELL,20UPBCB0001310,OB_COOLING_BLOCK,1,20UPBGT0001206,OB_PG_TILE,1
621,20UPBBC0001206,OB_BARE_MODULE_CELL,20UPBCB0001311,OB_COOLING_BLOCK,1,20UPBGT0001207,OB_PG_TILE,1
622,20UPBBC0001207,OB_BARE_MODULE_CELL,20UPBCB0001312,OB_COOLING_BLOCK,1,20UPBGT0001208,OB_PG_TILE,1
623,20UPBBC0001208,OB_BARE_MODULE_CELL,20UPBCB0001313,OB_COOLING_BLOCK,1,20UPBGT0001209,OB_PG_TILE,1
624,20UPBBC0001209,OB_BARE_MODULE_CELL,20UPBCB0001314,OB_COOLING_BLOCK,1,20UPBGT0001210,OB_PG_TILE,1
625,20UPBBC0001210,OB_BARE_MODULE_CELL,20UPBCB0001315,OB_COOLING_BLOCK,1,20UPBGT0001211,OB_PG_TILE,1
626,20UPBBC0001211,OB_BARE_MODULE_CELL,20UPBCB0001316,OB_COOLING_BLOCK,1,20UPBGT0001212,OB_PG_TILE,1
627,20UPBBC0001212,OB_BARE_MODULE_CELL,20UPBCB0001317,OB_COOLING_BLOCK,1,20UPBGT0001213,OB_PG_TILE,1
628,20UPBBC0001213,OB_BARE_MODULE_CELL,20UPBCB0001318,OB_COOLING_BLOCK,1,20UPBGT0001214,OB_PG_TILE,1
629,20UPBBC0001214,OB_BARE_MODULE_CELL,20UPBCB0001319,OB_COOLING_BLOCK,1,20UPBGT0001215,OB_PG_TILE,1
630,20UPBBC0001215,OB_BARE_MODULE_CELL,20UPBCB0001320,OB_COOLING_BLOCK,1,20UPBGT0001216,OB_PG_TILE,1
631,20UPBBC0001216,OB_BARE_MODULE_CELL,20UPBCB0001321,OB_COOLING_BLOCK,1,20UPBGT0001217,OB_PG_TILE,1
632,20UPBBC0001217,OB_BARE_MODULE_CELL,20UPBCB0001322,OB_COOLING_BLOCK,1,20UPBGT0001218,OB_PG_TILE,1
633,20UPBBC0001218,OB_BARE_MODULE_CELL,20UPBCB0001323,OB_COOLING_BLOCK,1,20UPBGT0001219,OB_PG_TILE,1
634,20UPBBC0001219,OB_BARE_MODULE_CELL,20UPBCB0001324,OB_COOLING_BLOCK,1,20UPBGT0001220,OB_PG_TILE,1
635,20UPBBC0001220,OB_BARE_MODULE_CELL,20UPBCB0001325,OB_COOLING_BLOCK,1,20UPBGT0001221,OB_PG_TILE,1
636,20UPBBC0001221,OB_BARE_MODULE_CELL,20UPBCB0001326,OB_COOLING_BLOCK,1,20UPBGT0001222,OB_PG_TILE,1
637,20UPBBC0001222,OB_BARE_MODULE_CELL,20UPBCB0001327,OB_COOLING_BLOCK,1,20UPBGT0001223,OB_PG_TILE,1
638,20UPBBC0001223,OB_BARE_MODULE_CELL,20UPBCB0001328,OB_COOLING_BLOCK,1,20UPBGT0001224,OB_PG_TILE,1
639,20UPBBC0001224,OB_BARE_MODULE_CELL,20UPBCB0001329,OB_COOLING_BLOCK,1,20UPBGT0001225,OB_PG_TILE,1
640,20UPBBC0001225,OB_BARE_MODULE_CELL,20UPBCB0001330,OB_COOLING_BLOCK,1,20UPBGT0001226,OB_PG_TILE,1
641,20UPBBC0001226,OB_BARE_MODULE_CELL,20UPBCB0001331,OB_COOLING_BLOCK,1,20UPBGT0001227,OB_PG_TILE,1
642,20UPBBC0001227,OB_BARE_MODULE_CELL,20UPBCB0001332,OB_COOLING_BLOCK,1,20UPBGT0001228,OB_PG_TILE,1
643,20UPBBC0001228,OB_BARE_MODULE_CELL,20UPBCB0001333,OB_COOLING_BLOCK,1,20UPBGT0001229,OB_PG_TILE,1
644,20UPBBC0001229,OB_BARE_MODULE_CELL,20UPBCB0001334,OB_COOLING_BLOCK,1,20UPBGT0001230,OB_PG_TILE,1
645,20UPBBC0001230,OB_BARE_MODULE_CELL,20UPBCB0001335,OB_COOLING_BLOCK,1,20UPBGT0001231,OB_PG_TILE,1
646,20UPBBC0001231,OB_BARE_MODULE_CELL,20UPBCB0001336,OB_COOLING_BLOCK,1,20UPBGT0001232,OB_PG_TILE,1
647,20UPBBC0001232,OB_BARE_MODULE_CELL,20UPBCB0001337,OB_COOLING_BLOCK,1,20UPBGT0001233,OB_PG_TILE,1
648,20UPBBC0001233,OB_BARE_MODULE_CELL,20UPBCB0001338,OB_COOLING_BLOCK,1,20UPBGT0001234,OB_PG_TILE,1
649,20UPBBC0001234,OB_BARE_MODULE_CELL,20UPBCB0001339,OB_COOLING_BLOCK,1,20UPBGT0001235,OB_PG_TILE,1
650,20UPBBC0001235,OB_BARE_MODULE_CELL,20UPBCB0001340,OB_COOLING_BLOCK,1,20UPBGT0001236,OB_PG_TILE,1
651,20UPBBC0001236,OB_BARE_MODULE_CELL,20UPBCB0001341,OB_COOLING_BLOCK,1,20UPBGT0001237,OB_PG_TILE,1
652,20UPBBC0001237,OB_BARE_MODULE_CELL,20UPBCB0001342,OB_COOLING_BLOCK,1,20UPBGT0001238,OB_PG_TILE,1
653,20UPBBC0001238,OB_BARE_MODULE_CELL,20UPBCB0001343,OB_COOLING_BLOCK,1,20UPBGT0001239,OB_PG_TILE,1
654,20UPBBC0001239,OB_BARE_MODULE_CELL,20UPBCB0001344,OB_COOLING_BLOCK,1,20UPBGT0001240,OB_PG_TILE,1
655,20UPBBC0001240,OB_BARE_MODULE_CELL,20UPBCB0001345,OB_COOLING_BLOCK,1,20UPBGT0001241,OB_PG_TILE,1
656,20UPBBC0001241,OB_BARE_MODULE_CELL,20UPBCB0001346,OB_COOLING_BLOCK,1,20UPBGT0001242,OB_PG_TILE,1
657,20UPBBC0001242,OB_BARE_MODULE_CELL,20UPBCB0001347,OB_COOLING_BLOCK,1,20UPBGT0001243,OB_PG_TILE,1
658,20UPBBC0001243,OB_BARE_MODULE_CELL,20UPBCB0001348,OB_COOLING_BLOCK,1,20UPBGT0001244,OB_PG_TILE,1
659,20UPBBC0001244,OB_BARE_MODULE_CELL,20UPBCB0001349,OB_COOLING_BLOCK,1,20UPBGT0001245,OB_PG_TILE,1
660,20UPBBC0001245,OB_BARE_MODULE_CELL,20UPBCB0001350,OB_COOLING_BLOCK,1,20UPBGT0001246,OB_PG_TILE,1
661,20UPBBC0001246,OB_BARE_MODULE_CELL,20UPBCB0001351,OB_COOLING_BLOCK,1,20UPBGT0001247,OB_PG_TILE,1
662,20UPBBC0001247,OB_BARE_MODULE_CELL,20UPBCB0001352,OB_COOLING_BLOCK,1,20UPBGT0001248,OB_PG_TILE,1
663,20UPBBC0001248,OB_BARE_MODULE_CELL,20UPBCB0001353,OB_COOLING_BLOCK,1,20UPBGT0001249,OB_PG_TILE,1
664,20UPBBC0001249,OB_BARE_MODULE_CELL,20UPBCB0001354,OB_COOLING_BLOCK,1,20UPBGT0001250,OB_PG_TILE,1
665,20UPBBC0001250,OB_BARE_MODULE_CELL,20UPBCB0001355,OB_COOLING_BLOCK,1,20UPBGT0001251,OB_PG_TILE,1
666,20UPBBC0001251,OB_BARE_MODULE_CELL,20UPBCB0001356,OB_COOLING_BLOCK,1,20UPBGT0001252,OB_PG_TILE,1
667,20UPBBC0001252,OB_BARE_MODULE_CELL,20UPBCB0001357,OB_COOLING_BLOCK,1,20UPBGT0001253,OB_PG_TILE,1
668,20UPBBC0001253,OB_BARE_MODULE_CELL,20UPBCB0001358,OB_COOLING_BLOCK,1,20UPBGT0001254,OB_PG_TILE,1
669,20UPBBC0001254,OB_BARE_MODULE_CELL,20UPBCB0001359,OB_COOLING_BLOCK,1,20UPBGT0001255,OB_PG_TILE,1
670,20UPBBC0001255,OB_BARE_MODULE_CELL,20UPBCB0001360,OB_COOLING_BLOCK,1,20UPBGT0001256,OB_PG_TILE,1
671,20UPBBC0001256,OB_BARE_MODULE_CELL,20UPBCB0001361,OB_COOLING_BLOCK,1,20UPBGT0001257,OB_PG_TILE,1
672,20UPBBC0001257,OB_BARE_MODULE_CELL,20UPBCB0001362,OB_COOLING_BLOCK,1,20UPBGT0001258,OB_PG_TILE,1
673,20UPBBC0001258,OB_BARE_MODULE_CELL,20UPBCB0001363,OB_COOLING_BLOCK,1,20UPBGT0001259,OB_PG_TILE,1
674,20UPBBC0001259,OB_BARE_MODULE_CELL,20UPBCB0001364,OB_COOLING_BLOCK,1,20UPBGT0001260,OB_PG_TILE,1
675,20UPBBC0001260,OB_BARE_MODULE_CELL,20UPBCB0001365,OB_COOLING_BLOCK,1,20UPBGT0001261,OB_PG_TILE,1
676,20UPBBC0001261,OB_BARE_MODULE_CELL,20UPBCB0001366,OB_COOLING_BLOCK,1,20UPBGT0001262,OB_PG_TILE,1
677,20UPBBC0001262,OB_BARE_MODULE_CELL,20UPBCB0001367,OB_COOLING_BLOCK,1,20UPBGT0001263,OB_PG_TILE,1
678,20UPBBC0001263,OB_BARE_MODULE_CELL,20UPBCB0001368,OB_COOLING_BLOCK,1,20UPBGT0001264,OB_PG_TILE,1
679,20UPBBC0001264,OB_BARE_MODULE_CELL,20UPBCB0001369,OB_COOLING_BLOCK,1,20UPBGT0001265,OB_PG_TILE,1
680,20UPBBC0001265,OB_BARE_MODULE_CELL,20UPBCB0001370,OB_COOLING_BLOCK,1,20UPBGT0001266,OB_PG_TILE,1
681,20UPBBC0001266,OB_BARE_MODULE_CELL,20UPBCB0001371,OB_COOLING_BLOCK,1,20UPBGT0001267,OB_PG_TILE,1
682,20UPBBC0001267,OB_BARE_MODULE_CELL,20UPBCB0001372,OB_COOLING_BLOCK,1,20UPBGT0001268,OB_PG_TILE,1
683,20UPBBC0001268,OB_BARE_MODULE_CELL,20UPBCB0001373,OB_COOLING_BLOCK,1,20UPBGT0001269,OB_PG_TILE,1
684,20UPBBC0001269,OB_BARE_MODULE_CELL,20UPBCB0001374,OB_COOLING_BLOCK,1,20UPBGT0001270,OB_PG_TILE,1
685,20UPBBC0001270,OB_BARE_MODULE_CELL,20UPBCB0001375,OB_COOLING_BLOCK,1,20UPBGT0001271,OB_PG_TILE,1
686,20UPBBC0001271,OB_BARE_MODULE_CELL,20UPBCB0001376,OB_COOLING_BLOCK,1,20UPBGT0001272,OB_PG_TILE,1
687,20UPBBC0001272,OB_BARE_MODULE_CELL,20UPBCB0001377,OB_COOLING_BLOCK,1,20UPBGT0001273,OB_PG_TILE,1
688,20UPBBC0001273,OB_BARE_MODULE_CELL,20UPBCB0001378,OB_COOLING_BLOCK,1,20UPBGT0001274,OB_PG_TILE,1
689,20UPBBC0001274,OB_BARE_MODULE_CELL,20UPBCB0001379,OB_COOLING_BLOCK,1,20UPBGT0001275,OB_PG_TILE,1
690,20UPBBC0001275,OB_BARE_MODULE_CELL,20UPBCB0001380,OB_COOLING_BLOCK,1,20UPBGT0001276,OB_PG_TILE,1
691,20UPBBC0001276,OB_BARE_MODULE_CELL,20UPBCB0001381,OB_COOLING_BLOCK,1,20UPBGT0001277,OB_PG_TILE,1
692,20UPBBC0001277,OB_BARE_MODULE_CELL,20UPBCB0001382,OB_COOLING_BLOCK,1,20UPBGT0001278,OB_PG_TILE,1
693,20UPBBC0001278,OB_BARE_MODULE_CELL,20UPBCB0001383,OB_COOLING_BLOCK,1,20UPBGT0001279,OB_PG_TILE,1
694,20UPBBC0001279,OB_BARE_MODULE_CELL,20UPBCB0001384,OB_COOLING_BLOCK,1,20UPBGT0001280,OB_PG_TILE,1
695,20UPBBC0001280,OB_BARE_MODULE_CELL,20UPBCB0001385,OB_COOLING_BLOCK,1,20UPBGT0001281,OB_PG_TILE,1
696,20UPBBC0001281,OB_BARE_MODULE_CELL,20UPBCB0001386,OB_COOLING_BLOCK,1,20UPBGT0001282,OB_PG_TILE,1
697,20UPBBC0001282,OB_BARE_MODULE_CELL,20UPBCB0001387,OB_COOLING_BLOCK,1,20UPBGT0001283,OB_PG_TILE,1
698,20UPBBC0001283,OB_BARE_MODULE_CELL,20UPBCB0001388,OB_COOLING_BLOCK,1,20UPBGT0001284,OB_PG_TILE,1
699,20UPBBC0001284,OB_BARE_MODULE_CELL,20UPBCB0001389,OB_COOLING_BLOCK,1,20UPBGT0001285,OB_PG_TILE,1
700,20UPBBC0001285,OB_BARE_MODULE_CELL,20UPBCB0001390,OB_COOLING_BLOCK,1,20UPBGT0001286,OB_PG_TILE,1
701,20UPBBC0001286,OB_BARE_MODULE_CELL,20UPBCB0001391,OB_COOLING_BLOCK,1,20UPBGT0001287,OB_PG_TILE,1
702,20UPBBC0001287,OB_BARE_MODULE_CELL,20UPBCB0001392,OB_COOLING_BLOCK,1,20UPBGT0001288,OB_PG_TILE,1
703,20UPBBC0001288,OB_BARE_MODULE_CELL,20UPBCB0001393,OB_COOLING_BLOCK,1,20UPBGT0001289,OB_PG_TILE,1
704,20UPBBC0001289,OB_BARE_MODULE_CELL,20UPBCB0001394,OB_COOLING_BLOCK,1,20UPBGT0001290,OB_PG_TILE,1
705,20UPBBC0001290,OB_BARE_MODULE_CELL,20UPBCB0001395,OB_COOLING_BLOCK,1,20UPBGT0001291,OB_PG_TILE,1
706,20UPBBC0001291,OB_BARE_MODULE_CELL,20UPBCB0001396,OB_COOLING_BLOCK,1,20UPBGT0001292,OB_PG_TILE,1
707,20UPBBC0001292,OB_BARE_MODULE_CELL,20UPBCB0001397,OB_COOLING_BLOCK,1,20UPBGT0001293,OB_PG_TILE,1
708,20UPBBC0001293,OB_BARE_MODULE_CELL,20UPBCB0001398,OB_COOLING_BLOCK,1,20UPBGT0001294,OB_PG_TILE,1
709,20UPBBC0001294,OB_BARE_MODULE_CELL,20UPBCB0001399,OB_COOLING_BLOCK,1,20UPBGT0001295,OB_PG_TILE,1
710,20UPBBC0001295,OB_BARE_MODULE_CELL,20UPBCB0001400,OB_COOLING_BLOCK,1,20UPBGT0001296,OB_PG_TILE,1
711,20UPBBC0001296,OB_BARE_MODULE_CELL,20UPBCB0001401,OB_COOLING_BLOCK,1,20UPBGT0001297,OB_PG_TILE,1
712,20UPBBC0001297,OB_BARE_MODULE_CELL,20UPBCB0001402,OB_COOLING_BLOCK,1,20UPBGT0001298,OB_PG_TILE,1
713,20UPBBC0001298,OB_BARE_MODULE_CELL,20UPBCB0001403,OB_COOLING_BLOCK,1,20UPBGT0001299,OB_PG_TILE,1
714,20UPBBC0001299,OB_BARE_MODULE_CELL,20UPBCB0001404,OB_COOLING_BLOCK,1,20UPBGT0001300,OB_PG_TILE,1
715,20UPBBC0001300,OB_BARE_MODULE_CELL,20UPBCB0001405,OB_COOLING_BLOCK,1,20UPBGT0001301,OB_PG_TILE,1
716,20UPBBC0001301,OB_BARE_MODULE_CELL,20UPBCB0001406,OB_COOLING_BLOCK,1,20UPBGT0001302,OB_PG_TILE,1
717,20UPBBC0001302,OB_BARE_MODULE_CELL,20UPBCB0001407,OB_COOLING_BLOCK,1,20UPBGT0001303,OB_PG_TILE,1
718,20UPBBC0001303,OB_BARE_MODULE_CELL,20UPBCB0001408,OB_COOLING_BLOCK,1,20UPBGT0001304,OB_PG_TILE,1
719,20UPBBC0001304,OB_BARE_MODULE_CELL,20UPBCB0001409,OB_COOLING_BLOCK,1,20UPBGT0001305,OB_PG_TILE,1
720,20UPBBC0001305,OB_BARE_MODULE_CELL,20UPBCB0001410,OB_COOLING_BLOCK,1,20UPBGT0001306,OB_PG_TILE,1
721,20UPBBC0001306,OB_BARE_MODULE_CELL,20UPBCB0001411,OB_COOLING_BLOCK,1,20UPBGT0001307,OB_PG_TILE,1
722,20UPBBC0001307,OB_BARE_MODULE_CELL,20UPBCB0001412,OB_COOLING_BLOCK,1,20UPBGT0001308,OB_PG_TILE,1
723,20UPBBC0001308,OB_BARE_MODULE_CELL,20UPBCB0001413,OB_COOLING_BLOCK,1,20UPBGT0001309,OB_PG_TILE,1
724,20UPBBC0001309,OB_BARE_MODULE_CELL,20UPBCB0001414,OB_COOLING_BLOCK,1,20UPBGT0001310,OB_PG_TILE,1
725,20UPBBC0001310,OB_BARE_MODULE_CELL,20UPBCB0001415,OB_COOLING_BLOCK,1,20UPBGT0001311,OB_PG_TILE,1
726,20UPBBC0001311,OB_BARE_MODULE_CELL,20UPBCB0001416,OB_COOLING_BLOCK,1,20UPBGT0001312,OB_PG_TILE,1
727,20UPBBC0001312,OB_BARE_MODULE_CELL,20UPBCB0001417,OB_COOLING_BLOCK,1,20UPBGT0001313,OB_PG_TILE,1
728,20UPBBC0001313,OB_BARE_MODULE_CELL,20UPBCB0001418,OB_COOLING_BLOCK,1,20UPBGT0001314,OB_PG_TILE,1
729,20UPBBC0001314,OB_BARE_MODULE_CELL,20UPBCB0001419,OB_COOLING_BLOCK,1,20UPBGT0001315,OB_PG_TILE,1
730,20UPBBC0001315,OB_BARE_MODULE_CELL,20UPBCB0001420,OB_COOLING_BLOCK,1,20UPBGT0001316,OB_PG_TILE,1
731,20UPBBC0001316,OB_BARE_MODULE_CELL,20UPBCB0001421,OB_COOLING_BLOCK,1,20UPBGT0001317,OB_PG_TILE,1
732,20UPBBC0001317,OB_BARE_MODULE_CELL,20UPBCB0001422,OB_COOLING_BLOCK,1,20UPBGT0001318,OB_PG_TILE,1
733,20UPBBC0001318,OB_BARE_MODULE_CELL,20UPBCB0001423,OB_COOLING_BLOCK,1,20UPBGT0001319,OB_PG_TILE,1
734,20UPBBC0001319,OB_BARE_MODULE_CELL,20UPBCB0001424,OB_COOLING_BLOCK,1,20UPBGT0001320,OB_PG_TILE,1
735,20UPBBC0001320,OB_BARE_MODULE_CELL,20UPBCB0001425,OB_COOLING_BLOCK,1,20UPBGT0001321,OB_PG_TILE,1
736,20UPBBC0001321,OB_BARE_MODULE_CELL,20UPBCB0001426,OB_COOLING_BLOCK,1,20UPBGT0001322,OB_PG_TILE,1
737,20UPBBC0001322,OB_BARE_MODULE_CELL,20UPBCB0001427,OB_COOLING_BLOCK,1,20UPBGT0001323,OB_PG_TILE,1
738,20UPBBC0001323,OB_BARE_MODULE_CELL,20UPBCB0001428,OB_COOLING_BLOCK,1,20UPBGT0001324,OB_PG_TILE,1
739,20UPBBC0001324,OB_BARE_MODULE_CELL,20UPBCB0001429,OB_COOLING_BLOCK,1,20UPBGT0001325,OB_PG_TILE,1
740,20UPBBC0001325,OB_BARE_MODULE_CELL,20UPBCB0001430,OB_COOLING_BLOCK,1,20UPBGT0001326,OB_PG_TILE,1
741,20UPBBC0001326,OB_BARE_MODULE_CELL,20UPBCB0001431,OB_COOLING_BLOCK,1,20UPBGT0001327,OB_PG_TILE,1
742,20UPBBC0001327,OB_BARE_MODULE_CELL,20UPBCB0001432,OB_COOLING_BLOCK,1,20UPBGT0001328,OB_PG_TILE,1
743,20UPBBC0001328,OB_BARE_MODULE_CELL,20UPBCB0001433,OB_COOLING_BLOCK,1,20UPBGT0001329,OB_PG_TILE,1
744,20UPBBC0001329,OB_BARE_MODULE_CELL,20UPBCB0001434,OB_COOLING_BLOCK,1,20UPBGT0001330,OB_PG_TILE,1
745,20UPBBC0001330,OB_BARE_MODULE_CELL,20UPBCB0001435,OB_COOLING_BLOCK,1,20UPBGT0001331,OB_PG_TILE,1
746,20UPBBC0001331,OB_BARE_MODULE_CELL,20UPBCB0001436,OB_COOLING_BLOCK,1,20UPBGT0001332,OB_PG_TILE,1
747,20UPBBC0001332,OB_BARE_MODULE_CELL,20UPBCB0001437,OB_COOLING_BLOCK,1,20UPBGT0001333,OB_PG_TILE,1
748,20UPBBC0001333,OB_BARE_MODULE_CELL,20UPBCB0001438,OB_COOLING_BLOCK,1,20UPBGT0001334,OB_PG_TILE,1
749,20UPBBC0001334,OB_BARE_MODULE_CELL,20UPBCB0001439,OB_COOLING_BLOCK,1,20UPBGT0001335,OB_PG_TILE,1
750,20UPBBC0001335,OB_BARE_MODULE_CELL,20UPBCB0001440,OB_COOLING_BLOCK,1,20UPBGT0001336,OB_PG_TILE,1
751,20UPBBC0001336,OB_BARE_MODULE_CELL,20UPBCB0001441,OB_COOLING_BLOCK,1,20UPBGT0001337,OB_PG_TILE,1
752,20UPBBC0001337,OB_BARE_MODULE_CELL,20UPBCB0001442,OB_COOLING_BLOCK,1,20UPBGT0001338,OB_PG_TILE,1
753,20UPBBC0001338,OB_BARE_MODULE_CELL,20UPBCB0001443,OB_COOLING_BLOCK,1,20UPBGT0001339,OB_PG_TILE,1
754,20UPBBC0001339,OB_BARE_MODULE_CELL,20UPBCB0001444,OB_COOLING_BLOCK,1,20UPBGT0001340,OB_PG_TILE,1
755,20UPBBC0001340,OB_BARE_MODULE_CELL,20UPBCB0001445,OB_COOLING_BLOCK,1,20UPBGT0001341,OB_PG_TILE,1
756,20UPBBC0001341,OB_BARE_MODULE_CELL,20UPBCB0001446,OB_COOLING_BLOCK,1,20UPBGT0001342,OB_PG_TILE,1
757,20UPBBC0001342,OB_BARE_MODULE_CELL,20UPBCB0001447,OB_COOLING_BLOCK,1,20UPBGT0001343,OB_PG_TILE,1
758,20UPBBC0001343,OB_BARE_MODULE_CELL,20UPBCB0001448,OB_COOLING_BLOCK,1,20UPBGT0001344,OB_PG_TILE,1
759,20UPBBC0001344,OB_BARE_MODULE_CELL,20UPBCB0001449,OB_COOLING_BLOCK,1,20UPBGT0001345,OB_PG_TILE,1
760,20UPBBC0001345,OB_BARE_MODULE_CELL,20UPBCB0001450,OB_COOLING_BLOCK,1,20UPBGT0001346,OB_PG_TILE,1
761,20UPBBC0001346,OB_BARE_MODULE_CELL,20UPBCB0001451,OB_COOLING_BLOCK,1,20UPBGT0001347,OB_PG_TILE,1
762,20UPBBC0001347,OB_BARE_MODULE_CELL,20UPBCB0001452,OB_COOLING_BLOCK,1,20UPBGT0001348,OB_PG_TILE,1
763,20UPBBC0001348,OB_BARE_MODULE_CELL,20UPBCB0001453,OB_COOLING_BLOCK,1,20UPBGT0001349,OB_PG_TILE,1
764,20UPBBC0001349,OB_BARE_MODULE_CELL,20UPBCB0001454,OB_COOLING_BLOCK,1,20UPBGT0001350,OB_PG_TILE,1
765,20UPBBC0001350,OB_BARE_MODULE_CELL,20UPBCB0001455,OB_COOLING_BLOCK,1,20UPBGT0001351,OB_PG_TILE,1
766,20UPBBC0001351,OB_BARE_MODULE_CELL,20UPBCB0001456,OB_COOLING_BLOCK,1,20UPBGT0001352,OB_PG_TILE,1
767,20UPBBC0001352,OB_BARE_MODULE_CELL,20UPBCB0001457,OB_COOLING_BLOCK,1,20UPBGT0001353,OB_PG_TILE,1
768,20UPBBC0001353,OB_BARE_MODULE_CELL,20UPBCB0001458,OB_COOLING_BLOCK,1,20UPBGT0001354,OB_PG_TILE,1
769,20UPBBC0001354,OB_BARE_MODULE_CELL,20UPBCB0001459,OB_COOLING_BLOCK,1,20UPBGT0001355,OB_PG_TILE,1
770,20UPBBC0001355,OB_BARE_MODULE_CELL,20UPBCB0001460,OB_COOLING_BLOCK,1,20UPBGT0001356,OB_PG_TILE,1
771,20UPBBC0001356,OB_BARE_MODULE_CELL,20UPBCB0001461,OB_COOLING_BLOCK,1,20UPBGT0001357,OB_PG_TILE,1
772,20UPBBC0001357,OB_BARE_MODULE_CELL,20UPBCB0001462,OB_COOLING_BLOCK,1,20UPBGT0001358,OB_PG_TILE,1
773,20UPBBC0001358,OB_BARE_MODULE_CELL,20UPBCB0001463,OB_COOLING_BLOCK,1,20UPBGT0001359,OB_PG_TILE,1
774,20UPBBC0001359,OB_BARE_MODULE_CELL,20UPBCB0001464,OB_COOLING_BLOCK,1,20UPBGT0001360,OB_PG_TILE,1
775,20UPBBC0001360,OB_BARE_MODULE_CELL,20UPBCB0001465,OB_COOLING_BLOCK,1,20UPBGT0001361,OB_PG_TILE,1
776,20UPBBC0001361,OB_BARE_MODULE_CELL,20UPBCB0001466,OB_COOLING_BLOCK,1,20UPBGT0001362,OB_PG_TILE,1
777,20UPBBC0001362,OB_BARE_MODULE_CELL,20UPBCB0001467,OB_COOLING_BLOCK,1,20UPBGT0001363,OB_PG_TILE,1
778,20UPBBC0001363,OB_BARE_MODULE_CELL,20UPBCB0001468,OB_COOLING_BLOCK,1,20UPBGT0001364,OB_PG_TILE,1
779,20UPBBC0001364,OB_BARE_MODULE_CELL,20UPBCB0001469,OB_COOLING_BLOCK,1,20UPBGT0001365,OB_PG_TILE,1
780,20UPBBC0001365,OB_BARE_MODULE_CELL,20UPBCB0001470,OB_COOLING_BLOCK,1,20UPBGT0001366,OB_PG_TILE,1
781,20UPBBC0001366,OB_BARE_MODULE_CELL,20UPBCB0001471,OB_COOLING_BLOCK,1,20UPBGT0001367,OB_PG_TILE,1
782,20UPBBC0001367,OB_BARE_MODULE_CELL,20UPBCB0001472,OB_COOLING_BLOCK,1,20UPBGT0001368,OB_PG_TILE,1
783,20UPBBC0001368,OB_BARE_MODULE_CELL,20UPBCB0001473,OB_COOLING_BLOCK,1,20UPBGT0001369,OB_PG_TILE,1
784,20UPBBC0001369,OB_BARE_MODULE_CELL,20UPBCB0001474,OB_COOLING_BLOCK,1,20UPBGT0001370,OB_PG_TILE,1
785,20UPBBC0001370,OB_BARE_MODULE_CELL,20UPBCB0001475,OB_COOLING_BLOCK,1,20UPBGT0001371,OB_PG_TILE,1
786,20UPBBC0001371,OB_BARE_MODULE_CELL,20UPBCB0001476,OB_COOLING_BLOCK,1,20UPBGT0001372,OB_PG_TILE,1
787,20UPBBC0001372,OB_BARE_MODULE_CELL,20UPBCB0001477,OB_COOLING_BLOCK,1,20UPBGT0001373,OB_PG_TILE,1
788,20UPBBC0001373,OB_BARE_MODULE_CELL,20UPBCB0001478,OB_COOLING_BLOCK,1,20UPBGT0001374,OB_PG_TILE,1
789,20UPBBC0001374,OB_BARE_MODULE_CELL,20UPBCB0001479,OB_COOLING_BLOCK,1,20UPBGT0001375,OB_PG_TILE,1
790,20UPBBC0001375,OB_BARE_MODULE_CELL,20UPBCB0001480,OB_COOLING_BLOCK,1,20UPBGT0001376,OB_PG_TILE,1
791,20UPBBC0001376,OB_BARE_MODULE_CELL,20UPBCB0001481,OB_COOLING_BLOCK,1,20UPBGT0001377,OB_PG_TILE,1
792,20UPBBC0001377,OB_BARE_MODULE_CELL,20UPBCB0001482,OB_COOLING_BLOCK,1,20UPBGT0001378,OB_PG_TILE,1
793,20UPBBC0001378,OB_BARE_MODULE_CELL,20UPBCB0001483,OB_COOLING_BLOCK,1,20UPBGT0001379,OB_PG_TILE,1
794,20UPBBC0001379,OB_BARE_MODULE_CELL,20UPBCB0001484,OB_COOLING_BLOCK,1,20UPBGT0001380,OB_PG_TILE,1
795,20UPBBC0001380,OB_BARE_MODULE_CELL,20UPBCB0001485,OB_COOLING_BLOCK,1,20UPBGT0001381,OB_PG_TILE,1
796,20UPBBC0001381,OB_BARE_MODULE_CELL,20UPBCB0001486,OB_COOLING_BLOCK,1,20UPBGT0001382,OB_PG_TILE,1
797,20UPBBC0001382,OB_BARE_MODULE_CELL,20UPBCB0001487,OB_COOLING_BLOCK,1,20UPBGT0001383,OB_PG_TILE,1
798,20UPBBC0001383,OB_BARE_MODULE_CELL,20UPBCB0001488,OB_COOLING_BLOCK,1,20UPBGT0001384,OB_PG_TILE,1
799,20UPBBC0001384,OB_BARE_MODULE_CELL,20UPBCB0001489,OB_COOLING_BLOCK,1,20UPBGT0001385,OB_PG_TILE,1
800,20UPBBC0001385,OB_BARE_MODULE_CELL,20UPBCB0001490,OB_COOLING_BLOCK,1,20UPBGT0001386,OB_PG_TILE,1
801,20UPBBC0001386,OB_BARE_MODULE_CELL,20UPBCB0001491,OB_COOLING_BLOCK,1,20UPBGT0001387,OB_PG_TILE,1
802,20UPBBC0001387,OB_BARE_MODULE_CELL,20UPBCB0001492,OB_COOLING_BLOCK,1,20UPBGT0001388,OB_PG_TILE,1
803,20UPBBC0001388,OB_BARE_MODULE_CELL,20UPBCB0001493,OB_COOLING_BLOCK,1,20UPBGT0001389,OB_PG_TILE,1
804,20UPBBC0001389,OB_BARE_MODULE_CELL,20UPBCB0001494,OB_COOLING_BLOCK,1,20UPBGT0001390,OB_PG_TILE,1
805,20UPBBC0001390,OB_BARE_MODULE_CELL,20UPBCB0001495,OB_COOLING_BLOCK,1,20UPBGT0001391,OB_PG_TILE,1
806,20UPBBC0001391,OB_BARE_MODULE_CELL,20UPBCB0001496,OB_COOLING_BLOCK,1,20UPBGT0001392,OB_PG_TILE,1
807,20UPBBC0001392,OB_BARE_MODULE_CELL,20UPBCB0001497,OB_COOLING_BLOCK,1,20UPBGT0001393,OB_PG_TILE,1
808,20UPBBC0001393,OB_BARE_MODULE_CELL,20UPBCB0001498,OB_COOLING_BLOCK,1,20UPBGT0001394,OB_PG_TILE,1
809,20UPBBC0001394,OB_BARE_MODULE_CELL,20UPBCB0001499,OB_COOLING_BLOCK,1,20UPBGT0001395,OB_PG_TILE,1
