,component,componentType,stage,testType,date,runNumber,passed,problems,result1_key,result1_value,property1_key,property1_value,result2_key,result2_value
0,20UPBBB0000031,OB_BASE_BLOCK,QC_BEFORE_NI_COATING,Dimensional_Control,19/12/2023,1.0,True,False,Pass/No_Pass,True,Machine_Name,HEXAGON Global Performance 09.15.08 /  Leitz_LSPX1H_T,Metrology_Report,Dummy
1,20UPBBB0000032,OB_BASE_BLOCK,QC_BEFORE_NI_COATING,Dimensional_Control,19/12/2023,1.0,True,False,Pass/No_Pass,True,Machine_Name,HEXAGON Global Performance 09.15.08 /  Leitz_LSPX1H_T,Metrology_Report,Dummy
2,20UPBBB0000033,OB_BASE_BLOCK,QC_BEFORE_NI_COATING,Dimensional_Control,19/12/2023,1.0,True,False,Pass/No_Pass,True,Machine_Name,HEXAGON Global Performance 09.15.08 /  Leitz_LSPX1H_T,Metrology_Report,Dummy
3,20UPBBB0000034,OB_BASE_BLOCK,QC_BEFORE_NI_COATING,Dimensional_Control,19/12/2023,1.0,True,False,Pass/No_Pass,True,Machine_Name,HEXAGON Global Performance 09.15.08 /  Leitz_LSPX1H_T,Metrology_Report,Dummy
4,20UPBBB0000035,OB_BASE_BLOCK,QC_BEFORE_NI_COATING,Dimensional_Control,19/12/2023,1.0,True,False,Pass/No_Pass,True,Machine_Name,HEXAGON Global Performance 09.15.08 /  Leitz_LSPX1H_T,Metrology_Report,Dummy
5,20UPBBB0000036,OB_BASE_BLOCK,QC_BEFORE_NI_COATING,Dimensional_Control,19/12/2023,1.0,True,False,Pass/No_Pass,True,Machine_Name,HEXAGON Global Performance 09.15.08 /  Leitz_LSPX1H_T,Metrology_Report,Dummy
6,20UPBBB0000037,OB_BASE_BLOCK,QC_BEFORE_NI_COATING,Dimensional_Control,19/12/2023,1.0,True,False,Pass/No_Pass,True,Machine_Name,HEXAGON Global Performance 09.15.08 /  Leitz_LSPX1H_T,Metrology_Report,Dummy
7,20UPBBB0000038,OB_BASE_BLOCK,QC_BEFORE_NI_COATING,Dimensional_Control,19/12/2023,1.0,False,False,Pass/No_Pass,False,Machine_Name,HEXAGON Global Performance 09.15.08 /  Leitz_LSPX1H_T,Metrology_Report,Dummy
8,20UPBBB0000039,OB_BASE_BLOCK,QC_BEFORE_NI_COATING,Dimensional_Control,19/12/2023,1.0,True,False,Pass/No_Pass,True,Machine_Name,HEXAGON Global Performance 09.15.08 /  Leitz_LSPX1H_T,Metrology_Report,Dummy
9,20UPBBB0000040,OB_BASE_BLOCK,QC_BEFORE_NI_COATING,Dimensional_Control,19/12/2023,1.0,True,False,Pass/No_Pass,True,Machine_Name,HEXAGON Global Performance 09.15.08 /  Leitz_LSPX1H_T,Metrology_Report,Dummy
10,20UPBBB0000041,OB_BASE_BLOCK,QC_BEFORE_NI_COATING,Dimensional_Control,19/12/2023,1.0,True,False,Pass/No_Pass,True,Machine_Name,HEXAGON Global Performance 09.15.08 /  Leitz_LSPX1H_T,Metrology_Report,Dummy
11,20UPBBB0000042,OB_BASE_BLOCK,QC_BEFORE_NI_COATING,Dimensional_Control,19/12/2023,1.0,True,False,Pass/No_Pass,True,Machine_Name,HEXAGON Global Performance 09.15.08 /  Leitz_LSPX1H_T,Metrology_Report,Dummy
12,20UPBBB0000043,OB_BASE_BLOCK,QC_BEFORE_NI_COATING,Dimensional_Control,19/12/2023,1.0,True,False,Pass/No_Pass,True,Machine_Name,HEXAGON Global Performance 09.15.08 /  Leitz_LSPX1H_T,Metrology_Report,Dummy
13,20UPBBB0000044,OB_BASE_BLOCK,QC_BEFORE_NI_COATING,Dimensional_Control,19/12/2023,1.0,True,False,Pass/No_Pass,True,Machine_Name,HEXAGON Global Performance 09.15.08 /  Leitz_LSPX1H_T,Metrology_Report,Dummy
14,20UPBBB0000045,OB_BASE_BLOCK,QC_BEFORE_NI_COATING,Dimensional_Control,19/12/2023,1.0,True,False,Pass/No_Pass,True,Machine_Name,HEXAGON Global Performance 09.15.08 /  Leitz_LSPX1H_T,Metrology_Report,Dummy
15,20UPBBB0000046,OB_BASE_BLOCK,QC_BEFORE_NI_COATING,Dimensional_Control,19/12/2023,1.0,True,False,Pass/No_Pass,True,Machine_Name,HEXAGON Global Performance 09.15.08 /  Leitz_LSPX1H_T,Metrology_Report,Dummy
16,20UPBBB0000047,OB_BASE_BLOCK,QC_BEFORE_NI_COATING,Dimensional_Control,19/12/2023,1.0,True,False,Pass/No_Pass,True,Machine_Name,HEXAGON Global Performance 09.15.08 /  Leitz_LSPX1H_T,Metrology_Report,Dummy
17,20UPBBB0000048,OB_BASE_BLOCK,QC_BEFORE_NI_COATING,Dimensional_Control,19/12/2023,1.0,True,False,Pass/No_Pass,True,Machine_Name,HEXAGON Global Performance 09.15.08 /  Leitz_LSPX1H_T,Metrology_Report,Dummy
18,20UPBBB0000049,OB_BASE_BLOCK,QC_BEFORE_NI_COATING,Dimensional_Control,19/12/2023,1.0,True,False,Pass/No_Pass,True,Machine_Name,HEXAGON Global Performance 09.15.08 /  Leitz_LSPX1H_T,Metrology_Report,Dummy
19,20UPBBB0000050,OB_BASE_BLOCK,QC_BEFORE_NI_COATING,Dimensional_Control,19/12/2023,1.0,True,False,Pass/No_Pass,True,Machine_Name,HEXAGON Global Performance 09.15.08 /  Leitz_LSPX1H_T,Metrology_Report,Dummy
20,20UPBBB0000051,OB_BASE_BLOCK,QC_BEFORE_NI_COATING,Dimensional_Control,19/12/2023,1.0,True,False,Pass/No_Pass,True,Machine_Name,HEXAGON Global Performance 09.15.08 /  Leitz_LSPX1H_T,Metrology_Report,Dummy
21,20UPBBB0000052,OB_BASE_BLOCK,QC_BEFORE_NI_COATING,Dimensional_Control,19/12/2023,1.0,True,False,Pass/No_Pass,True,Machine_Name,HEXAGON Global Performance 09.15.08 /  Leitz_LSPX1H_T,Metrology_Report,Dummy
22,20UPBBB0000053,OB_BASE_BLOCK,QC_BEFORE_NI_COATING,Dimensional_Control,19/12/2023,1.0,True,False,Pass/No_Pass,True,Machine_Name,HEXAGON Global Performance 09.15.08 /  Leitz_LSPX1H_T,Metrology_Report,Dummy
23,20UPBBB0000054,OB_BASE_BLOCK,QC_BEFORE_NI_COATING,Dimensional_Control,19/12/2023,1.0,True,False,Pass/No_Pass,True,Machine_Name,HEXAGON Global Performance 09.15.08 /  Leitz_LSPX1H_T,Metrology_Report,Dummy
24,20UPBBB0000055,OB_BASE_BLOCK,QC_BEFORE_NI_COATING,Dimensional_Control,19/12/2023,1.0,True,False,Pass/No_Pass,True,Machine_Name,HEXAGON Global Performance 09.15.08 /  Leitz_LSPX1H_T,Metrology_Report,Dummy
25,20UPBBB0000056,OB_BASE_BLOCK,QC_BEFORE_NI_COATING,Dimensional_Control,20/12/2023,1.0,True,False,Pass/No_Pass,True,Machine_Name,HEXAGON Global Performance 09.15.08 /  Leitz_LSPX1H_T,Metrology_Report,Dummy
26,20UPBBB0000057,OB_BASE_BLOCK,QC_BEFORE_NI_COATING,Dimensional_Control,20/12/2023,1.0,True,False,Pass/No_Pass,True,Machine_Name,HEXAGON Global Performance 09.15.08 /  Leitz_LSPX1H_T,Metrology_Report,Dummy
27,20UPBBB0000058,OB_BASE_BLOCK,QC_BEFORE_NI_COATING,Dimensional_Control,20/12/2023,1.0,True,False,Pass/No_Pass,True,Machine_Name,HEXAGON Global Performance 09.15.08 /  Leitz_LSPX1H_T,Metrology_Report,Dummy
28,20UPBBB0000059,OB_BASE_BLOCK,QC_BEFORE_NI_COATING,Dimensional_Control,20/12/2023,1.0,True,False,Pass/No_Pass,True,Machine_Name,HEXAGON Global Performance 09.15.08 /  Leitz_LSPX1H_T,Metrology_Report,Dummy
29,20UPBBB0000060,OB_BASE_BLOCK,QC_BEFORE_NI_COATING,Dimensional_Control,20/12/2023,1.0,True,False,Pass/No_Pass,True,Machine_Name,HEXAGON Global Performance 09.15.08 /  Leitz_LSPX1H_T,Metrology_Report,Dummy
30,20UPBBB0000061,OB_BASE_BLOCK,QC_BEFORE_NI_COATING,Dimensional_Control,20/12/2023,1.0,True,False,Pass/No_Pass,True,Machine_Name,HEXAGON Global Performance 09.15.08 /  Leitz_LSPX1H_T,Metrology_Report,Dummy
31,20UPBBB0000062,OB_BASE_BLOCK,QC_BEFORE_NI_COATING,Dimensional_Control,20/12/2023,1.0,True,False,Pass/No_Pass,True,Machine_Name,HEXAGON Global Performance 09.15.08 /  Leitz_LSPX1H_T,Metrology_Report,Dummy
32,20UPBBB0000063,OB_BASE_BLOCK,QC_BEFORE_NI_COATING,Dimensional_Control,20/12/2023,1.0,True,False,Pass/No_Pass,True,Machine_Name,HEXAGON Global Performance 09.15.08 /  Leitz_LSPX1H_T,Metrology_Report,Dummy
33,20UPBBB0000064,OB_BASE_BLOCK,QC_BEFORE_NI_COATING,Dimensional_Control,20/12/2023,1.0,True,False,Pass/No_Pass,True,Machine_Name,HEXAGON Global Performance 09.15.08 /  Leitz_LSPX1H_T,Metrology_Report,Dummy
34,20UPBBB0000065,OB_BASE_BLOCK,QC_BEFORE_NI_COATING,Dimensional_Control,20/12/2023,1.0,True,False,Pass/No_Pass,True,Machine_Name,HEXAGON Global Performance 09.15.08 /  Leitz_LSPX1H_T,Metrology_Report,Dummy
35,20UPBBB0000066,OB_BASE_BLOCK,QC_BEFORE_NI_COATING,Dimensional_Control,20/12/2023,1.0,True,False,Pass/No_Pass,True,Machine_Name,HEXAGON Global Performance 09.15.08 /  Leitz_LSPX1H_T,Metrology_Report,Dummy
36,20UPBBB0000067,OB_BASE_BLOCK,QC_BEFORE_NI_COATING,Dimensional_Control,20/12/2023,1.0,True,False,Pass/No_Pass,True,Machine_Name,HEXAGON Global Performance 09.15.08 /  Leitz_LSPX1H_T,Metrology_Report,Dummy
37,20UPBBB0000068,OB_BASE_BLOCK,QC_BEFORE_NI_COATING,Dimensional_Control,20/12/2023,1.0,True,False,Pass/No_Pass,True,Machine_Name,HEXAGON Global Performance 09.15.08 /  Leitz_LSPX1H_T,Metrology_Report,Dummy
38,20UPBBB0000069,OB_BASE_BLOCK,QC_BEFORE_NI_COATING,Dimensional_Control,20/12/2023,1.0,True,False,Pass/No_Pass,True,Machine_Name,HEXAGON Global Performance 09.15.08 /  Leitz_LSPX1H_T,Metrology_Report,Dummy
39,20UPBBB0000070,OB_BASE_BLOCK,QC_BEFORE_NI_COATING,Dimensional_Control,20/12/2023,1.0,True,False,Pass/No_Pass,True,Machine_Name,HEXAGON Global Performance 09.15.08 /  Leitz_LSPX1H_T,Metrology_Report,Dummy
40,20UPBBB0000071,OB_BASE_BLOCK,QC_BEFORE_NI_COATING,Dimensional_Control,20/12/2023,1.0,True,False,Pass/No_Pass,True,Machine_Name,HEXAGON Global Performance 09.15.08 /  Leitz_LSPX1H_T,Metrology_Report,Dummy
41,20UPBBB0000072,OB_BASE_BLOCK,QC_BEFORE_NI_COATING,Dimensional_Control,20/12/2023,1.0,True,False,Pass/No_Pass,True,Machine_Name,HEXAGON Global Performance 09.15.08 /  Leitz_LSPX1H_T,Metrology_Report,Dummy
42,20UPBBB0000073,OB_BASE_BLOCK,QC_BEFORE_NI_COATING,Dimensional_Control,20/12/2023,1.0,True,False,Pass/No_Pass,True,Machine_Name,HEXAGON Global Performance 09.15.08 /  Leitz_LSPX1H_T,Metrology_Report,Dummy
43,20UPBBB0000074,OB_BASE_BLOCK,QC_BEFORE_NI_COATING,Dimensional_Control,20/12/2023,1.0,True,False,Pass/No_Pass,True,Machine_Name,HEXAGON Global Performance 09.15.08 /  Leitz_LSPX1H_T,Metrology_Report,Dummy
44,20UPBBB0000075,OB_BASE_BLOCK,QC_BEFORE_NI_COATING,Dimensional_Control,20/12/2023,1.0,True,False,Pass/No_Pass,True,Machine_Name,HEXAGON Global Performance 09.15.08 /  Leitz_LSPX1H_T,Metrology_Report,Dummy
45,20UPBBB0000076,OB_BASE_BLOCK,QC_BEFORE_NI_COATING,Dimensional_Control,20/12/2023,1.0,True,False,Pass/No_Pass,True,Machine_Name,HEXAGON Global Performance 09.15.08 /  Leitz_LSPX1H_T,Metrology_Report,Dummy
46,20UPBBB0000077,OB_BASE_BLOCK,QC_BEFORE_NI_COATING,Dimensional_Control,20/12/2023,1.0,True,False,Pass/No_Pass,True,Machine_Name,HEXAGON Global Performance 09.15.08 /  Leitz_LSPX1H_T,Metrology_Report,Dummy
47,20UPBBB0000078,OB_BASE_BLOCK,QC_BEFORE_NI_COATING,Dimensional_Control,20/12/2023,1.0,True,False,Pass/No_Pass,True,Machine_Name,HEXAGON Global Performance 09.15.08 /  Leitz_LSPX1H_T,Metrology_Report,Dummy
48,20UPBBB0000079,OB_BASE_BLOCK,QC_BEFORE_NI_COATING,Dimensional_Control,20/12/2023,1.0,True,False,Pass/No_Pass,True,Machine_Name,HEXAGON Global Performance 09.15.08 /  Leitz_LSPX1H_T,Metrology_Report,Dummy
49,20UPBBB0000080,OB_BASE_BLOCK,QC_BEFORE_NI_COATING,Dimensional_Control,20/12/2023,1.0,True,False,Pass/No_Pass,True,Machine_Name,HEXAGON Global Performance 09.15.08 /  Leitz_LSPX1H_T,Metrology_Report,Dummy
50,20UPBBB0000081,OB_BASE_BLOCK,QC_BEFORE_NI_COATING,Dimensional_Control,20/12/2023,1.0,True,False,Pass/No_Pass,True,Machine_Name,HEXAGON Global Performance 09.15.08 /  Leitz_LSPX1H_T,Metrology_Report,Dummy
51,20UPBBB0000082,OB_BASE_BLOCK,QC_BEFORE_NI_COATING,Dimensional_Control,20/12/2023,1.0,True,False,Pass/No_Pass,True,Machine_Name,HEXAGON Global Performance 09.15.08 /  Leitz_LSPX1H_T,Metrology_Report,Dummy
52,20UPBBB0000083,OB_BASE_BLOCK,QC_BEFORE_NI_COATING,Dimensional_Control,20/12/2023,1.0,True,False,Pass/No_Pass,True,Machine_Name,HEXAGON Global Performance 09.15.08 /  Leitz_LSPX1H_T,Metrology_Report,Dummy
53,20UPBBB0000084,OB_BASE_BLOCK,QC_BEFORE_NI_COATING,Dimensional_Control,20/12/2023,1.0,True,False,Pass/No_Pass,True,Machine_Name,HEXAGON Global Performance 09.15.08 /  Leitz_LSPX1H_T,Metrology_Report,Dummy
54,20UPBBB0000085,OB_BASE_BLOCK,QC_BEFORE_NI_COATING,Dimensional_Control,20/12/2023,1.0,True,False,Pass/No_Pass,True,Machine_Name,HEXAGON Global Performance 09.15.08 /  Leitz_LSPX1H_T,Metrology_Report,Dummy
55,20UPBBB0000086,OB_BASE_BLOCK,QC_BEFORE_NI_COATING,Dimensional_Control,20/12/2023,1.0,True,False,Pass/No_Pass,True,Machine_Name,HEXAGON Global Performance 09.15.08 /  Leitz_LSPX1H_T,Metrology_Report,Dummy
56,20UPBBB0000087,OB_BASE_BLOCK,QC_BEFORE_NI_COATING,Dimensional_Control,20/12/2023,1.0,True,False,Pass/No_Pass,True,Machine_Name,HEXAGON Global Performance 09.15.08 /  Leitz_LSPX1H_T,Metrology_Report,Dummy
57,20UPBBB0000088,OB_BASE_BLOCK,QC_BEFORE_NI_COATING,Dimensional_Control,20/12/2023,1.0,True,False,Pass/No_Pass,True,Machine_Name,HEXAGON Global Performance 09.15.08 /  Leitz_LSPX1H_T,Metrology_Report,Dummy
58,20UPBBB0000089,OB_BASE_BLOCK,QC_BEFORE_NI_COATING,Dimensional_Control,20/12/2023,1.0,True,False,Pass/No_Pass,True,Machine_Name,HEXAGON Global Performance 09.15.08 /  Leitz_LSPX1H_T,Metrology_Report,Dummy
59,20UPBBB0000090,OB_BASE_BLOCK,QC_BEFORE_NI_COATING,Dimensional_Control,20/12/2023,1.0,True,False,Pass/No_Pass,True,Machine_Name,HEXAGON Global Performance 09.15.08 /  Leitz_LSPX1H_T,Metrology_Report,Dummy
60,20UPBBB0000091,OB_BASE_BLOCK,QC_BEFORE_NI_COATING,Dimensional_Control,20/12/2023,1.0,True,False,Pass/No_Pass,True,Machine_Name,HEXAGON Global Performance 09.15.08 /  Leitz_LSPX1H_T,Metrology_Report,Dummy
61,20UPBBB0000092,OB_BASE_BLOCK,QC_BEFORE_NI_COATING,Dimensional_Control,20/12/2023,1.0,True,False,Pass/No_Pass,True,Machine_Name,HEXAGON Global Performance 09.15.08 /  Leitz_LSPX1H_T,Metrology_Report,Dummy
62,20UPBBB0000093,OB_BASE_BLOCK,QC_BEFORE_NI_COATING,Dimensional_Control,20/12/2023,1.0,True,False,Pass/No_Pass,True,Machine_Name,HEXAGON Global Performance 09.15.08 /  Leitz_LSPX1H_T,Metrology_Report,Dummy
63,20UPBBB0000094,OB_BASE_BLOCK,QC_BEFORE_NI_COATING,Dimensional_Control,20/12/2023,1.0,False,False,Pass/No_Pass,False,Machine_Name,HEXAGON Global Performance 09.15.08 /  Leitz_LSPX1H_T,Metrology_Report,Dummy
64,20UPBBB0000095,OB_BASE_BLOCK,QC_BEFORE_NI_COATING,Dimensional_Control,20/12/2023,1.0,False,False,Pass/No_Pass,False,Machine_Name,HEXAGON Global Performance 09.15.08 /  Leitz_LSPX1H_T,Metrology_Report,Dummy
65,20UPBBB0000096,OB_BASE_BLOCK,QC_BEFORE_NI_COATING,Dimensional_Control,20/12/2023,1.0,True,False,Pass/No_Pass,True,Machine_Name,HEXAGON Global Performance 09.15.08 /  Leitz_LSPX1H_T,Metrology_Report,Dummy
66,20UPBBB0000097,OB_BASE_BLOCK,QC_BEFORE_NI_COATING,Dimensional_Control,20/12/2023,1.0,True,False,Pass/No_Pass,True,Machine_Name,HEXAGON Global Performance 09.15.08 /  Leitz_LSPX1H_T,Metrology_Report,Dummy
67,20UPBBB0000098,OB_BASE_BLOCK,QC_BEFORE_NI_COATING,Dimensional_Control,20/12/2023,1.0,True,False,Pass/No_Pass,True,Machine_Name,HEXAGON Global Performance 09.15.08 /  Leitz_LSPX1H_T,Metrology_Report,Dummy
68,20UPBBB0000099,OB_BASE_BLOCK,QC_BEFORE_NI_COATING,Dimensional_Control,20/12/2023,1.0,True,False,Pass/No_Pass,True,Machine_Name,HEXAGON Global Performance 09.15.08 /  Leitz_LSPX1H_T,Metrology_Report,Dummy
69,20UPBBB0000100,OB_BASE_BLOCK,QC_BEFORE_NI_COATING,Dimensional_Control,20/12/2023,1.0,True,False,Pass/No_Pass,True,Machine_Name,HEXAGON Global Performance 09.15.08 /  Leitz_LSPX1H_T,Metrology_Report,Dummy
70,20UPBBB0000101,OB_BASE_BLOCK,QC_BEFORE_NI_COATING,Dimensional_Control,20/12/2023,1.0,True,False,Pass/No_Pass,True,Machine_Name,HEXAGON Global Performance 09.15.08 /  Leitz_LSPX1H_T,Metrology_Report,Dummy
71,20UPBBB0000102,OB_BASE_BLOCK,QC_BEFORE_NI_COATING,Dimensional_Control,20/12/2023,1.0,True,False,Pass/No_Pass,True,Machine_Name,HEXAGON Global Performance 09.15.08 /  Leitz_LSPX1H_T,Metrology_Report,Dummy
72,20UPBBB0000103,OB_BASE_BLOCK,QC_BEFORE_NI_COATING,Dimensional_Control,20/12/2023,1.0,True,False,Pass/No_Pass,True,Machine_Name,HEXAGON Global Performance 09.15.08 /  Leitz_LSPX1H_T,Metrology_Report,Dummy
73,20UPBBB0000104,OB_BASE_BLOCK,QC_BEFORE_NI_COATING,Dimensional_Control,20/12/2023,1.0,True,False,Pass/No_Pass,True,Machine_Name,HEXAGON Global Performance 09.15.08 /  Leitz_LSPX1H_T,Metrology_Report,Dummy
74,20UPBBB0000105,OB_BASE_BLOCK,QC_BEFORE_NI_COATING,Dimensional_Control,20/12/2023,1.0,True,False,Pass/No_Pass,True,Machine_Name,HEXAGON Global Performance 09.15.08 /  Leitz_LSPX1H_T,Metrology_Report,Dummy
75,20UPBBB0000106,OB_BASE_BLOCK,QC_BEFORE_NI_COATING,Dimensional_Control,21/12/2023,1.0,True,False,Pass/No_Pass,True,Machine_Name,HEXAGON Global Performance 09.15.08 /  Leitz_LSPX1H_T,Metrology_Report,Dummy
76,20UPBBB0000107,OB_BASE_BLOCK,QC_BEFORE_NI_COATING,Dimensional_Control,21/12/2023,1.0,True,False,Pass/No_Pass,True,Machine_Name,HEXAGON Global Performance 09.15.08 /  Leitz_LSPX1H_T,Metrology_Report,Dummy
77,20UPBBB0000108,OB_BASE_BLOCK,QC_BEFORE_NI_COATING,Dimensional_Control,21/12/2023,1.0,True,False,Pass/No_Pass,True,Machine_Name,HEXAGON Global Performance 09.15.08 /  Leitz_LSPX1H_T,Metrology_Report,Dummy
78,20UPBBB0000109,OB_BASE_BLOCK,QC_BEFORE_NI_COATING,Dimensional_Control,21/12/2023,1.0,True,False,Pass/No_Pass,True,Machine_Name,HEXAGON Global Performance 09.15.08 /  Leitz_LSPX1H_T,Metrology_Report,Dummy
79,20UPBBB0000110,OB_BASE_BLOCK,QC_BEFORE_NI_COATING,Dimensional_Control,21/12/2023,1.0,True,False,Pass/No_Pass,True,Machine_Name,HEXAGON Global Performance 09.15.08 /  Leitz_LSPX1H_T,Metrology_Report,Dummy
80,20UPBBB0000111,OB_BASE_BLOCK,QC_BEFORE_NI_COATING,Dimensional_Control,21/12/2023,1.0,True,False,Pass/No_Pass,True,Machine_Name,HEXAGON Global Performance 09.15.08 /  Leitz_LSPX1H_T,Metrology_Report,Dummy
81,20UPBBB0000112,OB_BASE_BLOCK,QC_BEFORE_NI_COATING,Dimensional_Control,21/12/2023,1.0,True,False,Pass/No_Pass,True,Machine_Name,HEXAGON Global Performance 09.15.08 /  Leitz_LSPX1H_T,Metrology_Report,Dummy
82,20UPBBB0000113,OB_BASE_BLOCK,QC_BEFORE_NI_COATING,Dimensional_Control,21/12/2023,1.0,True,False,Pass/No_Pass,True,Machine_Name,HEXAGON Global Performance 09.15.08 /  Leitz_LSPX1H_T,Metrology_Report,Dummy
83,20UPBBB0000114,OB_BASE_BLOCK,QC_BEFORE_NI_COATING,Dimensional_Control,21/12/2023,1.0,True,False,Pass/No_Pass,True,Machine_Name,HEXAGON Global Performance 09.15.08 /  Leitz_LSPX1H_T,Metrology_Report,Dummy
84,20UPBBB0000115,OB_BASE_BLOCK,QC_BEFORE_NI_COATING,Dimensional_Control,21/12/2023,1.0,True,False,Pass/No_Pass,True,Machine_Name,HEXAGON Global Performance 09.15.08 /  Leitz_LSPX1H_T,Metrology_Report,Dummy
85,20UPBBB0000116,OB_BASE_BLOCK,QC_BEFORE_NI_COATING,Dimensional_Control,21/12/2023,1.0,True,False,Pass/No_Pass,True,Machine_Name,HEXAGON Global Performance 09.15.08 /  Leitz_LSPX1H_T,Metrology_Report,Dummy
86,20UPBBB0000117,OB_BASE_BLOCK,QC_BEFORE_NI_COATING,Dimensional_Control,21/12/2023,1.0,True,False,Pass/No_Pass,True,Machine_Name,HEXAGON Global Performance 09.15.08 /  Leitz_LSPX1H_T,Metrology_Report,Dummy
87,20UPBBB0000118,OB_BASE_BLOCK,QC_BEFORE_NI_COATING,Dimensional_Control,21/12/2023,1.0,True,False,Pass/No_Pass,True,Machine_Name,HEXAGON Global Performance 09.15.08 /  Leitz_LSPX1H_T,Metrology_Report,Dummy
88,20UPBBB0000119,OB_BASE_BLOCK,QC_BEFORE_NI_COATING,Dimensional_Control,21/12/2023,1.0,True,False,Pass/No_Pass,True,Machine_Name,HEXAGON Global Performance 09.15.08 /  Leitz_LSPX1H_T,Metrology_Report,Dummy
89,20UPBBB0000120,OB_BASE_BLOCK,QC_BEFORE_NI_COATING,Dimensional_Control,21/12/2023,1.0,True,False,Pass/No_Pass,True,Machine_Name,HEXAGON Global Performance 09.15.08 /  Leitz_LSPX1H_T,Metrology_Report,Dummy
90,20UPBBB0000121,OB_BASE_BLOCK,QC_BEFORE_NI_COATING,Dimensional_Control,21/12/2023,1.0,True,False,Pass/No_Pass,True,Machine_Name,HEXAGON Global Performance 09.15.08 /  Leitz_LSPX1H_T,Metrology_Report,Dummy
91,20UPBBB0000122,OB_BASE_BLOCK,QC_BEFORE_NI_COATING,Dimensional_Control,21/12/2023,1.0,True,False,Pass/No_Pass,True,Machine_Name,HEXAGON Global Performance 09.15.08 /  Leitz_LSPX1H_T,Metrology_Report,Dummy
92,20UPBBB0000123,OB_BASE_BLOCK,QC_BEFORE_NI_COATING,Dimensional_Control,21/12/2023,1.0,True,False,Pass/No_Pass,True,Machine_Name,HEXAGON Global Performance 09.15.08 /  Leitz_LSPX1H_T,Metrology_Report,Dummy
93,20UPBBB0000124,OB_BASE_BLOCK,QC_BEFORE_NI_COATING,Dimensional_Control,21/12/2023,1.0,True,False,Pass/No_Pass,True,Machine_Name,HEXAGON Global Performance 09.15.08 /  Leitz_LSPX1H_T,Metrology_Report,Dummy
94,20UPBBB0000125,OB_BASE_BLOCK,QC_BEFORE_NI_COATING,Dimensional_Control,21/12/2023,1.0,True,False,Pass/No_Pass,True,Machine_Name,HEXAGON Global Performance 09.15.08 /  Leitz_LSPX1H_T,Metrology_Report,Dummy
95,20UPBBB0000126,OB_BASE_BLOCK,QC_BEFORE_NI_COATING,Dimensional_Control,21/12/2023,1.0,True,False,Pass/No_Pass,True,Machine_Name,HEXAGON Global Performance 09.15.08 /  Leitz_LSPX1H_T,Metrology_Report,Dummy
96,20UPBBB0000127,OB_BASE_BLOCK,QC_BEFORE_NI_COATING,Dimensional_Control,21/12/2023,1.0,True,False,Pass/No_Pass,True,Machine_Name,HEXAGON Global Performance 09.15.08 /  Leitz_LSPX1H_T,Metrology_Report,Dummy
97,20UPBBB0000128,OB_BASE_BLOCK,QC_BEFORE_NI_COATING,Dimensional_Control,21/12/2023,1.0,True,False,Pass/No_Pass,True,Machine_Name,HEXAGON Global Performance 09.15.08 /  Leitz_LSPX1H_T,Metrology_Report,Dummy
98,20UPBBB0000129,OB_BASE_BLOCK,QC_BEFORE_NI_COATING,Dimensional_Control,21/12/2023,1.0,True,False,Pass/No_Pass,True,Machine_Name,HEXAGON Global Performance 09.15.08 /  Leitz_LSPX1H_T,Metrology_Report,Dummy
99,20UPBBB0000130,OB_BASE_BLOCK,QC_BEFORE_NI_COATING,Dimensional_Control,21/12/2023,1.0,True,False,Pass/No_Pass,True,Machine_Name,HEXAGON Global Performance 09.15.08 /  Leitz_LSPX1H_T,Metrology_Report,Dummy
100,20UPBBB0000131,OB_BASE_BLOCK,QC_BEFORE_NI_COATING,Dimensional_Control,21/12/2023,1.0,True,False,Pass/No_Pass,True,Machine_Name,HEXAGON Global Performance 09.15.08 /  Leitz_LSPX1H_T,Metrology_Report,Dummy
101,20UPBBB0000132,OB_BASE_BLOCK,QC_BEFORE_NI_COATING,Dimensional_Control,21/12/2023,1.0,True,False,Pass/No_Pass,True,Machine_Name,HEXAGON Global Performance 09.15.08 /  Leitz_LSPX1H_T,Metrology_Report,Dummy
102,20UPBBB0000133,OB_BASE_BLOCK,QC_BEFORE_NI_COATING,Dimensional_Control,21/12/2023,1.0,True,False,Pass/No_Pass,True,Machine_Name,HEXAGON Global Performance 09.15.08 /  Leitz_LSPX1H_T,Metrology_Report,Dummy
103,20UPBBB0000134,OB_BASE_BLOCK,QC_BEFORE_NI_COATING,Dimensional_Control,21/12/2023,1.0,True,False,Pass/No_Pass,True,Machine_Name,HEXAGON Global Performance 09.15.08 /  Leitz_LSPX1H_T,Metrology_Report,Dummy
104,20UPBBB0000135,OB_BASE_BLOCK,QC_BEFORE_NI_COATING,Dimensional_Control,21/12/2023,1.0,True,False,Pass/No_Pass,True,Machine_Name,HEXAGON Global Performance 09.15.08 /  Leitz_LSPX1H_T,Metrology_Report,Dummy
105,20UPBBB0000136,OB_BASE_BLOCK,QC_BEFORE_NI_COATING,Dimensional_Control,21/12/2023,1.0,True,False,Pass/No_Pass,True,Machine_Name,HEXAGON Global Performance 09.15.08 /  Leitz_LSPX1H_T,Metrology_Report,Dummy
106,20UPBBB0000137,OB_BASE_BLOCK,QC_BEFORE_NI_COATING,Dimensional_Control,21/12/2023,1.0,True,False,Pass/No_Pass,True,Machine_Name,HEXAGON Global Performance 09.15.08 /  Leitz_LSPX1H_T,Metrology_Report,Dummy
107,20UPBBB0000138,OB_BASE_BLOCK,QC_BEFORE_NI_COATING,Dimensional_Control,21/12/2023,1.0,True,False,Pass/No_Pass,True,Machine_Name,HEXAGON Global Performance 09.15.08 /  Leitz_LSPX1H_T,Metrology_Report,Dummy
108,20UPBBB0000139,OB_BASE_BLOCK,QC_BEFORE_NI_COATING,Dimensional_Control,21/12/2023,1.0,True,False,Pass/No_Pass,True,Machine_Name,HEXAGON Global Performance 09.15.08 /  Leitz_LSPX1H_T,Metrology_Report,Dummy
109,20UPBBB0000140,OB_BASE_BLOCK,QC_BEFORE_NI_COATING,Dimensional_Control,21/12/2023,1.0,True,False,Pass/No_Pass,True,Machine_Name,HEXAGON Global Performance 09.15.08 /  Leitz_LSPX1H_T,Metrology_Report,Dummy
110,20UPBBB0000141,OB_BASE_BLOCK,QC_BEFORE_NI_COATING,Dimensional_Control,21/12/2023,1.0,True,False,Pass/No_Pass,True,Machine_Name,HEXAGON Global Performance 09.15.08 /  Leitz_LSPX1H_T,Metrology_Report,Dummy
111,20UPBBB0000142,OB_BASE_BLOCK,QC_BEFORE_NI_COATING,Dimensional_Control,21/12/2023,1.0,True,False,Pass/No_Pass,True,Machine_Name,HEXAGON Global Performance 09.15.08 /  Leitz_LSPX1H_T,Metrology_Report,Dummy
112,20UPBBB0000143,OB_BASE_BLOCK,QC_BEFORE_NI_COATING,Dimensional_Control,21/12/2023,1.0,True,False,Pass/No_Pass,True,Machine_Name,HEXAGON Global Performance 09.15.08 /  Leitz_LSPX1H_T,Metrology_Report,Dummy
113,20UPBBB0000144,OB_BASE_BLOCK,QC_BEFORE_NI_COATING,Dimensional_Control,21/12/2023,1.0,True,False,Pass/No_Pass,True,Machine_Name,HEXAGON Global Performance 09.15.08 /  Leitz_LSPX1H_T,Metrology_Report,Dummy
114,20UPBBB0000145,OB_BASE_BLOCK,QC_BEFORE_NI_COATING,Dimensional_Control,21/12/2023,1.0,True,False,Pass/No_Pass,True,Machine_Name,HEXAGON Global Performance 09.15.08 /  Leitz_LSPX1H_T,Metrology_Report,Dummy
115,20UPBBB0000146,OB_BASE_BLOCK,QC_BEFORE_NI_COATING,Dimensional_Control,21/12/2023,1.0,True,False,Pass/No_Pass,True,Machine_Name,HEXAGON Global Performance 09.15.08 /  Leitz_LSPX1H_T,Metrology_Report,Dummy
116,20UPBBB0000147,OB_BASE_BLOCK,QC_BEFORE_NI_COATING,Dimensional_Control,21/12/2023,1.0,True,False,Pass/No_Pass,True,Machine_Name,HEXAGON Global Performance 09.15.08 /  Leitz_LSPX1H_T,Metrology_Report,Dummy
117,20UPBBB0000148,OB_BASE_BLOCK,QC_BEFORE_NI_COATING,Dimensional_Control,21/12/2023,1.0,True,False,Pass/No_Pass,True,Machine_Name,HEXAGON Global Performance 09.15.08 /  Leitz_LSPX1H_T,Metrology_Report,Dummy
118,20UPBBB0000149,OB_BASE_BLOCK,QC_BEFORE_NI_COATING,Dimensional_Control,21/12/2023,1.0,True,False,Pass/No_Pass,True,Machine_Name,HEXAGON Global Performance 09.15.08 /  Leitz_LSPX1H_T,Metrology_Report,Dummy
119,20UPBBB0000150,OB_BASE_BLOCK,QC_BEFORE_NI_COATING,Dimensional_Control,21/12/2023,1.0,True,False,Pass/No_Pass,True,Machine_Name,HEXAGON Global Performance 09.15.08 /  Leitz_LSPX1H_T,Metrology_Report,Dummy
120,20UPBBB0000151,OB_BASE_BLOCK,QC_BEFORE_NI_COATING,Dimensional_Control,21/12/2023,1.0,True,False,Pass/No_Pass,True,Machine_Name,HEXAGON Global Performance 09.15.08 /  Leitz_LSPX1H_T,Metrology_Report,Dummy
121,20UPBBB0000152,OB_BASE_BLOCK,QC_BEFORE_NI_COATING,Dimensional_Control,21/12/2023,1.0,True,False,Pass/No_Pass,True,Machine_Name,HEXAGON Global Performance 09.15.08 /  Leitz_LSPX1H_T,Metrology_Report,Dummy
122,20UPBBB0000153,OB_BASE_BLOCK,QC_BEFORE_NI_COATING,Dimensional_Control,21/12/2023,1.0,True,False,Pass/No_Pass,True,Machine_Name,HEXAGON Global Performance 09.15.08 /  Leitz_LSPX1H_T,Metrology_Report,Dummy
123,20UPBBB0000154,OB_BASE_BLOCK,QC_BEFORE_NI_COATING,Dimensional_Control,21/12/2023,1.0,True,False,Pass/No_Pass,True,Machine_Name,HEXAGON Global Performance 09.15.08 /  Leitz_LSPX1H_T,Metrology_Report,Dummy
124,20UPBBB0000155,OB_BASE_BLOCK,QC_BEFORE_NI_COATING,Dimensional_Control,21/12/2023,1.0,True,False,Pass/No_Pass,True,Machine_Name,HEXAGON Global Performance 09.15.08 /  Leitz_LSPX1H_T,Metrology_Report,Dummy
125,20UPBBB0000156,OB_BASE_BLOCK,QC_BEFORE_NI_COATING,Dimensional_Control,22/12/2023,1.0,True,False,Pass/No_Pass,True,Machine_Name,HEXAGON Global Performance 09.15.08 /  Leitz_LSPX1H_T,Metrology_Report,Dummy
126,20UPBBB0000157,OB_BASE_BLOCK,QC_BEFORE_NI_COATING,Dimensional_Control,22/12/2023,1.0,True,False,Pass/No_Pass,True,Machine_Name,HEXAGON Global Performance 09.15.08 /  Leitz_LSPX1H_T,Metrology_Report,Dummy
127,20UPBBB0000158,OB_BASE_BLOCK,QC_BEFORE_NI_COATING,Dimensional_Control,22/12/2023,1.0,True,False,Pass/No_Pass,True,Machine_Name,HEXAGON Global Performance 09.15.08 /  Leitz_LSPX1H_T,Metrology_Report,Dummy
128,20UPBBB0000159,OB_BASE_BLOCK,QC_BEFORE_NI_COATING,Dimensional_Control,22/12/2023,1.0,True,False,Pass/No_Pass,True,Machine_Name,HEXAGON Global Performance 09.15.08 /  Leitz_LSPX1H_T,Metrology_Report,Dummy
129,20UPBBB0000160,OB_BASE_BLOCK,QC_BEFORE_NI_COATING,Dimensional_Control,22/12/2023,1.0,True,False,Pass/No_Pass,True,Machine_Name,HEXAGON Global Performance 09.15.08 /  Leitz_LSPX1H_T,Metrology_Report,Dummy
130,20UPBBB0000161,OB_BASE_BLOCK,QC_BEFORE_NI_COATING,Dimensional_Control,22/12/2023,1.0,True,False,Pass/No_Pass,True,Machine_Name,HEXAGON Global Performance 09.15.08 /  Leitz_LSPX1H_T,Metrology_Report,Dummy
131,20UPBBB0000162,OB_BASE_BLOCK,QC_BEFORE_NI_COATING,Dimensional_Control,22/12/2023,1.0,True,False,Pass/No_Pass,True,Machine_Name,HEXAGON Global Performance 09.15.08 /  Leitz_LSPX1H_T,Metrology_Report,Dummy
132,20UPBBB0000163,OB_BASE_BLOCK,QC_BEFORE_NI_COATING,Dimensional_Control,22/12/2023,1.0,True,False,Pass/No_Pass,True,Machine_Name,HEXAGON Global Performance 09.15.08 /  Leitz_LSPX1H_T,Metrology_Report,Dummy
133,20UPBBB0000164,OB_BASE_BLOCK,QC_BEFORE_NI_COATING,Dimensional_Control,22/12/2023,1.0,True,False,Pass/No_Pass,True,Machine_Name,HEXAGON Global Performance 09.15.08 /  Leitz_LSPX1H_T,Metrology_Report,Dummy
134,20UPBBB0000165,OB_BASE_BLOCK,QC_BEFORE_NI_COATING,Dimensional_Control,22/12/2023,1.0,True,False,Pass/No_Pass,True,Machine_Name,HEXAGON Global Performance 09.15.08 /  Leitz_LSPX1H_T,Metrology_Report,Dummy
135,20UPBBB0000166,OB_BASE_BLOCK,QC_BEFORE_NI_COATING,Dimensional_Control,22/12/2023,1.0,True,False,Pass/No_Pass,True,Machine_Name,HEXAGON Global Performance 09.15.08 /  Leitz_LSPX1H_T,Metrology_Report,Dummy
136,20UPBBB0000167,OB_BASE_BLOCK,QC_BEFORE_NI_COATING,Dimensional_Control,22/12/2023,1.0,True,False,Pass/No_Pass,True,Machine_Name,HEXAGON Global Performance 09.15.08 /  Leitz_LSPX1H_T,Metrology_Report,Dummy
137,20UPBBB0000168,OB_BASE_BLOCK,QC_BEFORE_NI_COATING,Dimensional_Control,22/12/2023,1.0,True,False,Pass/No_Pass,True,Machine_Name,HEXAGON Global Performance 09.15.08 /  Leitz_LSPX1H_T,Metrology_Report,Dummy
138,20UPBBB0000169,OB_BASE_BLOCK,QC_BEFORE_NI_COATING,Dimensional_Control,22/12/2023,1.0,True,False,Pass/No_Pass,True,Machine_Name,HEXAGON Global Performance 09.15.08 /  Leitz_LSPX1H_T,Metrology_Report,Dummy
139,20UPBBB0000170,OB_BASE_BLOCK,QC_BEFORE_NI_COATING,Dimensional_Control,22/12/2023,1.0,True,False,Pass/No_Pass,True,Machine_Name,HEXAGON Global Performance 09.15.08 /  Leitz_LSPX1H_T,Metrology_Report,Dummy
140,20UPBBB0000171,OB_BASE_BLOCK,QC_BEFORE_NI_COATING,Dimensional_Control,22/12/2023,1.0,True,False,Pass/No_Pass,True,Machine_Name,HEXAGON Global Performance 09.15.08 /  Leitz_LSPX1H_T,Metrology_Report,Dummy
141,20UPBBB0000172,OB_BASE_BLOCK,QC_BEFORE_NI_COATING,Dimensional_Control,22/12/2023,1.0,True,False,Pass/No_Pass,True,Machine_Name,HEXAGON Global Performance 09.15.08 /  Leitz_LSPX1H_T,Metrology_Report,Dummy
142,20UPBBB0000173,OB_BASE_BLOCK,QC_BEFORE_NI_COATING,Dimensional_Control,22/12/2023,1.0,True,False,Pass/No_Pass,True,Machine_Name,HEXAGON Global Performance 09.15.08 /  Leitz_LSPX1H_T,Metrology_Report,Dummy
143,20UPBBB0000174,OB_BASE_BLOCK,QC_BEFORE_NI_COATING,Dimensional_Control,22/12/2023,1.0,False,False,Pass/No_Pass,False,Machine_Name,HEXAGON Global Performance 09.15.08 /  Leitz_LSPX1H_T,Metrology_Report,Dummy
144,20UPBBB0000175,OB_BASE_BLOCK,QC_BEFORE_NI_COATING,Dimensional_Control,22/12/2023,1.0,True,False,Pass/No_Pass,True,Machine_Name,HEXAGON Global Performance 09.15.08 /  Leitz_LSPX1H_T,Metrology_Report,Dummy
145,20UPBBB0000176,OB_BASE_BLOCK,QC_BEFORE_NI_COATING,Dimensional_Control,22/12/2023,1.0,True,False,Pass/No_Pass,True,Machine_Name,HEXAGON Global Performance 09.15.08 /  Leitz_LSPX1H_T,Metrology_Report,Dummy
146,20UPBBB0000177,OB_BASE_BLOCK,QC_BEFORE_NI_COATING,Dimensional_Control,22/12/2023,1.0,True,False,Pass/No_Pass,True,Machine_Name,HEXAGON Global Performance 09.15.08 /  Leitz_LSPX1H_T,Metrology_Report,Dummy
147,20UPBBB0000178,OB_BASE_BLOCK,QC_BEFORE_NI_COATING,Dimensional_Control,22/12/2023,1.0,True,False,Pass/No_Pass,True,Machine_Name,HEXAGON Global Performance 09.15.08 /  Leitz_LSPX1H_T,Metrology_Report,Dummy
148,20UPBBB0000179,OB_BASE_BLOCK,QC_BEFORE_NI_COATING,Dimensional_Control,22/12/2023,1.0,True,False,Pass/No_Pass,True,Machine_Name,HEXAGON Global Performance 09.15.08 /  Leitz_LSPX1H_T,Metrology_Report,Dummy
149,20UPBBB0000180,OB_BASE_BLOCK,QC_BEFORE_NI_COATING,Dimensional_Control,22/12/2023,1.0,True,False,Pass/No_Pass,True,Machine_Name,HEXAGON Global Performance 09.15.08 /  Leitz_LSPX1H_T,Metrology_Report,Dummy
150,20UPBBB0000181,OB_BASE_BLOCK,QC_BEFORE_NI_COATING,Dimensional_Control,22/12/2023,1.0,True,False,Pass/No_Pass,True,Machine_Name,HEXAGON Global Performance 09.15.08 /  Leitz_LSPX1H_T,Metrology_Report,Dummy
151,20UPBBB0000182,OB_BASE_BLOCK,QC_BEFORE_NI_COATING,Dimensional_Control,22/12/2023,1.0,True,False,Pass/No_Pass,True,Machine_Name,HEXAGON Global Performance 09.15.08 /  Leitz_LSPX1H_T,Metrology_Report,Dummy
152,20UPBBB0000183,OB_BASE_BLOCK,QC_BEFORE_NI_COATING,Dimensional_Control,22/12/2023,1.0,True,False,Pass/No_Pass,True,Machine_Name,HEXAGON Global Performance 09.15.08 /  Leitz_LSPX1H_T,Metrology_Report,Dummy
153,20UPBBB0000184,OB_BASE_BLOCK,QC_BEFORE_NI_COATING,Dimensional_Control,22/12/2023,1.0,True,False,Pass/No_Pass,True,Machine_Name,HEXAGON Global Performance 09.15.08 /  Leitz_LSPX1H_T,Metrology_Report,Dummy
154,20UPBBB0000185,OB_BASE_BLOCK,QC_BEFORE_NI_COATING,Dimensional_Control,22/12/2023,1.0,True,False,Pass/No_Pass,True,Machine_Name,HEXAGON Global Performance 09.15.08 /  Leitz_LSPX1H_T,Metrology_Report,Dummy
155,20UPBBB0000186,OB_BASE_BLOCK,QC_BEFORE_NI_COATING,Dimensional_Control,22/12/2023,1.0,True,False,Pass/No_Pass,True,Machine_Name,HEXAGON Global Performance 09.15.08 /  Leitz_LSPX1H_T,Metrology_Report,Dummy
156,20UPBBB0000187,OB_BASE_BLOCK,QC_BEFORE_NI_COATING,Dimensional_Control,22/12/2023,1.0,True,False,Pass/No_Pass,True,Machine_Name,HEXAGON Global Performance 09.15.08 /  Leitz_LSPX1H_T,Metrology_Report,Dummy
157,20UPBBB0000188,OB_BASE_BLOCK,QC_BEFORE_NI_COATING,Dimensional_Control,22/12/2023,1.0,True,False,Pass/No_Pass,True,Machine_Name,HEXAGON Global Performance 09.15.08 /  Leitz_LSPX1H_T,Metrology_Report,Dummy
158,20UPBBB0000189,OB_BASE_BLOCK,QC_BEFORE_NI_COATING,Dimensional_Control,22/12/2023,1.0,True,False,Pass/No_Pass,True,Machine_Name,HEXAGON Global Performance 09.15.08 /  Leitz_LSPX1H_T,Metrology_Report,Dummy
159,20UPBBB0000190,OB_BASE_BLOCK,QC_BEFORE_NI_COATING,Dimensional_Control,22/12/2023,1.0,True,False,Pass/No_Pass,True,Machine_Name,HEXAGON Global Performance 09.15.08 /  Leitz_LSPX1H_T,Metrology_Report,Dummy
160,20UPBBB0000191,OB_BASE_BLOCK,QC_BEFORE_NI_COATING,Dimensional_Control,22/12/2023,1.0,True,False,Pass/No_Pass,True,Machine_Name,HEXAGON Global Performance 09.15.08 /  Leitz_LSPX1H_T,Metrology_Report,Dummy
161,20UPBBB0000192,OB_BASE_BLOCK,QC_BEFORE_NI_COATING,Dimensional_Control,22/12/2023,1.0,True,False,Pass/No_Pass,True,Machine_Name,HEXAGON Global Performance 09.15.08 /  Leitz_LSPX1H_T,Metrology_Report,Dummy
162,20UPBBB0000193,OB_BASE_BLOCK,QC_BEFORE_NI_COATING,Dimensional_Control,22/12/2023,1.0,True,False,Pass/No_Pass,True,Machine_Name,HEXAGON Global Performance 09.15.08 /  Leitz_LSPX1H_T,Metrology_Report,Dummy
163,20UPBBB0000194,OB_BASE_BLOCK,QC_BEFORE_NI_COATING,Dimensional_Control,22/12/2023,1.0,True,False,Pass/No_Pass,True,Machine_Name,HEXAGON Global Performance 09.15.08 /  Leitz_LSPX1H_T,Metrology_Report,Dummy
164,20UPBBB0000195,OB_BASE_BLOCK,QC_BEFORE_NI_COATING,Dimensional_Control,22/12/2023,1.0,True,False,Pass/No_Pass,True,Machine_Name,HEXAGON Global Performance 09.15.08 /  Leitz_LSPX1H_T,Metrology_Report,Dummy
165,20UPBBB0000196,OB_BASE_BLOCK,QC_BEFORE_NI_COATING,Dimensional_Control,22/12/2023,1.0,True,False,Pass/No_Pass,True,Machine_Name,HEXAGON Global Performance 09.15.08 /  Leitz_LSPX1H_T,Metrology_Report,Dummy
166,20UPBBB0000197,OB_BASE_BLOCK,QC_BEFORE_NI_COATING,Dimensional_Control,22/12/2023,1.0,True,False,Pass/No_Pass,True,Machine_Name,HEXAGON Global Performance 09.15.08 /  Leitz_LSPX1H_T,Metrology_Report,Dummy
167,20UPBBB0000198,OB_BASE_BLOCK,QC_BEFORE_NI_COATING,Dimensional_Control,22/12/2023,1.0,True,False,Pass/No_Pass,True,Machine_Name,HEXAGON Global Performance 09.15.08 /  Leitz_LSPX1H_T,Metrology_Report,Dummy
168,20UPBBB0000199,OB_BASE_BLOCK,QC_BEFORE_NI_COATING,Dimensional_Control,22/12/2023,1.0,True,False,Pass/No_Pass,True,Machine_Name,HEXAGON Global Performance 09.15.08 /  Leitz_LSPX1H_T,Metrology_Report,Dummy
169,20UPBBB0000200,OB_BASE_BLOCK,QC_BEFORE_NI_COATING,Dimensional_Control,22/12/2023,1.0,True,False,Pass/No_Pass,True,Machine_Name,HEXAGON Global Performance 09.15.08 /  Leitz_LSPX1H_T,Metrology_Report,Dummy
170,20UPBBB0000201,OB_BASE_BLOCK,QC_BEFORE_NI_COATING,Dimensional_Control,22/12/2023,1.0,True,False,Pass/No_Pass,True,Machine_Name,HEXAGON Global Performance 09.15.08 /  Leitz_LSPX1H_T,Metrology_Report,Dummy
171,20UPBBB0000202,OB_BASE_BLOCK,QC_BEFORE_NI_COATING,Dimensional_Control,22/12/2023,1.0,True,False,Pass/No_Pass,True,Machine_Name,HEXAGON Global Performance 09.15.08 /  Leitz_LSPX1H_T,Metrology_Report,Dummy
172,20UPBBB0000203,OB_BASE_BLOCK,QC_BEFORE_NI_COATING,Dimensional_Control,22/12/2023,1.0,True,False,Pass/No_Pass,True,Machine_Name,HEXAGON Global Performance 09.15.08 /  Leitz_LSPX1H_T,Metrology_Report,Dummy
173,20UPBBB0000204,OB_BASE_BLOCK,QC_BEFORE_NI_COATING,Dimensional_Control,22/12/2023,1.0,True,False,Pass/No_Pass,True,Machine_Name,HEXAGON Global Performance 09.15.08 /  Leitz_LSPX1H_T,Metrology_Report,Dummy
174,20UPBBB0000205,OB_BASE_BLOCK,QC_BEFORE_NI_COATING,Dimensional_Control,22/12/2023,1.0,True,False,Pass/No_Pass,True,Machine_Name,HEXAGON Global Performance 09.15.08 /  Leitz_LSPX1H_T,Metrology_Report,Dummy
175,20UPBBB0000206,OB_BASE_BLOCK,QC_BEFORE_NI_COATING,Dimensional_Control,04/01/2024,1.0,True,False,Pass/No_Pass,True,Machine_Name,HEXAGON Global Performance 09.15.08 /  Leitz_LSPX1H_T,Metrology_Report,Dummy
176,20UPBBB0000207,OB_BASE_BLOCK,QC_BEFORE_NI_COATING,Dimensional_Control,04/01/2024,1.0,True,False,Pass/No_Pass,True,Machine_Name,HEXAGON Global Performance 09.15.08 /  Leitz_LSPX1H_T,Metrology_Report,Dummy
177,20UPBBB0000208,OB_BASE_BLOCK,QC_BEFORE_NI_COATING,Dimensional_Control,04/01/2024,1.0,True,False,Pass/No_Pass,True,Machine_Name,HEXAGON Global Performance 09.15.08 /  Leitz_LSPX1H_T,Metrology_Report,Dummy
178,20UPBBB0000209,OB_BASE_BLOCK,QC_BEFORE_NI_COATING,Dimensional_Control,04/01/2024,1.0,True,False,Pass/No_Pass,True,Machine_Name,HEXAGON Global Performance 09.15.08 /  Leitz_LSPX1H_T,Metrology_Report,Dummy
179,20UPBBB0000210,OB_BASE_BLOCK,QC_BEFORE_NI_COATING,Dimensional_Control,04/01/2024,1.0,True,False,Pass/No_Pass,True,Machine_Name,HEXAGON Global Performance 09.15.08 /  Leitz_LSPX1H_T,Metrology_Report,Dummy
180,20UPBBB0000211,OB_BASE_BLOCK,QC_BEFORE_NI_COATING,Dimensional_Control,04/01/2024,1.0,False,False,Pass/No_Pass,False,Machine_Name,HEXAGON Global Performance 09.15.08 /  Leitz_LSPX1H_T,Metrology_Report,Dummy
181,20UPBBB0000212,OB_BASE_BLOCK,QC_BEFORE_NI_COATING,Dimensional_Control,04/01/2024,1.0,True,False,Pass/No_Pass,True,Machine_Name,HEXAGON Global Performance 09.15.08 /  Leitz_LSPX1H_T,Metrology_Report,Dummy
182,20UPBBB0000213,OB_BASE_BLOCK,QC_BEFORE_NI_COATING,Dimensional_Control,04/01/2024,1.0,True,False,Pass/No_Pass,True,Machine_Name,HEXAGON Global Performance 09.15.08 /  Leitz_LSPX1H_T,Metrology_Report,Dummy
183,20UPBBB0000214,OB_BASE_BLOCK,QC_BEFORE_NI_COATING,Dimensional_Control,04/01/2024,1.0,True,False,Pass/No_Pass,True,Machine_Name,HEXAGON Global Performance 09.15.08 /  Leitz_LSPX1H_T,Metrology_Report,Dummy
184,20UPBBB0000215,OB_BASE_BLOCK,QC_BEFORE_NI_COATING,Dimensional_Control,04/01/2024,1.0,True,False,Pass/No_Pass,True,Machine_Name,HEXAGON Global Performance 09.15.08 /  Leitz_LSPX1H_T,Metrology_Report,Dummy
185,20UPBBB0000216,OB_BASE_BLOCK,QC_BEFORE_NI_COATING,Dimensional_Control,04/01/2024,1.0,True,False,Pass/No_Pass,True,Machine_Name,HEXAGON Global Performance 09.15.08 /  Leitz_LSPX1H_T,Metrology_Report,Dummy
186,20UPBBB0000217,OB_BASE_BLOCK,QC_BEFORE_NI_COATING,Dimensional_Control,04/01/2024,1.0,True,False,Pass/No_Pass,True,Machine_Name,HEXAGON Global Performance 09.15.08 /  Leitz_LSPX1H_T,Metrology_Report,Dummy
187,20UPBBB0000218,OB_BASE_BLOCK,QC_BEFORE_NI_COATING,Dimensional_Control,04/01/2024,1.0,True,False,Pass/No_Pass,True,Machine_Name,HEXAGON Global Performance 09.15.08 /  Leitz_LSPX1H_T,Metrology_Report,Dummy
188,20UPBBB0000219,OB_BASE_BLOCK,QC_BEFORE_NI_COATING,Dimensional_Control,04/01/2024,1.0,True,False,Pass/No_Pass,True,Machine_Name,HEXAGON Global Performance 09.15.08 /  Leitz_LSPX1H_T,Metrology_Report,Dummy
189,20UPBBB0000220,OB_BASE_BLOCK,QC_BEFORE_NI_COATING,Dimensional_Control,04/01/2024,1.0,True,False,Pass/No_Pass,True,Machine_Name,HEXAGON Global Performance 09.15.08 /  Leitz_LSPX1H_T,Metrology_Report,Dummy
190,20UPBBB0000221,OB_BASE_BLOCK,QC_BEFORE_NI_COATING,Dimensional_Control,04/01/2024,1.0,True,False,Pass/No_Pass,True,Machine_Name,HEXAGON Global Performance 09.15.08 /  Leitz_LSPX1H_T,Metrology_Report,Dummy
191,20UPBBB0000222,OB_BASE_BLOCK,QC_BEFORE_NI_COATING,Dimensional_Control,04/01/2024,1.0,True,False,Pass/No_Pass,True,Machine_Name,HEXAGON Global Performance 09.15.08 /  Leitz_LSPX1H_T,Metrology_Report,Dummy
192,20UPBBB0000223,OB_BASE_BLOCK,QC_BEFORE_NI_COATING,Dimensional_Control,04/01/2024,1.0,True,False,Pass/No_Pass,True,Machine_Name,HEXAGON Global Performance 09.15.08 /  Leitz_LSPX1H_T,Metrology_Report,Dummy
193,20UPBBB0000224,OB_BASE_BLOCK,QC_BEFORE_NI_COATING,Dimensional_Control,04/01/2024,1.0,True,False,Pass/No_Pass,True,Machine_Name,HEXAGON Global Performance 09.15.08 /  Leitz_LSPX1H_T,Metrology_Report,Dummy
194,20UPBBB0000225,OB_BASE_BLOCK,QC_BEFORE_NI_COATING,Dimensional_Control,04/01/2024,1.0,True,False,Pass/No_Pass,True,Machine_Name,HEXAGON Global Performance 09.15.08 /  Leitz_LSPX1H_T,Metrology_Report,Dummy
195,20UPBBB0000226,OB_BASE_BLOCK,QC_BEFORE_NI_COATING,Dimensional_Control,04/01/2024,1.0,True,False,Pass/No_Pass,True,Machine_Name,HEXAGON Global Performance 09.15.08 /  Leitz_LSPX1H_T,Metrology_Report,Dummy
196,20UPBBB0000227,OB_BASE_BLOCK,QC_BEFORE_NI_COATING,Dimensional_Control,04/01/2024,1.0,True,False,Pass/No_Pass,True,Machine_Name,HEXAGON Global Performance 09.15.08 /  Leitz_LSPX1H_T,Metrology_Report,Dummy
197,20UPBBB0000228,OB_BASE_BLOCK,QC_BEFORE_NI_COATING,Dimensional_Control,04/01/2024,1.0,True,False,Pass/No_Pass,True,Machine_Name,HEXAGON Global Performance 09.15.08 /  Leitz_LSPX1H_T,Metrology_Report,Dummy
198,20UPBBB0000229,OB_BASE_BLOCK,QC_BEFORE_NI_COATING,Dimensional_Control,04/01/2024,1.0,True,False,Pass/No_Pass,True,Machine_Name,HEXAGON Global Performance 09.15.08 /  Leitz_LSPX1H_T,Metrology_Report,Dummy
199,20UPBBB0000230,OB_BASE_BLOCK,QC_BEFORE_NI_COATING,Dimensional_Control,04/01/2024,1.0,True,False,Pass/No_Pass,True,Machine_Name,HEXAGON Global Performance 09.15.08 /  Leitz_LSPX1H_T,Metrology_Report,Dummy
200,20UPBBB0000231,OB_BASE_BLOCK,QC_BEFORE_NI_COATING,Dimensional_Control,04/01/2024,1.0,True,False,Pass/No_Pass,True,Machine_Name,HEXAGON Global Performance 09.15.08 /  Leitz_LSPX1H_T,Metrology_Report,Dummy
201,20UPBBB0000232,OB_BASE_BLOCK,QC_BEFORE_NI_COATING,Dimensional_Control,04/01/2024,1.0,True,False,Pass/No_Pass,True,Machine_Name,HEXAGON Global Performance 09.15.08 /  Leitz_LSPX1H_T,Metrology_Report,Dummy
202,20UPBBB0000233,OB_BASE_BLOCK,QC_BEFORE_NI_COATING,Dimensional_Control,04/01/2024,1.0,True,False,Pass/No_Pass,True,Machine_Name,HEXAGON Global Performance 09.15.08 /  Leitz_LSPX1H_T,Metrology_Report,Dummy
203,20UPBBB0000234,OB_BASE_BLOCK,QC_BEFORE_NI_COATING,Dimensional_Control,04/01/2024,1.0,True,False,Pass/No_Pass,True,Machine_Name,HEXAGON Global Performance 09.15.08 /  Leitz_LSPX1H_T,Metrology_Report,Dummy
204,20UPBBB0000235,OB_BASE_BLOCK,QC_BEFORE_NI_COATING,Dimensional_Control,04/01/2024,1.0,True,False,Pass/No_Pass,True,Machine_Name,HEXAGON Global Performance 09.15.08 /  Leitz_LSPX1H_T,Metrology_Report,Dummy
205,20UPBBB0000236,OB_BASE_BLOCK,QC_BEFORE_NI_COATING,Dimensional_Control,04/01/2024,1.0,True,False,Pass/No_Pass,True,Machine_Name,HEXAGON Global Performance 09.15.08 /  Leitz_LSPX1H_T,Metrology_Report,Dummy
206,20UPBBB0000237,OB_BASE_BLOCK,QC_BEFORE_NI_COATING,Dimensional_Control,04/01/2024,1.0,True,False,Pass/No_Pass,True,Machine_Name,HEXAGON Global Performance 09.15.08 /  Leitz_LSPX1H_T,Metrology_Report,Dummy
207,20UPBBB0000238,OB_BASE_BLOCK,QC_BEFORE_NI_COATING,Dimensional_Control,04/01/2024,1.0,True,False,Pass/No_Pass,True,Machine_Name,HEXAGON Global Performance 09.15.08 /  Leitz_LSPX1H_T,Metrology_Report,Dummy
208,20UPBBB0000239,OB_BASE_BLOCK,QC_BEFORE_NI_COATING,Dimensional_Control,04/01/2024,1.0,True,False,Pass/No_Pass,True,Machine_Name,HEXAGON Global Performance 09.15.08 /  Leitz_LSPX1H_T,Metrology_Report,Dummy
209,20UPBBB0000240,OB_BASE_BLOCK,QC_BEFORE_NI_COATING,Dimensional_Control,04/01/2024,1.0,True,False,Pass/No_Pass,True,Machine_Name,HEXAGON Global Performance 09.15.08 /  Leitz_LSPX1H_T,Metrology_Report,Dummy
210,20UPBBB0000241,OB_BASE_BLOCK,QC_BEFORE_NI_COATING,Dimensional_Control,04/01/2024,1.0,True,False,Pass/No_Pass,True,Machine_Name,HEXAGON Global Performance 09.15.08 /  Leitz_LSPX1H_T,Metrology_Report,Dummy
211,20UPBBB0000242,OB_BASE_BLOCK,QC_BEFORE_NI_COATING,Dimensional_Control,04/01/2024,1.0,True,False,Pass/No_Pass,True,Machine_Name,HEXAGON Global Performance 09.15.08 /  Leitz_LSPX1H_T,Metrology_Report,Dummy
212,20UPBBB0000243,OB_BASE_BLOCK,QC_BEFORE_NI_COATING,Dimensional_Control,04/01/2024,1.0,True,False,Pass/No_Pass,True,Machine_Name,HEXAGON Global Performance 09.15.08 /  Leitz_LSPX1H_T,Metrology_Report,Dummy
213,20UPBBB0000244,OB_BASE_BLOCK,QC_BEFORE_NI_COATING,Dimensional_Control,04/01/2024,1.0,True,False,Pass/No_Pass,True,Machine_Name,HEXAGON Global Performance 09.15.08 /  Leitz_LSPX1H_T,Metrology_Report,Dummy
214,20UPBBB0000245,OB_BASE_BLOCK,QC_BEFORE_NI_COATING,Dimensional_Control,04/01/2024,1.0,True,False,Pass/No_Pass,True,Machine_Name,HEXAGON Global Performance 09.15.08 /  Leitz_LSPX1H_T,Metrology_Report,Dummy
215,20UPBBB0000246,OB_BASE_BLOCK,QC_BEFORE_NI_COATING,Dimensional_Control,04/01/2024,1.0,True,False,Pass/No_Pass,True,Machine_Name,HEXAGON Global Performance 09.15.08 /  Leitz_LSPX1H_T,Metrology_Report,Dummy
216,20UPBBB0000247,OB_BASE_BLOCK,QC_BEFORE_NI_COATING,Dimensional_Control,04/01/2024,1.0,True,False,Pass/No_Pass,True,Machine_Name,HEXAGON Global Performance 09.15.08 /  Leitz_LSPX1H_T,Metrology_Report,Dummy
217,20UPBBB0000248,OB_BASE_BLOCK,QC_BEFORE_NI_COATING,Dimensional_Control,04/01/2024,1.0,True,False,Pass/No_Pass,True,Machine_Name,HEXAGON Global Performance 09.15.08 /  Leitz_LSPX1H_T,Metrology_Report,Dummy
218,20UPBBB0000249,OB_BASE_BLOCK,QC_BEFORE_NI_COATING,Dimensional_Control,04/01/2024,1.0,True,False,Pass/No_Pass,True,Machine_Name,HEXAGON Global Performance 09.15.08 /  Leitz_LSPX1H_T,Metrology_Report,Dummy
219,20UPBBB0000250,OB_BASE_BLOCK,QC_BEFORE_NI_COATING,Dimensional_Control,04/01/2024,1.0,True,False,Pass/No_Pass,True,Machine_Name,HEXAGON Global Performance 09.15.08 /  Leitz_LSPX1H_T,Metrology_Report,Dummy
220,20UPBBB0000251,OB_BASE_BLOCK,QC_BEFORE_NI_COATING,Dimensional_Control,04/01/2024,1.0,True,False,Pass/No_Pass,True,Machine_Name,HEXAGON Global Performance 09.15.08 /  Leitz_LSPX1H_T,Metrology_Report,Dummy
221,20UPBBB0000252,OB_BASE_BLOCK,QC_BEFORE_NI_COATING,Dimensional_Control,04/01/2024,1.0,True,False,Pass/No_Pass,True,Machine_Name,HEXAGON Global Performance 09.15.08 /  Leitz_LSPX1H_T,Metrology_Report,Dummy
222,20UPBBB0000253,OB_BASE_BLOCK,QC_BEFORE_NI_COATING,Dimensional_Control,04/01/2024,1.0,True,False,Pass/No_Pass,True,Machine_Name,HEXAGON Global Performance 09.15.08 /  Leitz_LSPX1H_T,Metrology_Report,Dummy
223,20UPBBB0000254,OB_BASE_BLOCK,QC_BEFORE_NI_COATING,Dimensional_Control,04/01/2024,1.0,True,False,Pass/No_Pass,True,Machine_Name,HEXAGON Global Performance 09.15.08 /  Leitz_LSPX1H_T,Metrology_Report,Dummy
224,20UPBBB0000255,OB_BASE_BLOCK,QC_BEFORE_NI_COATING,Dimensional_Control,04/01/2024,1.0,True,False,Pass/No_Pass,True,Machine_Name,HEXAGON Global Performance 09.15.08 /  Leitz_LSPX1H_T,Metrology_Report,Dummy
225,20UPBBB0000256,OB_BASE_BLOCK,QC_BEFORE_NI_COATING,Dimensional_Control,05/01/2024,1.0,True,False,Pass/No_Pass,True,Machine_Name,HEXAGON Global Performance 09.15.08 /  Leitz_LSPX1H_T,Metrology_Report,Dummy
226,20UPBBB0000257,OB_BASE_BLOCK,QC_BEFORE_NI_COATING,Dimensional_Control,05/01/2024,1.0,True,False,Pass/No_Pass,True,Machine_Name,HEXAGON Global Performance 09.15.08 /  Leitz_LSPX1H_T,Metrology_Report,Dummy
227,20UPBBB0000258,OB_BASE_BLOCK,QC_BEFORE_NI_COATING,Dimensional_Control,05/01/2024,1.0,True,False,Pass/No_Pass,True,Machine_Name,HEXAGON Global Performance 09.15.08 /  Leitz_LSPX1H_T,Metrology_Report,Dummy
228,20UPBBB0000259,OB_BASE_BLOCK,QC_BEFORE_NI_COATING,Dimensional_Control,05/01/2024,1.0,True,False,Pass/No_Pass,True,Machine_Name,HEXAGON Global Performance 09.15.08 /  Leitz_LSPX1H_T,Metrology_Report,Dummy
229,20UPBBB0000260,OB_BASE_BLOCK,QC_BEFORE_NI_COATING,Dimensional_Control,05/01/2024,1.0,True,False,Pass/No_Pass,True,Machine_Name,HEXAGON Global Performance 09.15.08 /  Leitz_LSPX1H_T,Metrology_Report,Dummy
230,20UPBBB0000261,OB_BASE_BLOCK,QC_BEFORE_NI_COATING,Dimensional_Control,05/01/2024,1.0,True,False,Pass/No_Pass,True,Machine_Name,HEXAGON Global Performance 09.15.08 /  Leitz_LSPX1H_T,Metrology_Report,Dummy
231,20UPBBB0000262,OB_BASE_BLOCK,QC_BEFORE_NI_COATING,Dimensional_Control,05/01/2024,1.0,True,False,Pass/No_Pass,True,Machine_Name,HEXAGON Global Performance 09.15.08 /  Leitz_LSPX1H_T,Metrology_Report,Dummy
232,20UPBBB0000263,OB_BASE_BLOCK,QC_BEFORE_NI_COATING,Dimensional_Control,05/01/2024,1.0,True,False,Pass/No_Pass,True,Machine_Name,HEXAGON Global Performance 09.15.08 /  Leitz_LSPX1H_T,Metrology_Report,Dummy
233,20UPBBB0000264,OB_BASE_BLOCK,QC_BEFORE_NI_COATING,Dimensional_Control,05/01/2024,1.0,True,False,Pass/No_Pass,True,Machine_Name,HEXAGON Global Performance 09.15.08 /  Leitz_LSPX1H_T,Metrology_Report,Dummy
234,20UPBBB0000265,OB_BASE_BLOCK,QC_BEFORE_NI_COATING,Dimensional_Control,05/01/2024,1.0,True,False,Pass/No_Pass,True,Machine_Name,HEXAGON Global Performance 09.15.08 /  Leitz_LSPX1H_T,Metrology_Report,Dummy
235,20UPBBB0000266,OB_BASE_BLOCK,QC_BEFORE_NI_COATING,Dimensional_Control,05/01/2024,1.0,True,False,Pass/No_Pass,True,Machine_Name,HEXAGON Global Performance 09.15.08 /  Leitz_LSPX1H_T,Metrology_Report,Dummy
236,20UPBBB0000267,OB_BASE_BLOCK,QC_BEFORE_NI_COATING,Dimensional_Control,05/01/2024,1.0,True,False,Pass/No_Pass,True,Machine_Name,HEXAGON Global Performance 09.15.08 /  Leitz_LSPX1H_T,Metrology_Report,Dummy
237,20UPBBB0000268,OB_BASE_BLOCK,QC_BEFORE_NI_COATING,Dimensional_Control,05/01/2024,1.0,True,False,Pass/No_Pass,True,Machine_Name,HEXAGON Global Performance 09.15.08 /  Leitz_LSPX1H_T,Metrology_Report,Dummy
238,20UPBBB0000269,OB_BASE_BLOCK,QC_BEFORE_NI_COATING,Dimensional_Control,05/01/2024,1.0,True,False,Pass/No_Pass,True,Machine_Name,HEXAGON Global Performance 09.15.08 /  Leitz_LSPX1H_T,Metrology_Report,Dummy
239,20UPBBB0000270,OB_BASE_BLOCK,QC_BEFORE_NI_COATING,Dimensional_Control,05/01/2024,1.0,True,False,Pass/No_Pass,True,Machine_Name,HEXAGON Global Performance 09.15.08 /  Leitz_LSPX1H_T,Metrology_Report,Dummy
240,20UPBBB0000271,OB_BASE_BLOCK,QC_BEFORE_NI_COATING,Dimensional_Control,05/01/2024,1.0,True,False,Pass/No_Pass,True,Machine_Name,HEXAGON Global Performance 09.15.08 /  Leitz_LSPX1H_T,Metrology_Report,Dummy
241,20UPBBB0000272,OB_BASE_BLOCK,QC_BEFORE_NI_COATING,Dimensional_Control,05/01/2024,1.0,True,False,Pass/No_Pass,True,Machine_Name,HEXAGON Global Performance 09.15.08 /  Leitz_LSPX1H_T,Metrology_Report,Dummy
242,20UPBBB0000273,OB_BASE_BLOCK,QC_BEFORE_NI_COATING,Dimensional_Control,05/01/2024,1.0,True,False,Pass/No_Pass,True,Machine_Name,HEXAGON Global Performance 09.15.08 /  Leitz_LSPX1H_T,Metrology_Report,Dummy
243,20UPBBB0000274,OB_BASE_BLOCK,QC_BEFORE_NI_COATING,Dimensional_Control,05/01/2024,1.0,True,False,Pass/No_Pass,True,Machine_Name,HEXAGON Global Performance 09.15.08 /  Leitz_LSPX1H_T,Metrology_Report,Dummy
244,20UPBBB0000275,OB_BASE_BLOCK,QC_BEFORE_NI_COATING,Dimensional_Control,05/01/2024,1.0,True,False,Pass/No_Pass,True,Machine_Name,HEXAGON Global Performance 09.15.08 /  Leitz_LSPX1H_T,Metrology_Report,Dummy
245,20UPBBB0000276,OB_BASE_BLOCK,QC_BEFORE_NI_COATING,Dimensional_Control,05/01/2024,1.0,True,False,Pass/No_Pass,True,Machine_Name,HEXAGON Global Performance 09.15.08 /  Leitz_LSPX1H_T,Metrology_Report,Dummy
246,20UPBBB0000277,OB_BASE_BLOCK,QC_BEFORE_NI_COATING,Dimensional_Control,05/01/2024,1.0,True,False,Pass/No_Pass,True,Machine_Name,HEXAGON Global Performance 09.15.08 /  Leitz_LSPX1H_T,Metrology_Report,Dummy
247,20UPBBB0000278,OB_BASE_BLOCK,QC_BEFORE_NI_COATING,Dimensional_Control,05/01/2024,1.0,True,False,Pass/No_Pass,True,Machine_Name,HEXAGON Global Performance 09.15.08 /  Leitz_LSPX1H_T,Metrology_Report,Dummy
248,20UPBBB0000279,OB_BASE_BLOCK,QC_BEFORE_NI_COATING,Dimensional_Control,05/01/2024,1.0,True,False,Pass/No_Pass,True,Machine_Name,HEXAGON Global Performance 09.15.08 /  Leitz_LSPX1H_T,Metrology_Report,Dummy
249,20UPBBB0000280,OB_BASE_BLOCK,QC_BEFORE_NI_COATING,Dimensional_Control,05/01/2024,1.0,True,False,Pass/No_Pass,True,Machine_Name,HEXAGON Global Performance 09.15.08 /  Leitz_LSPX1H_T,Metrology_Report,Dummy
250,20UPBBB0000281,OB_BASE_BLOCK,QC_BEFORE_NI_COATING,Dimensional_Control,05/01/2024,1.0,True,False,Pass/No_Pass,True,Machine_Name,HEXAGON Global Performance 09.15.08 /  Leitz_LSPX1H_T,Metrology_Report,Dummy
251,20UPBBB0000282,OB_BASE_BLOCK,QC_BEFORE_NI_COATING,Dimensional_Control,05/01/2024,1.0,True,False,Pass/No_Pass,True,Machine_Name,HEXAGON Global Performance 09.15.08 /  Leitz_LSPX1H_T,Metrology_Report,Dummy
252,20UPBBB0000283,OB_BASE_BLOCK,QC_BEFORE_NI_COATING,Dimensional_Control,05/01/2024,1.0,True,False,Pass/No_Pass,True,Machine_Name,HEXAGON Global Performance 09.15.08 /  Leitz_LSPX1H_T,Metrology_Report,Dummy
253,20UPBBB0000284,OB_BASE_BLOCK,QC_BEFORE_NI_COATING,Dimensional_Control,05/01/2024,1.0,True,False,Pass/No_Pass,True,Machine_Name,HEXAGON Global Performance 09.15.08 /  Leitz_LSPX1H_T,Metrology_Report,Dummy
254,20UPBBB0000285,OB_BASE_BLOCK,QC_BEFORE_NI_COATING,Dimensional_Control,05/01/2024,1.0,True,False,Pass/No_Pass,True,Machine_Name,HEXAGON Global Performance 09.15.08 /  Leitz_LSPX1H_T,Metrology_Report,Dummy
255,20UPBBB0000286,OB_BASE_BLOCK,QC_BEFORE_NI_COATING,Dimensional_Control,05/01/2024,1.0,True,False,Pass/No_Pass,True,Machine_Name,HEXAGON Global Performance 09.15.08 /  Leitz_LSPX1H_T,Metrology_Report,Dummy
256,20UPBBB0000287,OB_BASE_BLOCK,QC_BEFORE_NI_COATING,Dimensional_Control,05/01/2024,1.0,True,False,Pass/No_Pass,True,Machine_Name,HEXAGON Global Performance 09.15.08 /  Leitz_LSPX1H_T,Metrology_Report,Dummy
257,20UPBBB0000288,OB_BASE_BLOCK,QC_BEFORE_NI_COATING,Dimensional_Control,05/01/2024,1.0,True,False,Pass/No_Pass,True,Machine_Name,HEXAGON Global Performance 09.15.08 /  Leitz_LSPX1H_T,Metrology_Report,Dummy
258,20UPBBB0000289,OB_BASE_BLOCK,QC_BEFORE_NI_COATING,Dimensional_Control,05/01/2024,1.0,True,False,Pass/No_Pass,True,Machine_Name,HEXAGON Global Performance 09.15.08 /  Leitz_LSPX1H_T,Metrology_Report,Dummy
259,20UPBBB0000290,OB_BASE_BLOCK,QC_BEFORE_NI_COATING,Dimensional_Control,05/01/2024,1.0,True,False,Pass/No_Pass,True,Machine_Name,HEXAGON Global Performance 09.15.08 /  Leitz_LSPX1H_T,Metrology_Report,Dummy
260,20UPBBB0000291,OB_BASE_BLOCK,QC_BEFORE_NI_COATING,Dimensional_Control,05/01/2024,1.0,True,False,Pass/No_Pass,True,Machine_Name,HEXAGON Global Performance 09.15.08 /  Leitz_LSPX1H_T,Metrology_Report,Dummy
261,20UPBBB0000292,OB_BASE_BLOCK,QC_BEFORE_NI_COATING,Dimensional_Control,05/01/2024,1.0,True,False,Pass/No_Pass,True,Machine_Name,HEXAGON Global Performance 09.15.08 /  Leitz_LSPX1H_T,Metrology_Report,Dummy
262,20UPBBB0000293,OB_BASE_BLOCK,QC_BEFORE_NI_COATING,Dimensional_Control,05/01/2024,1.0,True,False,Pass/No_Pass,True,Machine_Name,HEXAGON Global Performance 09.15.08 /  Leitz_LSPX1H_T,Metrology_Report,Dummy
263,20UPBBB0000294,OB_BASE_BLOCK,QC_BEFORE_NI_COATING,Dimensional_Control,05/01/2024,1.0,True,False,Pass/No_Pass,True,Machine_Name,HEXAGON Global Performance 09.15.08 /  Leitz_LSPX1H_T,Metrology_Report,Dummy
264,20UPBBB0000295,OB_BASE_BLOCK,QC_BEFORE_NI_COATING,Dimensional_Control,05/01/2024,1.0,True,False,Pass/No_Pass,True,Machine_Name,HEXAGON Global Performance 09.15.08 /  Leitz_LSPX1H_T,Metrology_Report,Dummy
265,20UPBBB0000296,OB_BASE_BLOCK,QC_BEFORE_NI_COATING,Dimensional_Control,05/01/2024,1.0,True,False,Pass/No_Pass,True,Machine_Name,HEXAGON Global Performance 09.15.08 /  Leitz_LSPX1H_T,Metrology_Report,Dummy
266,20UPBBB0000297,OB_BASE_BLOCK,QC_BEFORE_NI_COATING,Dimensional_Control,05/01/2024,1.0,True,False,Pass/No_Pass,True,Machine_Name,HEXAGON Global Performance 09.15.08 /  Leitz_LSPX1H_T,Metrology_Report,Dummy
267,20UPBBB0000298,OB_BASE_BLOCK,QC_BEFORE_NI_COATING,Dimensional_Control,05/01/2024,1.0,True,False,Pass/No_Pass,True,Machine_Name,HEXAGON Global Performance 09.15.08 /  Leitz_LSPX1H_T,Metrology_Report,Dummy
268,20UPBBB0000299,OB_BASE_BLOCK,QC_BEFORE_NI_COATING,Dimensional_Control,05/01/2024,1.0,True,False,Pass/No_Pass,True,Machine_Name,HEXAGON Global Performance 09.15.08 /  Leitz_LSPX1H_T,Metrology_Report,Dummy
269,20UPBBB0000300,OB_BASE_BLOCK,QC_BEFORE_NI_COATING,Dimensional_Control,05/01/2024,1.0,True,False,Pass/No_Pass,True,Machine_Name,HEXAGON Global Performance 09.15.08 /  Leitz_LSPX1H_T,Metrology_Report,Dummy
270,20UPBBB0000301,OB_BASE_BLOCK,QC_BEFORE_NI_COATING,Dimensional_Control,05/01/2024,1.0,True,False,Pass/No_Pass,True,Machine_Name,HEXAGON Global Performance 09.15.08 /  Leitz_LSPX1H_T,Metrology_Report,Dummy
271,20UPBBB0000302,OB_BASE_BLOCK,QC_BEFORE_NI_COATING,Dimensional_Control,05/01/2024,1.0,True,False,Pass/No_Pass,True,Machine_Name,HEXAGON Global Performance 09.15.08 /  Leitz_LSPX1H_T,Metrology_Report,Dummy
272,20UPBBB0000303,OB_BASE_BLOCK,QC_BEFORE_NI_COATING,Dimensional_Control,05/01/2024,1.0,True,False,Pass/No_Pass,True,Machine_Name,HEXAGON Global Performance 09.15.08 /  Leitz_LSPX1H_T,Metrology_Report,Dummy
273,20UPBBB0000304,OB_BASE_BLOCK,QC_BEFORE_NI_COATING,Dimensional_Control,05/01/2024,1.0,True,False,Pass/No_Pass,True,Machine_Name,HEXAGON Global Performance 09.15.08 /  Leitz_LSPX1H_T,Metrology_Report,Dummy
274,20UPBBB0000305,OB_BASE_BLOCK,QC_BEFORE_NI_COATING,Dimensional_Control,05/01/2024,1.0,False,False,Pass/No_Pass,False,Machine_Name,HEXAGON Global Performance 09.15.08 /  Leitz_LSPX1H_T,Metrology_Report,Dummy
275,20UPBBB0000306,OB_BASE_BLOCK,QC_BEFORE_NI_COATING,Dimensional_Control,08/01/2024,1.0,True,False,Pass/No_Pass,True,Machine_Name,HEXAGON Global Performance 09.15.08 /  Leitz_LSPX1H_T,Metrology_Report,Dummy
276,20UPBBB0000307,OB_BASE_BLOCK,QC_BEFORE_NI_COATING,Dimensional_Control,08/01/2024,1.0,True,False,Pass/No_Pass,True,Machine_Name,HEXAGON Global Performance 09.15.08 /  Leitz_LSPX1H_T,Metrology_Report,Dummy
277,20UPBBB0000308,OB_BASE_BLOCK,QC_BEFORE_NI_COATING,Dimensional_Control,08/01/2024,1.0,True,False,Pass/No_Pass,True,Machine_Name,HEXAGON Global Performance 09.15.08 /  Leitz_LSPX1H_T,Metrology_Report,Dummy
278,20UPBBB0000309,OB_BASE_BLOCK,QC_BEFORE_NI_COATING,Dimensional_Control,08/01/2024,1.0,True,False,Pass/No_Pass,True,Machine_Name,HEXAGON Global Performance 09.15.08 /  Leitz_LSPX1H_T,Metrology_Report,Dummy
279,20UPBBB0000310,OB_BASE_BLOCK,QC_BEFORE_NI_COATING,Dimensional_Control,08/01/2024,1.0,True,False,Pass/No_Pass,True,Machine_Name,HEXAGON Global Performance 09.15.08 /  Leitz_LSPX1H_T,Metrology_Report,Dummy
280,20UPBBB0000311,OB_BASE_BLOCK,QC_BEFORE_NI_COATING,Dimensional_Control,08/01/2024,1.0,True,False,Pass/No_Pass,True,Machine_Name,HEXAGON Global Performance 09.15.08 /  Leitz_LSPX1H_T,Metrology_Report,Dummy
281,20UPBBB0000312,OB_BASE_BLOCK,QC_BEFORE_NI_COATING,Dimensional_Control,08/01/2024,1.0,True,False,Pass/No_Pass,True,Machine_Name,HEXAGON Global Performance 09.15.08 /  Leitz_LSPX1H_T,Metrology_Report,Dummy
282,20UPBBB0000313,OB_BASE_BLOCK,QC_BEFORE_NI_COATING,Dimensional_Control,08/01/2024,1.0,True,False,Pass/No_Pass,True,Machine_Name,HEXAGON Global Performance 09.15.08 /  Leitz_LSPX1H_T,Metrology_Report,Dummy
283,20UPBBB0000314,OB_BASE_BLOCK,QC_BEFORE_NI_COATING,Dimensional_Control,08/01/2024,1.0,True,False,Pass/No_Pass,True,Machine_Name,HEXAGON Global Performance 09.15.08 /  Leitz_LSPX1H_T,Metrology_Report,Dummy
284,20UPBBB0000315,OB_BASE_BLOCK,QC_BEFORE_NI_COATING,Dimensional_Control,08/01/2024,1.0,True,False,Pass/No_Pass,True,Machine_Name,HEXAGON Global Performance 09.15.08 /  Leitz_LSPX1H_T,Metrology_Report,Dummy
285,20UPBBB0000316,OB_BASE_BLOCK,QC_BEFORE_NI_COATING,Dimensional_Control,08/01/2024,1.0,True,False,Pass/No_Pass,True,Machine_Name,HEXAGON Global Performance 09.15.08 /  Leitz_LSPX1H_T,Metrology_Report,Dummy
286,20UPBBB0000317,OB_BASE_BLOCK,QC_BEFORE_NI_COATING,Dimensional_Control,08/01/2024,1.0,True,False,Pass/No_Pass,True,Machine_Name,HEXAGON Global Performance 09.15.08 /  Leitz_LSPX1H_T,Metrology_Report,Dummy
287,20UPBBB0000318,OB_BASE_BLOCK,QC_BEFORE_NI_COATING,Dimensional_Control,08/01/2024,1.0,False,False,Pass/No_Pass,False,Machine_Name,HEXAGON Global Performance 09.15.08 /  Leitz_LSPX1H_T,Metrology_Report,Dummy
288,20UPBBB0000319,OB_BASE_BLOCK,QC_BEFORE_NI_COATING,Dimensional_Control,08/01/2024,1.0,True,False,Pass/No_Pass,True,Machine_Name,HEXAGON Global Performance 09.15.08 /  Leitz_LSPX1H_T,Metrology_Report,Dummy
289,20UPBBB0000320,OB_BASE_BLOCK,QC_BEFORE_NI_COATING,Dimensional_Control,08/01/2024,1.0,True,False,Pass/No_Pass,True,Machine_Name,HEXAGON Global Performance 09.15.08 /  Leitz_LSPX1H_T,Metrology_Report,Dummy
290,20UPBBB0000321,OB_BASE_BLOCK,QC_BEFORE_NI_COATING,Dimensional_Control,08/01/2024,1.0,True,False,Pass/No_Pass,True,Machine_Name,HEXAGON Global Performance 09.15.08 /  Leitz_LSPX1H_T,Metrology_Report,Dummy
291,20UPBBB0000322,OB_BASE_BLOCK,QC_BEFORE_NI_COATING,Dimensional_Control,08/01/2024,1.0,True,False,Pass/No_Pass,True,Machine_Name,HEXAGON Global Performance 09.15.08 /  Leitz_LSPX1H_T,Metrology_Report,Dummy
292,20UPBBB0000323,OB_BASE_BLOCK,QC_BEFORE_NI_COATING,Dimensional_Control,08/01/2024,1.0,True,False,Pass/No_Pass,True,Machine_Name,HEXAGON Global Performance 09.15.08 /  Leitz_LSPX1H_T,Metrology_Report,Dummy
293,20UPBBB0000324,OB_BASE_BLOCK,QC_BEFORE_NI_COATING,Dimensional_Control,08/01/2024,1.0,True,False,Pass/No_Pass,True,Machine_Name,HEXAGON Global Performance 09.15.08 /  Leitz_LSPX1H_T,Metrology_Report,Dummy
294,20UPBBB0000325,OB_BASE_BLOCK,QC_BEFORE_NI_COATING,Dimensional_Control,08/01/2024,1.0,True,False,Pass/No_Pass,True,Machine_Name,HEXAGON Global Performance 09.15.08 /  Leitz_LSPX1H_T,Metrology_Report,Dummy
295,20UPBBB0000326,OB_BASE_BLOCK,QC_BEFORE_NI_COATING,Dimensional_Control,08/01/2024,1.0,True,False,Pass/No_Pass,True,Machine_Name,HEXAGON Global Performance 09.15.08 /  Leitz_LSPX1H_T,Metrology_Report,Dummy
296,20UPBBB0000327,OB_BASE_BLOCK,QC_BEFORE_NI_COATING,Dimensional_Control,08/01/2024,1.0,True,False,Pass/No_Pass,True,Machine_Name,HEXAGON Global Performance 09.15.08 /  Leitz_LSPX1H_T,Metrology_Report,Dummy
297,20UPBBB0000328,OB_BASE_BLOCK,QC_BEFORE_NI_COATING,Dimensional_Control,08/01/2024,1.0,True,False,Pass/No_Pass,True,Machine_Name,HEXAGON Global Performance 09.15.08 /  Leitz_LSPX1H_T,Metrology_Report,Dummy
298,20UPBBB0000329,OB_BASE_BLOCK,QC_BEFORE_NI_COATING,Dimensional_Control,08/01/2024,1.0,True,False,Pass/No_Pass,True,Machine_Name,HEXAGON Global Performance 09.15.08 /  Leitz_LSPX1H_T,Metrology_Report,Dummy
299,20UPBBB0000330,OB_BASE_BLOCK,QC_BEFORE_NI_COATING,Dimensional_Control,08/01/2024,1.0,True,False,Pass/No_Pass,True,Machine_Name,HEXAGON Global Performance 09.15.08 /  Leitz_LSPX1H_T,Metrology_Report,Dummy
300,20UPBBB0000331,OB_BASE_BLOCK,QC_BEFORE_NI_COATING,Dimensional_Control,08/01/2024,1.0,True,False,Pass/No_Pass,True,Machine_Name,HEXAGON Global Performance 09.15.08 /  Leitz_LSPX1H_T,Metrology_Report,Dummy
301,20UPBBB0000332,OB_BASE_BLOCK,QC_BEFORE_NI_COATING,Dimensional_Control,08/01/2024,1.0,True,False,Pass/No_Pass,True,Machine_Name,HEXAGON Global Performance 09.15.08 /  Leitz_LSPX1H_T,Metrology_Report,Dummy
302,20UPBBB0000333,OB_BASE_BLOCK,QC_BEFORE_NI_COATING,Dimensional_Control,08/01/2024,1.0,True,False,Pass/No_Pass,True,Machine_Name,HEXAGON Global Performance 09.15.08 /  Leitz_LSPX1H_T,Metrology_Report,Dummy
303,20UPBBB0000334,OB_BASE_BLOCK,QC_BEFORE_NI_COATING,Dimensional_Control,08/01/2024,1.0,True,False,Pass/No_Pass,True,Machine_Name,HEXAGON Global Performance 09.15.08 /  Leitz_LSPX1H_T,Metrology_Report,Dummy
304,20UPBBB0000335,OB_BASE_BLOCK,QC_BEFORE_NI_COATING,Dimensional_Control,08/01/2024,1.0,True,False,Pass/No_Pass,True,Machine_Name,HEXAGON Global Performance 09.15.08 /  Leitz_LSPX1H_T,Metrology_Report,Dummy
305,20UPBBB0000336,OB_BASE_BLOCK,QC_BEFORE_NI_COATING,Dimensional_Control,08/01/2024,1.0,True,False,Pass/No_Pass,True,Machine_Name,HEXAGON Global Performance 09.15.08 /  Leitz_LSPX1H_T,Metrology_Report,Dummy
306,20UPBBB0000337,OB_BASE_BLOCK,QC_BEFORE_NI_COATING,Dimensional_Control,08/01/2024,1.0,True,False,Pass/No_Pass,True,Machine_Name,HEXAGON Global Performance 09.15.08 /  Leitz_LSPX1H_T,Metrology_Report,Dummy
307,20UPBBB0000338,OB_BASE_BLOCK,QC_BEFORE_NI_COATING,Dimensional_Control,08/01/2024,1.0,True,False,Pass/No_Pass,True,Machine_Name,HEXAGON Global Performance 09.15.08 /  Leitz_LSPX1H_T,Metrology_Report,Dummy
308,20UPBBB0000339,OB_BASE_BLOCK,QC_BEFORE_NI_COATING,Dimensional_Control,08/01/2024,1.0,True,False,Pass/No_Pass,True,Machine_Name,HEXAGON Global Performance 09.15.08 /  Leitz_LSPX1H_T,Metrology_Report,Dummy
309,20UPBBB0000340,OB_BASE_BLOCK,QC_BEFORE_NI_COATING,Dimensional_Control,08/01/2024,1.0,True,False,Pass/No_Pass,True,Machine_Name,HEXAGON Global Performance 09.15.08 /  Leitz_LSPX1H_T,Metrology_Report,Dummy
310,20UPBBB0000341,OB_BASE_BLOCK,QC_BEFORE_NI_COATING,Dimensional_Control,08/01/2024,1.0,True,False,Pass/No_Pass,True,Machine_Name,HEXAGON Global Performance 09.15.08 /  Leitz_LSPX1H_T,Metrology_Report,Dummy
311,20UPBBB0000342,OB_BASE_BLOCK,QC_BEFORE_NI_COATING,Dimensional_Control,08/01/2024,1.0,True,False,Pass/No_Pass,True,Machine_Name,HEXAGON Global Performance 09.15.08 /  Leitz_LSPX1H_T,Metrology_Report,Dummy
312,20UPBBB0000343,OB_BASE_BLOCK,QC_BEFORE_NI_COATING,Dimensional_Control,08/01/2024,1.0,True,False,Pass/No_Pass,True,Machine_Name,HEXAGON Global Performance 09.15.08 /  Leitz_LSPX1H_T,Metrology_Report,Dummy
313,20UPBBB0000344,OB_BASE_BLOCK,QC_BEFORE_NI_COATING,Dimensional_Control,08/01/2024,1.0,True,False,Pass/No_Pass,True,Machine_Name,HEXAGON Global Performance 09.15.08 /  Leitz_LSPX1H_T,Metrology_Report,Dummy
314,20UPBBB0000345,OB_BASE_BLOCK,QC_BEFORE_NI_COATING,Dimensional_Control,08/01/2024,1.0,True,False,Pass/No_Pass,True,Machine_Name,HEXAGON Global Performance 09.15.08 /  Leitz_LSPX1H_T,Metrology_Report,Dummy
315,20UPBBB0000346,OB_BASE_BLOCK,QC_BEFORE_NI_COATING,Dimensional_Control,08/01/2024,1.0,True,False,Pass/No_Pass,True,Machine_Name,HEXAGON Global Performance 09.15.08 /  Leitz_LSPX1H_T,Metrology_Report,Dummy
316,20UPBBB0000347,OB_BASE_BLOCK,QC_BEFORE_NI_COATING,Dimensional_Control,08/01/2024,1.0,True,False,Pass/No_Pass,True,Machine_Name,HEXAGON Global Performance 09.15.08 /  Leitz_LSPX1H_T,Metrology_Report,Dummy
317,20UPBBB0000348,OB_BASE_BLOCK,QC_BEFORE_NI_COATING,Dimensional_Control,08/01/2024,1.0,False,False,Pass/No_Pass,False,Machine_Name,HEXAGON Global Performance 09.15.08 /  Leitz_LSPX1H_T,Metrology_Report,Dummy
318,20UPBBB0000349,OB_BASE_BLOCK,QC_BEFORE_NI_COATING,Dimensional_Control,08/01/2024,1.0,True,False,Pass/No_Pass,True,Machine_Name,HEXAGON Global Performance 09.15.08 /  Leitz_LSPX1H_T,Metrology_Report,Dummy
319,20UPBBB0000350,OB_BASE_BLOCK,QC_BEFORE_NI_COATING,Dimensional_Control,08/01/2024,1.0,True,False,Pass/No_Pass,True,Machine_Name,HEXAGON Global Performance 09.15.08 /  Leitz_LSPX1H_T,Metrology_Report,Dummy
320,20UPBBB0000351,OB_BASE_BLOCK,QC_BEFORE_NI_COATING,Dimensional_Control,08/01/2024,1.0,True,False,Pass/No_Pass,True,Machine_Name,HEXAGON Global Performance 09.15.08 /  Leitz_LSPX1H_T,Metrology_Report,Dummy
321,20UPBBB0000352,OB_BASE_BLOCK,QC_BEFORE_NI_COATING,Dimensional_Control,08/01/2024,1.0,True,False,Pass/No_Pass,True,Machine_Name,HEXAGON Global Performance 09.15.08 /  Leitz_LSPX1H_T,Metrology_Report,Dummy
322,20UPBBB0000353,OB_BASE_BLOCK,QC_BEFORE_NI_COATING,Dimensional_Control,08/01/2024,1.0,True,False,Pass/No_Pass,True,Machine_Name,HEXAGON Global Performance 09.15.08 /  Leitz_LSPX1H_T,Metrology_Report,Dummy
323,20UPBBB0000354,OB_BASE_BLOCK,QC_BEFORE_NI_COATING,Dimensional_Control,08/01/2024,1.0,True,False,Pass/No_Pass,True,Machine_Name,HEXAGON Global Performance 09.15.08 /  Leitz_LSPX1H_T,Metrology_Report,Dummy
324,20UPBBB0000355,OB_BASE_BLOCK,QC_BEFORE_NI_COATING,Dimensional_Control,08/01/2024,1.0,True,False,Pass/No_Pass,True,Machine_Name,HEXAGON Global Performance 09.15.08 /  Leitz_LSPX1H_T,Metrology_Report,Dummy
325,20UPBBB0000356,OB_BASE_BLOCK,QC_BEFORE_NI_COATING,Dimensional_Control,09/01/2024,1.0,True,False,Pass/No_Pass,True,Machine_Name,HEXAGON Global Performance 09.15.08 /  Leitz_LSPX1H_T,Metrology_Report,Dummy
326,20UPBBB0000357,OB_BASE_BLOCK,QC_BEFORE_NI_COATING,Dimensional_Control,09/01/2024,1.0,True,False,Pass/No_Pass,True,Machine_Name,HEXAGON Global Performance 09.15.08 /  Leitz_LSPX1H_T,Metrology_Report,Dummy
327,20UPBBB0000358,OB_BASE_BLOCK,QC_BEFORE_NI_COATING,Dimensional_Control,09/01/2024,1.0,True,False,Pass/No_Pass,True,Machine_Name,HEXAGON Global Performance 09.15.08 /  Leitz_LSPX1H_T,Metrology_Report,Dummy
328,20UPBBB0000359,OB_BASE_BLOCK,QC_BEFORE_NI_COATING,Dimensional_Control,09/01/2024,1.0,True,False,Pass/No_Pass,True,Machine_Name,HEXAGON Global Performance 09.15.08 /  Leitz_LSPX1H_T,Metrology_Report,Dummy
329,20UPBBB0000360,OB_BASE_BLOCK,QC_BEFORE_NI_COATING,Dimensional_Control,09/01/2024,1.0,True,False,Pass/No_Pass,True,Machine_Name,HEXAGON Global Performance 09.15.08 /  Leitz_LSPX1H_T,Metrology_Report,Dummy
330,20UPBBB0000361,OB_BASE_BLOCK,QC_BEFORE_NI_COATING,Dimensional_Control,09/01/2024,1.0,True,False,Pass/No_Pass,True,Machine_Name,HEXAGON Global Performance 09.15.08 /  Leitz_LSPX1H_T,Metrology_Report,Dummy
331,20UPBBB0000362,OB_BASE_BLOCK,QC_BEFORE_NI_COATING,Dimensional_Control,09/01/2024,1.0,True,False,Pass/No_Pass,True,Machine_Name,HEXAGON Global Performance 09.15.08 /  Leitz_LSPX1H_T,Metrology_Report,Dummy
332,20UPBBB0000363,OB_BASE_BLOCK,QC_BEFORE_NI_COATING,Dimensional_Control,09/01/2024,1.0,True,False,Pass/No_Pass,True,Machine_Name,HEXAGON Global Performance 09.15.08 /  Leitz_LSPX1H_T,Metrology_Report,Dummy
333,20UPBBB0000364,OB_BASE_BLOCK,QC_BEFORE_NI_COATING,Dimensional_Control,09/01/2024,1.0,True,False,Pass/No_Pass,True,Machine_Name,HEXAGON Global Performance 09.15.08 /  Leitz_LSPX1H_T,Metrology_Report,Dummy
334,20UPBBB0000365,OB_BASE_BLOCK,QC_BEFORE_NI_COATING,Dimensional_Control,09/01/2024,1.0,True,False,Pass/No_Pass,True,Machine_Name,HEXAGON Global Performance 09.15.08 /  Leitz_LSPX1H_T,Metrology_Report,Dummy
335,20UPBBB0000366,OB_BASE_BLOCK,QC_BEFORE_NI_COATING,Dimensional_Control,09/01/2024,1.0,True,False,Pass/No_Pass,True,Machine_Name,HEXAGON Global Performance 09.15.08 /  Leitz_LSPX1H_T,Metrology_Report,Dummy
336,20UPBBB0000367,OB_BASE_BLOCK,QC_BEFORE_NI_COATING,Dimensional_Control,09/01/2024,1.0,True,False,Pass/No_Pass,True,Machine_Name,HEXAGON Global Performance 09.15.08 /  Leitz_LSPX1H_T,Metrology_Report,Dummy
337,20UPBBB0000368,OB_BASE_BLOCK,QC_BEFORE_NI_COATING,Dimensional_Control,09/01/2024,1.0,True,False,Pass/No_Pass,True,Machine_Name,HEXAGON Global Performance 09.15.08 /  Leitz_LSPX1H_T,Metrology_Report,Dummy
338,20UPBBB0000369,OB_BASE_BLOCK,QC_BEFORE_NI_COATING,Dimensional_Control,09/01/2024,1.0,True,False,Pass/No_Pass,True,Machine_Name,HEXAGON Global Performance 09.15.08 /  Leitz_LSPX1H_T,Metrology_Report,Dummy
339,20UPBBB0000370,OB_BASE_BLOCK,QC_BEFORE_NI_COATING,Dimensional_Control,09/01/2024,1.0,True,False,Pass/No_Pass,True,Machine_Name,HEXAGON Global Performance 09.15.08 /  Leitz_LSPX1H_T,Metrology_Report,Dummy
340,20UPBBB0000371,OB_BASE_BLOCK,QC_BEFORE_NI_COATING,Dimensional_Control,09/01/2024,1.0,True,False,Pass/No_Pass,True,Machine_Name,HEXAGON Global Performance 09.15.08 /  Leitz_LSPX1H_T,Metrology_Report,Dummy
341,20UPBBB0000372,OB_BASE_BLOCK,QC_BEFORE_NI_COATING,Dimensional_Control,09/01/2024,1.0,True,False,Pass/No_Pass,True,Machine_Name,HEXAGON Global Performance 09.15.08 /  Leitz_LSPX1H_T,Metrology_Report,Dummy
342,20UPBBB0000373,OB_BASE_BLOCK,QC_BEFORE_NI_COATING,Dimensional_Control,09/01/2024,1.0,True,False,Pass/No_Pass,True,Machine_Name,HEXAGON Global Performance 09.15.08 /  Leitz_LSPX1H_T,Metrology_Report,Dummy
343,20UPBBB0000374,OB_BASE_BLOCK,QC_BEFORE_NI_COATING,Dimensional_Control,09/01/2024,1.0,True,False,Pass/No_Pass,True,Machine_Name,HEXAGON Global Performance 09.15.08 /  Leitz_LSPX1H_T,Metrology_Report,Dummy
344,20UPBBB0000375,OB_BASE_BLOCK,QC_BEFORE_NI_COATING,Dimensional_Control,09/01/2024,1.0,True,False,Pass/No_Pass,True,Machine_Name,HEXAGON Global Performance 09.15.08 /  Leitz_LSPX1H_T,Metrology_Report,Dummy
345,20UPBBB0000376,OB_BASE_BLOCK,QC_BEFORE_NI_COATING,Dimensional_Control,09/01/2024,1.0,True,False,Pass/No_Pass,True,Machine_Name,HEXAGON Global Performance 09.15.08 /  Leitz_LSPX1H_T,Metrology_Report,Dummy
346,20UPBBB0000377,OB_BASE_BLOCK,QC_BEFORE_NI_COATING,Dimensional_Control,09/01/2024,1.0,True,False,Pass/No_Pass,True,Machine_Name,HEXAGON Global Performance 09.15.08 /  Leitz_LSPX1H_T,Metrology_Report,Dummy
347,20UPBBB0000378,OB_BASE_BLOCK,QC_BEFORE_NI_COATING,Dimensional_Control,09/01/2024,1.0,True,False,Pass/No_Pass,True,Machine_Name,HEXAGON Global Performance 09.15.08 /  Leitz_LSPX1H_T,Metrology_Report,Dummy
348,20UPBBB0000379,OB_BASE_BLOCK,QC_BEFORE_NI_COATING,Dimensional_Control,09/01/2024,1.0,True,False,Pass/No_Pass,True,Machine_Name,HEXAGON Global Performance 09.15.08 /  Leitz_LSPX1H_T,Metrology_Report,Dummy
349,20UPBBB0000380,OB_BASE_BLOCK,QC_BEFORE_NI_COATING,Dimensional_Control,09/01/2024,1.0,True,False,Pass/No_Pass,True,Machine_Name,HEXAGON Global Performance 09.15.08 /  Leitz_LSPX1H_T,Metrology_Report,Dummy
350,20UPBBB0000381,OB_BASE_BLOCK,QC_BEFORE_NI_COATING,Dimensional_Control,09/01/2024,1.0,False,False,Pass/No_Pass,False,Machine_Name,HEXAGON Global Performance 09.15.08 /  Leitz_LSPX1H_T,Metrology_Report,Dummy
351,20UPBBB0000382,OB_BASE_BLOCK,QC_BEFORE_NI_COATING,Dimensional_Control,09/01/2024,1.0,True,False,Pass/No_Pass,True,Machine_Name,HEXAGON Global Performance 09.15.08 /  Leitz_LSPX1H_T,Metrology_Report,Dummy
352,20UPBBB0000383,OB_BASE_BLOCK,QC_BEFORE_NI_COATING,Dimensional_Control,09/01/2024,1.0,True,False,Pass/No_Pass,True,Machine_Name,HEXAGON Global Performance 09.15.08 /  Leitz_LSPX1H_T,Metrology_Report,Dummy
353,20UPBBB0000384,OB_BASE_BLOCK,QC_BEFORE_NI_COATING,Dimensional_Control,09/01/2024,1.0,True,False,Pass/No_Pass,True,Machine_Name,HEXAGON Global Performance 09.15.08 /  Leitz_LSPX1H_T,Metrology_Report,Dummy
354,20UPBBB0000385,OB_BASE_BLOCK,QC_BEFORE_NI_COATING,Dimensional_Control,09/01/2024,1.0,True,False,Pass/No_Pass,True,Machine_Name,HEXAGON Global Performance 09.15.08 /  Leitz_LSPX1H_T,Metrology_Report,Dummy
355,20UPBBB0000386,OB_BASE_BLOCK,QC_BEFORE_NI_COATING,Dimensional_Control,09/01/2024,1.0,True,False,Pass/No_Pass,True,Machine_Name,HEXAGON Global Performance 09.15.08 /  Leitz_LSPX1H_T,Metrology_Report,Dummy
356,20UPBBB0000387,OB_BASE_BLOCK,QC_BEFORE_NI_COATING,Dimensional_Control,09/01/2024,1.0,False,False,Pass/No_Pass,False,Machine_Name,HEXAGON Global Performance 09.15.08 /  Leitz_LSPX1H_T,Metrology_Report,Dummy
357,20UPBBB0000388,OB_BASE_BLOCK,QC_BEFORE_NI_COATING,Dimensional_Control,09/01/2024,1.0,True,False,Pass/No_Pass,True,Machine_Name,HEXAGON Global Performance 09.15.08 /  Leitz_LSPX1H_T,Metrology_Report,Dummy
358,20UPBBB0000389,OB_BASE_BLOCK,QC_BEFORE_NI_COATING,Dimensional_Control,09/01/2024,1.0,True,False,Pass/No_Pass,True,Machine_Name,HEXAGON Global Performance 09.15.08 /  Leitz_LSPX1H_T,Metrology_Report,Dummy
359,20UPBBB0000390,OB_BASE_BLOCK,QC_BEFORE_NI_COATING,Dimensional_Control,09/01/2024,1.0,True,False,Pass/No_Pass,True,Machine_Name,HEXAGON Global Performance 09.15.08 /  Leitz_LSPX1H_T,Metrology_Report,Dummy
360,20UPBBB0000391,OB_BASE_BLOCK,QC_BEFORE_NI_COATING,Dimensional_Control,09/01/2024,1.0,True,False,Pass/No_Pass,True,Machine_Name,HEXAGON Global Performance 09.15.08 /  Leitz_LSPX1H_T,Metrology_Report,Dummy
361,20UPBBB0000392,OB_BASE_BLOCK,QC_BEFORE_NI_COATING,Dimensional_Control,09/01/2024,1.0,True,False,Pass/No_Pass,True,Machine_Name,HEXAGON Global Performance 09.15.08 /  Leitz_LSPX1H_T,Metrology_Report,Dummy
362,20UPBBB0000393,OB_BASE_BLOCK,QC_BEFORE_NI_COATING,Dimensional_Control,09/01/2024,1.0,True,False,Pass/No_Pass,True,Machine_Name,HEXAGON Global Performance 09.15.08 /  Leitz_LSPX1H_T,Metrology_Report,Dummy
363,20UPBBB0000394,OB_BASE_BLOCK,QC_BEFORE_NI_COATING,Dimensional_Control,09/01/2024,1.0,True,False,Pass/No_Pass,True,Machine_Name,HEXAGON Global Performance 09.15.08 /  Leitz_LSPX1H_T,Metrology_Report,Dummy
364,20UPBBB0000395,OB_BASE_BLOCK,QC_BEFORE_NI_COATING,Dimensional_Control,09/01/2024,1.0,True,False,Pass/No_Pass,True,Machine_Name,HEXAGON Global Performance 09.15.08 /  Leitz_LSPX1H_T,Metrology_Report,Dummy
365,20UPBBB0000396,OB_BASE_BLOCK,QC_BEFORE_NI_COATING,Dimensional_Control,09/01/2024,1.0,True,False,Pass/No_Pass,True,Machine_Name,HEXAGON Global Performance 09.15.08 /  Leitz_LSPX1H_T,Metrology_Report,Dummy
366,20UPBBB0000397,OB_BASE_BLOCK,QC_BEFORE_NI_COATING,Dimensional_Control,09/01/2024,1.0,True,False,Pass/No_Pass,True,Machine_Name,HEXAGON Global Performance 09.15.08 /  Leitz_LSPX1H_T,Metrology_Report,Dummy
367,20UPBBB0000398,OB_BASE_BLOCK,QC_BEFORE_NI_COATING,Dimensional_Control,09/01/2024,1.0,True,False,Pass/No_Pass,True,Machine_Name,HEXAGON Global Performance 09.15.08 /  Leitz_LSPX1H_T,Metrology_Report,Dummy
368,20UPBBB0000399,OB_BASE_BLOCK,QC_BEFORE_NI_COATING,Dimensional_Control,09/01/2024,1.0,True,False,Pass/No_Pass,True,Machine_Name,HEXAGON Global Performance 09.15.08 /  Leitz_LSPX1H_T,Metrology_Report,Dummy
369,20UPBBB0000400,OB_BASE_BLOCK,QC_BEFORE_NI_COATING,Dimensional_Control,09/01/2024,1.0,True,False,Pass/No_Pass,True,Machine_Name,HEXAGON Global Performance 09.15.08 /  Leitz_LSPX1H_T,Metrology_Report,Dummy
370,20UPBBB0000401,OB_BASE_BLOCK,QC_BEFORE_NI_COATING,Dimensional_Control,09/01/2024,1.0,True,False,Pass/No_Pass,True,Machine_Name,HEXAGON Global Performance 09.15.08 /  Leitz_LSPX1H_T,Metrology_Report,Dummy
371,20UPBBB0000402,OB_BASE_BLOCK,QC_BEFORE_NI_COATING,Dimensional_Control,09/01/2024,1.0,True,False,Pass/No_Pass,True,Machine_Name,HEXAGON Global Performance 09.15.08 /  Leitz_LSPX1H_T,Metrology_Report,Dummy
372,20UPBBB0000403,OB_BASE_BLOCK,QC_BEFORE_NI_COATING,Dimensional_Control,09/01/2024,1.0,True,False,Pass/No_Pass,True,Machine_Name,HEXAGON Global Performance 09.15.08 /  Leitz_LSPX1H_T,Metrology_Report,Dummy
373,20UPBBB0000404,OB_BASE_BLOCK,QC_BEFORE_NI_COATING,Dimensional_Control,09/01/2024,1.0,True,False,Pass/No_Pass,True,Machine_Name,HEXAGON Global Performance 09.15.08 /  Leitz_LSPX1H_T,Metrology_Report,Dummy
374,20UPBBB0000405,OB_BASE_BLOCK,QC_BEFORE_NI_COATING,Dimensional_Control,09/01/2024,1.0,False,False,Pass/No_Pass,False,Machine_Name,HEXAGON Global Performance 09.15.08 /  Leitz_LSPX1H_T,Metrology_Report,Dummy
375,20UPBBB0000406,OB_BASE_BLOCK,QC_BEFORE_NI_COATING,Dimensional_Control,10/01/2024,1.0,True,False,Pass/No_Pass,True,Machine_Name,HEXAGON Global Performance 09.15.08 /  Leitz_LSPX1H_T,Metrology_Report,Dummy
376,20UPBBB0000407,OB_BASE_BLOCK,QC_BEFORE_NI_COATING,Dimensional_Control,10/01/2024,1.0,True,False,Pass/No_Pass,True,Machine_Name,HEXAGON Global Performance 09.15.08 /  Leitz_LSPX1H_T,Metrology_Report,Dummy
377,20UPBBB0000408,OB_BASE_BLOCK,QC_BEFORE_NI_COATING,Dimensional_Control,10/01/2024,1.0,True,False,Pass/No_Pass,True,Machine_Name,HEXAGON Global Performance 09.15.08 /  Leitz_LSPX1H_T,Metrology_Report,Dummy
378,20UPBBB0000409,OB_BASE_BLOCK,QC_BEFORE_NI_COATING,Dimensional_Control,10/01/2024,1.0,True,False,Pass/No_Pass,True,Machine_Name,HEXAGON Global Performance 09.15.08 /  Leitz_LSPX1H_T,Metrology_Report,Dummy
379,20UPBBB0000410,OB_BASE_BLOCK,QC_BEFORE_NI_COATING,Dimensional_Control,10/01/2024,1.0,True,False,Pass/No_Pass,True,Machine_Name,HEXAGON Global Performance 09.15.08 /  Leitz_LSPX1H_T,Metrology_Report,Dummy
380,20UPBBB0000411,OB_BASE_BLOCK,QC_BEFORE_NI_COATING,Dimensional_Control,10/01/2024,1.0,True,False,Pass/No_Pass,True,Machine_Name,HEXAGON Global Performance 09.15.08 /  Leitz_LSPX1H_T,Metrology_Report,Dummy
381,20UPBBB0000412,OB_BASE_BLOCK,QC_BEFORE_NI_COATING,Dimensional_Control,10/01/2024,1.0,True,False,Pass/No_Pass,True,Machine_Name,HEXAGON Global Performance 09.15.08 /  Leitz_LSPX1H_T,Metrology_Report,Dummy
382,20UPBBB0000413,OB_BASE_BLOCK,QC_BEFORE_NI_COATING,Dimensional_Control,10/01/2024,1.0,True,False,Pass/No_Pass,True,Machine_Name,HEXAGON Global Performance 09.15.08 /  Leitz_LSPX1H_T,Metrology_Report,Dummy
383,20UPBBB0000414,OB_BASE_BLOCK,QC_BEFORE_NI_COATING,Dimensional_Control,10/01/2024,1.0,True,False,Pass/No_Pass,True,Machine_Name,HEXAGON Global Performance 09.15.08 /  Leitz_LSPX1H_T,Metrology_Report,Dummy
384,20UPBBB0000415,OB_BASE_BLOCK,QC_BEFORE_NI_COATING,Dimensional_Control,10/01/2024,1.0,True,False,Pass/No_Pass,True,Machine_Name,HEXAGON Global Performance 09.15.08 /  Leitz_LSPX1H_T,Metrology_Report,Dummy
385,20UPBBB0000416,OB_BASE_BLOCK,QC_BEFORE_NI_COATING,Dimensional_Control,10/01/2024,1.0,True,False,Pass/No_Pass,True,Machine_Name,HEXAGON Global Performance 09.15.08 /  Leitz_LSPX1H_T,Metrology_Report,Dummy
386,20UPBBB0000417,OB_BASE_BLOCK,QC_BEFORE_NI_COATING,Dimensional_Control,10/01/2024,1.0,True,False,Pass/No_Pass,True,Machine_Name,HEXAGON Global Performance 09.15.08 /  Leitz_LSPX1H_T,Metrology_Report,Dummy
387,20UPBBB0000418,OB_BASE_BLOCK,QC_BEFORE_NI_COATING,Dimensional_Control,10/01/2024,1.0,False,False,Pass/No_Pass,False,Machine_Name,HEXAGON Global Performance 09.15.08 /  Leitz_LSPX1H_T,Metrology_Report,Dummy
388,20UPBBB0000419,OB_BASE_BLOCK,QC_BEFORE_NI_COATING,Dimensional_Control,10/01/2024,1.0,True,False,Pass/No_Pass,True,Machine_Name,HEXAGON Global Performance 09.15.08 /  Leitz_LSPX1H_T,Metrology_Report,Dummy
389,20UPBBB0000420,OB_BASE_BLOCK,QC_BEFORE_NI_COATING,Dimensional_Control,10/01/2024,1.0,True,False,Pass/No_Pass,True,Machine_Name,HEXAGON Global Performance 09.15.08 /  Leitz_LSPX1H_T,Metrology_Report,Dummy
390,20UPBBB0000421,OB_BASE_BLOCK,QC_BEFORE_NI_COATING,Dimensional_Control,10/01/2024,1.0,True,False,Pass/No_Pass,True,Machine_Name,HEXAGON Global Performance 09.15.08 /  Leitz_LSPX1H_T,Metrology_Report,Dummy
391,20UPBBB0000422,OB_BASE_BLOCK,QC_BEFORE_NI_COATING,Dimensional_Control,10/01/2024,1.0,True,False,Pass/No_Pass,True,Machine_Name,HEXAGON Global Performance 09.15.08 /  Leitz_LSPX1H_T,Metrology_Report,Dummy
392,20UPBBB0000423,OB_BASE_BLOCK,QC_BEFORE_NI_COATING,Dimensional_Control,10/01/2024,1.0,True,False,Pass/No_Pass,True,Machine_Name,HEXAGON Global Performance 09.15.08 /  Leitz_LSPX1H_T,Metrology_Report,Dummy
393,20UPBBB0000424,OB_BASE_BLOCK,QC_BEFORE_NI_COATING,Dimensional_Control,10/01/2024,1.0,False,False,Pass/No_Pass,False,Machine_Name,HEXAGON Global Performance 09.15.08 /  Leitz_LSPX1H_T,Metrology_Report,Dummy
394,20UPBBB0000425,OB_BASE_BLOCK,QC_BEFORE_NI_COATING,Dimensional_Control,10/01/2024,1.0,True,False,Pass/No_Pass,True,Machine_Name,HEXAGON Global Performance 09.15.08 /  Leitz_LSPX1H_T,Metrology_Report,Dummy
395,20UPBBB0000426,OB_BASE_BLOCK,QC_BEFORE_NI_COATING,Dimensional_Control,10/01/2024,1.0,True,False,Pass/No_Pass,True,Machine_Name,HEXAGON Global Performance 09.15.08 /  Leitz_LSPX1H_T,Metrology_Report,Dummy
396,20UPBBB0000427,OB_BASE_BLOCK,QC_BEFORE_NI_COATING,Dimensional_Control,10/01/2024,1.0,True,False,Pass/No_Pass,True,Machine_Name,HEXAGON Global Performance 09.15.08 /  Leitz_LSPX1H_T,Metrology_Report,Dummy
397,20UPBBB0000428,OB_BASE_BLOCK,QC_BEFORE_NI_COATING,Dimensional_Control,10/01/2024,1.0,True,False,Pass/No_Pass,True,Machine_Name,HEXAGON Global Performance 09.15.08 /  Leitz_LSPX1H_T,Metrology_Report,Dummy
398,20UPBBB0000429,OB_BASE_BLOCK,QC_BEFORE_NI_COATING,Dimensional_Control,10/01/2024,1.0,True,False,Pass/No_Pass,True,Machine_Name,HEXAGON Global Performance 09.15.08 /  Leitz_LSPX1H_T,Metrology_Report,Dummy
399,20UPBBB0000430,OB_BASE_BLOCK,QC_BEFORE_NI_COATING,Dimensional_Control,10/01/2024,1.0,True,False,Pass/No_Pass,True,Machine_Name,HEXAGON Global Performance 09.15.08 /  Leitz_LSPX1H_T,Metrology_Report,Dummy
400,20UPBBB0000431,OB_BASE_BLOCK,QC_BEFORE_NI_COATING,Dimensional_Control,10/01/2024,1.0,True,False,Pass/No_Pass,True,Machine_Name,HEXAGON Global Performance 09.15.08 /  Leitz_LSPX1H_T,Metrology_Report,Dummy
401,20UPBBB0000432,OB_BASE_BLOCK,QC_BEFORE_NI_COATING,Dimensional_Control,10/01/2024,1.0,True,False,Pass/No_Pass,True,Machine_Name,HEXAGON Global Performance 09.15.08 /  Leitz_LSPX1H_T,Metrology_Report,Dummy
402,20UPBBB0000433,OB_BASE_BLOCK,QC_BEFORE_NI_COATING,Dimensional_Control,10/01/2024,1.0,True,False,Pass/No_Pass,True,Machine_Name,HEXAGON Global Performance 09.15.08 /  Leitz_LSPX1H_T,Metrology_Report,Dummy
403,20UPBBB0000434,OB_BASE_BLOCK,QC_BEFORE_NI_COATING,Dimensional_Control,10/01/2024,1.0,True,False,Pass/No_Pass,True,Machine_Name,HEXAGON Global Performance 09.15.08 /  Leitz_LSPX1H_T,Metrology_Report,Dummy
404,20UPBBB0000435,OB_BASE_BLOCK,QC_BEFORE_NI_COATING,Dimensional_Control,10/01/2024,1.0,True,False,Pass/No_Pass,True,Machine_Name,HEXAGON Global Performance 09.15.08 /  Leitz_LSPX1H_T,Metrology_Report,Dummy
405,20UPBBB0000436,OB_BASE_BLOCK,QC_BEFORE_NI_COATING,Dimensional_Control,10/01/2024,1.0,True,False,Pass/No_Pass,True,Machine_Name,HEXAGON Global Performance 09.15.08 /  Leitz_LSPX1H_T,Metrology_Report,Dummy
406,20UPBBB0000437,OB_BASE_BLOCK,QC_BEFORE_NI_COATING,Dimensional_Control,10/01/2024,1.0,True,False,Pass/No_Pass,True,Machine_Name,HEXAGON Global Performance 09.15.08 /  Leitz_LSPX1H_T,Metrology_Report,Dummy
407,20UPBBB0000438,OB_BASE_BLOCK,QC_BEFORE_NI_COATING,Dimensional_Control,10/01/2024,1.0,True,False,Pass/No_Pass,True,Machine_Name,HEXAGON Global Performance 09.15.08 /  Leitz_LSPX1H_T,Metrology_Report,Dummy
408,20UPBBB0000439,OB_BASE_BLOCK,QC_BEFORE_NI_COATING,Dimensional_Control,10/01/2024,1.0,True,False,Pass/No_Pass,True,Machine_Name,HEXAGON Global Performance 09.15.08 /  Leitz_LSPX1H_T,Metrology_Report,Dummy
409,20UPBBB0000440,OB_BASE_BLOCK,QC_BEFORE_NI_COATING,Dimensional_Control,10/01/2024,1.0,True,False,Pass/No_Pass,True,Machine_Name,HEXAGON Global Performance 09.15.08 /  Leitz_LSPX1H_T,Metrology_Report,Dummy
410,20UPBBB0000441,OB_BASE_BLOCK,QC_BEFORE_NI_COATING,Dimensional_Control,10/01/2024,1.0,True,False,Pass/No_Pass,True,Machine_Name,HEXAGON Global Performance 09.15.08 /  Leitz_LSPX1H_T,Metrology_Report,Dummy
411,20UPBBB0000442,OB_BASE_BLOCK,QC_BEFORE_NI_COATING,Dimensional_Control,10/01/2024,1.0,True,False,Pass/No_Pass,True,Machine_Name,HEXAGON Global Performance 09.15.08 /  Leitz_LSPX1H_T,Metrology_Report,Dummy
412,20UPBBB0000443,OB_BASE_BLOCK,QC_BEFORE_NI_COATING,Dimensional_Control,10/01/2024,1.0,True,False,Pass/No_Pass,True,Machine_Name,HEXAGON Global Performance 09.15.08 /  Leitz_LSPX1H_T,Metrology_Report,Dummy
413,20UPBBB0000444,OB_BASE_BLOCK,QC_BEFORE_NI_COATING,Dimensional_Control,10/01/2024,1.0,True,False,Pass/No_Pass,True,Machine_Name,HEXAGON Global Performance 09.15.08 /  Leitz_LSPX1H_T,Metrology_Report,Dummy
414,20UPBBB0000445,OB_BASE_BLOCK,QC_BEFORE_NI_COATING,Dimensional_Control,10/01/2024,1.0,True,False,Pass/No_Pass,True,Machine_Name,HEXAGON Global Performance 09.15.08 /  Leitz_LSPX1H_T,Metrology_Report,Dummy
415,20UPBBB0000446,OB_BASE_BLOCK,QC_BEFORE_NI_COATING,Dimensional_Control,10/01/2024,1.0,True,False,Pass/No_Pass,True,Machine_Name,HEXAGON Global Performance 09.15.08 /  Leitz_LSPX1H_T,Metrology_Report,Dummy
416,20UPBBB0000447,OB_BASE_BLOCK,QC_BEFORE_NI_COATING,Dimensional_Control,10/01/2024,1.0,True,False,Pass/No_Pass,True,Machine_Name,HEXAGON Global Performance 09.15.08 /  Leitz_LSPX1H_T,Metrology_Report,Dummy
417,20UPBBB0000448,OB_BASE_BLOCK,QC_BEFORE_NI_COATING,Dimensional_Control,10/01/2024,1.0,False,False,Pass/No_Pass,False,Machine_Name,HEXAGON Global Performance 09.15.08 /  Leitz_LSPX1H_T,Metrology_Report,Dummy
418,20UPBBB0000449,OB_BASE_BLOCK,QC_BEFORE_NI_COATING,Dimensional_Control,10/01/2024,1.0,True,False,Pass/No_Pass,True,Machine_Name,HEXAGON Global Performance 09.15.08 /  Leitz_LSPX1H_T,Metrology_Report,Dummy
419,20UPBBB0000450,OB_BASE_BLOCK,QC_BEFORE_NI_COATING,Dimensional_Control,10/01/2024,1.0,True,False,Pass/No_Pass,True,Machine_Name,HEXAGON Global Performance 09.15.08 /  Leitz_LSPX1H_T,Metrology_Report,Dummy
420,20UPBBB0000451,OB_BASE_BLOCK,QC_BEFORE_NI_COATING,Dimensional_Control,10/01/2024,1.0,True,False,Pass/No_Pass,True,Machine_Name,HEXAGON Global Performance 09.15.08 /  Leitz_LSPX1H_T,Metrology_Report,Dummy
421,20UPBBB0000452,OB_BASE_BLOCK,QC_BEFORE_NI_COATING,Dimensional_Control,10/01/2024,1.0,True,False,Pass/No_Pass,True,Machine_Name,HEXAGON Global Performance 09.15.08 /  Leitz_LSPX1H_T,Metrology_Report,Dummy
422,20UPBBB0000453,OB_BASE_BLOCK,QC_BEFORE_NI_COATING,Dimensional_Control,10/01/2024,1.0,True,False,Pass/No_Pass,True,Machine_Name,HEXAGON Global Performance 09.15.08 /  Leitz_LSPX1H_T,Metrology_Report,Dummy
423,20UPBBB0000454,OB_BASE_BLOCK,QC_BEFORE_NI_COATING,Dimensional_Control,10/01/2024,1.0,False,False,Pass/No_Pass,False,Machine_Name,HEXAGON Global Performance 09.15.08 /  Leitz_LSPX1H_T,Metrology_Report,Dummy
424,20UPBBB0000455,OB_BASE_BLOCK,QC_BEFORE_NI_COATING,Dimensional_Control,10/01/2024,1.0,False,False,Pass/No_Pass,False,Machine_Name,HEXAGON Global Performance 09.15.08 /  Leitz_LSPX1H_T,Metrology_Report,Dummy
