,serialNumber,stage
0,20UPBBB0002922,QC_BEFORE_NI_COATING
1,20UPBBB0002923,QC_BEFORE_NI_COATING
2,20UPBBB0002924,QC_BEFORE_NI_COATING
3,20UPBBB0002925,QC_BEFORE_NI_COATING
4,20UPBBB0002926,QC_BEFORE_NI_COATING
5,20UPBBB0002927,QC_BEFORE_NI_COATING
6,20UPBBB0002928,QC_BEFORE_NI_COATING
7,20UPBBB0002929,QC_BEFORE_NI_COATING
8,20UPBBB0002930,QC_BEFORE_NI_COATING
9,20UPBBB0002931,QC_BEFORE_NI_COATING
10,20UPBBB0002932,QC_BEFORE_NI_COATING
11,20UPBBB0002933,QC_BEFORE_NI_COATING
12,20UPBBB0002934,QC_BEFORE_NI_COATING
13,20UPBBB0002935,QC_BEFORE_NI_COATING
14,20UPBBB0002936,QC_BEFORE_NI_COATING
15,20UPBBB0002937,QC_BEFORE_NI_COATING
16,20UPBBB0002938,QC_BEFORE_NI_COATING
17,20UPBBB0002939,QC_BEFORE_NI_COATING
18,20UPBBB0002940,QC_BEFORE_NI_COATING
19,20UPBBB0002941,QC_BEFORE_NI_COATING
20,20UPBBB0002942,QC_BEFORE_NI_COATING
21,20UPBBB0002943,QC_BEFORE_NI_COATING
22,20UPBBB0002944,QC_BEFORE_NI_COATING
23,20UPBBB0002945,QC_BEFORE_NI_COATING
24,20UPBBB0002946,QC_BEFORE_NI_COATING
25,20UPBBB0002947,QC_BEFORE_NI_COATING
26,20UPBBB0002948,QC_BEFORE_NI_COATING
27,20UPBBB0002949,QC_BEFORE_NI_COATING
28,20UPBBB0002950,QC_BEFORE_NI_COATING
29,20UPBBB0002951,QC_BEFORE_NI_COATING
30,20UPBBB0002952,QC_BEFORE_NI_COATING
31,20UPBBB0002953,QC_BEFORE_NI_COATING
32,20UPBBB0002954,QC_BEFORE_NI_COATING
33,20UPBBB0002955,QC_BEFORE_NI_COATING
34,20UPBBB0002956,QC_BEFORE_NI_COATING
35,20UPBBB0002957,QC_BEFORE_NI_COATING
36,20UPBBB0002958,QC_BEFORE_NI_COATING
37,20UPBBB0002959,QC_BEFORE_NI_COATING
38,20UPBBB0002960,QC_BEFORE_NI_COATING
39,20UPBBB0002961,QC_BEFORE_NI_COATING
40,20UPBBB0002962,QC_BEFORE_NI_COATING
41,20UPBBB0002963,QC_BEFORE_NI_COATING
42,20UPBBB0002964,QC_BEFORE_NI_COATING
43,20UPBBB0002965,QC_BEFORE_NI_COATING
44,20UPBBB0002966,QC_BEFORE_NI_COATING
45,20UPBBB0002967,QC_BEFORE_NI_COATING
46,20UPBBB0002968,QC_BEFORE_NI_COATING
47,20UPBBB0002969,QC_BEFORE_NI_COATING
48,20UPBBB0002970,QC_BEFORE_NI_COATING
49,20UPBBB0002971,QC_BEFORE_NI_COATING
50,20UPBBB0002972,QC_BEFORE_NI_COATING
51,20UPBBB0002973,QC_BEFORE_NI_COATING
52,20UPBBB0002974,QC_BEFORE_NI_COATING
53,20UPBBB0002975,QC_BEFORE_NI_COATING
54,20UPBBB0002976,QC_BEFORE_NI_COATING
55,20UPBBB0002977,QC_BEFORE_NI_COATING
56,20UPBBB0002978,QC_BEFORE_NI_COATING
57,20UPBBB0002979,QC_BEFORE_NI_COATING
58,20UPBBB0002980,QC_BEFORE_NI_COATING
59,20UPBBB0002981,QC_BEFORE_NI_COATING
60,20UPBBB0002982,QC_BEFORE_NI_COATING
61,20UPBBB0002983,QC_BEFORE_NI_COATING
62,20UPBBB0002984,QC_BEFORE_NI_COATING
63,20UPBBB0002985,QC_BEFORE_NI_COATING
64,20UPBBB0002986,QC_BEFORE_NI_COATING
65,20UPBBB0002987,QC_BEFORE_NI_COATING
66,20UPBBB0002988,QC_BEFORE_NI_COATING
67,20UPBBB0002989,QC_BEFORE_NI_COATING
68,20UPBBB0002990,QC_BEFORE_NI_COATING
69,20UPBBB0002991,QC_BEFORE_NI_COATING
70,20UPBBB0002992,QC_BEFORE_NI_COATING
71,20UPBBB0002993,QC_BEFORE_NI_COATING
72,20UPBBB0002994,QC_BEFORE_NI_COATING
73,20UPBBB0002995,QC_BEFORE_NI_COATING
74,20UPBBB0002996,QC_BEFORE_NI_COATING
75,20UPBBB0002997,QC_BEFORE_NI_COATING
76,20UPBBB0002998,QC_BEFORE_NI_COATING
77,20UPBBB0002999,QC_BEFORE_NI_COATING
78,20UPBBB0003000,QC_BEFORE_NI_COATING
79,20UPBBB0003001,QC_BEFORE_NI_COATING
80,20UPBBB0003002,QC_BEFORE_NI_COATING
81,20UPBBB0003003,QC_BEFORE_NI_COATING
82,20UPBBB0003004,QC_BEFORE_NI_COATING
83,20UPBBB0003005,QC_BEFORE_NI_COATING
84,20UPBBB0003006,QC_BEFORE_NI_COATING
85,20UPBBB0003007,QC_BEFORE_NI_COATING
86,20UPBBB0003008,QC_BEFORE_NI_COATING
87,20UPBBB0003009,QC_BEFORE_NI_COATING
88,20UPBBB0003010,QC_BEFORE_NI_COATING
89,20UPBBB0003011,QC_BEFORE_NI_COATING
90,20UPBBB0003012,QC_BEFORE_NI_COATING
91,20UPBBB0003013,QC_BEFORE_NI_COATING
92,20UPBBB0003014,QC_BEFORE_NI_COATING
93,20UPBBB0003015,QC_BEFORE_NI_COATING
94,20UPBBB0003016,QC_BEFORE_NI_COATING
95,20UPBBB0003017,QC_BEFORE_NI_COATING
96,20UPBBB0003018,QC_BEFORE_NI_COATING
97,20UPBBB0003019,QC_BEFORE_NI_COATING
98,20UPBBB0003020,QC_BEFORE_NI_COATING
99,20UPBBB0003021,QC_BEFORE_NI_COATING
100,20UPBBB0003022,QC_BEFORE_NI_COATING
101,20UPBBB0003023,QC_BEFORE_NI_COATING
102,20UPBBB0003024,QC_BEFORE_NI_COATING
103,20UPBBB0003025,QC_BEFORE_NI_COATING
104,20UPBBB0003026,QC_BEFORE_NI_COATING
105,20UPBBB0003027,QC_BEFORE_NI_COATING
106,20UPBBB0003028,QC_BEFORE_NI_COATING
107,20UPBBB0003029,QC_BEFORE_NI_COATING
108,20UPBBB0003030,QC_BEFORE_NI_COATING
109,20UPBBB0003031,QC_BEFORE_NI_COATING
110,20UPBBB0003032,QC_BEFORE_NI_COATING
111,20UPBBB0003033,QC_BEFORE_NI_COATING
112,20UPBBB0003034,QC_BEFORE_NI_COATING
113,20UPBBB0003035,QC_BEFORE_NI_COATING
114,20UPBBB0003036,QC_BEFORE_NI_COATING
115,20UPBBB0003037,QC_BEFORE_NI_COATING
116,20UPBBB0003038,QC_BEFORE_NI_COATING
117,20UPBBB0003039,QC_BEFORE_NI_COATING
118,20UPBBB0003040,QC_BEFORE_NI_COATING
119,20UPBBB0003041,QC_BEFORE_NI_COATING
120,20UPBBB0003042,QC_BEFORE_NI_COATING
121,20UPBBB0003043,QC_BEFORE_NI_COATING
122,20UPBBB0003044,QC_BEFORE_NI_COATING
123,20UPBBB0003045,QC_BEFORE_NI_COATING
124,20UPBBB0003046,QC_BEFORE_NI_COATING
125,20UPBBB0003047,QC_BEFORE_NI_COATING
126,20UPBBB0003048,QC_BEFORE_NI_COATING
127,20UPBBB0003049,QC_BEFORE_NI_COATING
128,20UPBBB0003050,QC_BEFORE_NI_COATING
129,20UPBBB0003051,QC_BEFORE_NI_COATING
130,20UPBBB0003052,QC_BEFORE_NI_COATING
131,20UPBBB0003053,QC_BEFORE_NI_COATING
132,20UPBBB0003054,QC_BEFORE_NI_COATING
133,20UPBBB0003055,QC_BEFORE_NI_COATING
134,20UPBBB0003056,QC_BEFORE_NI_COATING
135,20UPBBB0003057,QC_BEFORE_NI_COATING
136,20UPBBB0003058,QC_BEFORE_NI_COATING
137,20UPBBB0003059,QC_BEFORE_NI_COATING
138,20UPBBB0003060,QC_BEFORE_NI_COATING
139,20UPBBB0003061,QC_BEFORE_NI_COATING
140,20UPBBB0003062,QC_BEFORE_NI_COATING
141,20UPBBB0003063,QC_BEFORE_NI_COATING
142,20UPBBB0003064,QC_BEFORE_NI_COATING
143,20UPBBB0003065,QC_BEFORE_NI_COATING
144,20UPBBB0003066,QC_BEFORE_NI_COATING
145,20UPBBB0003067,QC_BEFORE_NI_COATING
146,20UPBBB0003068,QC_BEFORE_NI_COATING
147,20UPBBB0003069,QC_BEFORE_NI_COATING
148,20UPBBB0003070,QC_BEFORE_NI_COATING
149,20UPBBB0003071,QC_BEFORE_NI_COATING
150,20UPBBB0003072,QC_BEFORE_NI_COATING
151,20UPBBB0003073,QC_BEFORE_NI_COATING
152,20UPBBB0003074,QC_BEFORE_NI_COATING
153,20UPBBB0003075,QC_BEFORE_NI_COATING
154,20UPBBB0003076,QC_BEFORE_NI_COATING
155,20UPBBB0003077,QC_BEFORE_NI_COATING
156,20UPBBB0003078,QC_BEFORE_NI_COATING
157,20UPBBB0003079,QC_BEFORE_NI_COATING
158,20UPBBB0003080,QC_BEFORE_NI_COATING
159,20UPBBB0003081,QC_BEFORE_NI_COATING
160,20UPBBB0003082,QC_BEFORE_NI_COATING
161,20UPBBB0003083,QC_BEFORE_NI_COATING
162,20UPBBB0003084,QC_BEFORE_NI_COATING
163,20UPBBB0003085,QC_BEFORE_NI_COATING
164,20UPBBB0003086,QC_BEFORE_NI_COATING
165,20UPBBB0003087,QC_BEFORE_NI_COATING
166,20UPBBB0003088,QC_BEFORE_NI_COATING
167,20UPBBB0003089,QC_BEFORE_NI_COATING
168,20UPBBB0003090,QC_BEFORE_NI_COATING
169,20UPBBB0003091,QC_BEFORE_NI_COATING
170,20UPBBB0003092,QC_BEFORE_NI_COATING
171,20UPBBB0003093,QC_BEFORE_NI_COATING
172,20UPBBB0003094,QC_BEFORE_NI_COATING
173,20UPBBB0003095,QC_BEFORE_NI_COATING
174,20UPBBB0003096,QC_BEFORE_NI_COATING
175,20UPBBB0003097,QC_BEFORE_NI_COATING
176,20UPBBB0003098,QC_BEFORE_NI_COATING
177,20UPBBB0003099,QC_BEFORE_NI_COATING
178,20UPBBB0003100,QC_BEFORE_NI_COATING
179,20UPBBB0003101,QC_BEFORE_NI_COATING
180,20UPBBB0003102,QC_BEFORE_NI_COATING
181,20UPBBB0003103,QC_BEFORE_NI_COATING
182,20UPBBB0003104,QC_BEFORE_NI_COATING
183,20UPBBB0003105,QC_BEFORE_NI_COATING
184,20UPBBB0003106,QC_BEFORE_NI_COATING
185,20UPBBB0003107,QC_BEFORE_NI_COATING
186,20UPBBB0003108,QC_BEFORE_NI_COATING
187,20UPBBB0003109,QC_BEFORE_NI_COATING
188,20UPBBB0003110,QC_BEFORE_NI_COATING
189,20UPBBB0003111,QC_BEFORE_NI_COATING
190,20UPBBB0003112,QC_BEFORE_NI_COATING
191,20UPBBB0003113,QC_BEFORE_NI_COATING
192,20UPBBB0003114,QC_BEFORE_NI_COATING
193,20UPBBB0003115,QC_BEFORE_NI_COATING
194,20UPBBB0003116,QC_BEFORE_NI_COATING
195,20UPBBB0003117,QC_BEFORE_NI_COATING
196,20UPBBB0003118,QC_BEFORE_NI_COATING
197,20UPBBB0003119,QC_BEFORE_NI_COATING
198,20UPBBB0003120,QC_BEFORE_NI_COATING
199,20UPBBB0003121,QC_BEFORE_NI_COATING
200,20UPBBB0003122,QC_BEFORE_NI_COATING
201,20UPBBB0003123,QC_BEFORE_NI_COATING
202,20UPBBB0003124,QC_BEFORE_NI_COATING
203,20UPBBB0003125,QC_BEFORE_NI_COATING
204,20UPBBB0003126,QC_BEFORE_NI_COATING
205,20UPBBB0003127,QC_BEFORE_NI_COATING
206,20UPBBB0003128,QC_BEFORE_NI_COATING
207,20UPBBB0003129,QC_BEFORE_NI_COATING
208,20UPBBB0003130,QC_BEFORE_NI_COATING
209,20UPBBB0003131,QC_BEFORE_NI_COATING
210,20UPBBB0003132,QC_BEFORE_NI_COATING
211,20UPBBB0003133,QC_BEFORE_NI_COATING
212,20UPBBB0003134,QC_BEFORE_NI_COATING
213,20UPBBB0003135,QC_BEFORE_NI_COATING
214,20UPBBB0003136,QC_BEFORE_NI_COATING
215,20UPBBB0003137,QC_BEFORE_NI_COATING
216,20UPBBB0003138,QC_BEFORE_NI_COATING
217,20UPBBB0003139,QC_BEFORE_NI_COATING
218,20UPBBB0003140,QC_BEFORE_NI_COATING
219,20UPBBB0003141,QC_BEFORE_NI_COATING
220,20UPBBB0003142,QC_BEFORE_NI_COATING
221,20UPBBB0003143,QC_BEFORE_NI_COATING
222,20UPBBB0003144,QC_BEFORE_NI_COATING
223,20UPBBB0003145,QC_BEFORE_NI_COATING
224,20UPBBB0003146,QC_BEFORE_NI_COATING
225,20UPBBB0003147,QC_BEFORE_NI_COATING
226,20UPBBB0003148,QC_BEFORE_NI_COATING
227,20UPBBB0003149,QC_BEFORE_NI_COATING
228,20UPBBB0003150,QC_BEFORE_NI_COATING
229,20UPBBB0003151,QC_BEFORE_NI_COATING
230,20UPBBB0003152,QC_BEFORE_NI_COATING
231,20UPBBB0003153,QC_BEFORE_NI_COATING
232,20UPBBB0003154,QC_BEFORE_NI_COATING
233,20UPBBB0003155,QC_BEFORE_NI_COATING
234,20UPBBB0003156,QC_BEFORE_NI_COATING
235,20UPBBB0003157,QC_BEFORE_NI_COATING
236,20UPBBB0003158,QC_BEFORE_NI_COATING
237,20UPBBB0003159,QC_BEFORE_NI_COATING
238,20UPBBB0003160,QC_BEFORE_NI_COATING
239,20UPBBB0003161,QC_BEFORE_NI_COATING
240,20UPBBB0003162,QC_BEFORE_NI_COATING
241,20UPBBB0003163,QC_BEFORE_NI_COATING
242,20UPBBB0003164,QC_BEFORE_NI_COATING
243,20UPBBB0003165,QC_BEFORE_NI_COATING
244,20UPBBB0003166,QC_BEFORE_NI_COATING
245,20UPBBB0003167,QC_BEFORE_NI_COATING
246,20UPBBB0003168,QC_BEFORE_NI_COATING
247,20UPBBB0003169,QC_BEFORE_NI_COATING
248,20UPBBB0003170,QC_BEFORE_NI_COATING
249,20UPBBB0003171,QC_BEFORE_NI_COATING
250,20UPBBB0003172,QC_BEFORE_NI_COATING
251,20UPBBB0003173,QC_BEFORE_NI_COATING
252,20UPBBB0003174,QC_BEFORE_NI_COATING
253,20UPBBB0003175,QC_BEFORE_NI_COATING
254,20UPBBB0003176,QC_BEFORE_NI_COATING
255,20UPBBB0003177,QC_BEFORE_NI_COATING
256,20UPBBB0003178,QC_BEFORE_NI_COATING
257,20UPBBB0003179,QC_BEFORE_NI_COATING
258,20UPBBB0003180,QC_BEFORE_NI_COATING
259,20UPBBB0003181,QC_BEFORE_NI_COATING
260,20UPBBB0003182,QC_BEFORE_NI_COATING
261,20UPBBB0003183,QC_BEFORE_NI_COATING
262,20UPBBB0003184,QC_BEFORE_NI_COATING
263,20UPBBB0003185,QC_BEFORE_NI_COATING
264,20UPBBB0003186,QC_BEFORE_NI_COATING
265,20UPBBB0003187,QC_BEFORE_NI_COATING
266,20UPBBB0003188,QC_BEFORE_NI_COATING
267,20UPBBB0003189,QC_BEFORE_NI_COATING
268,20UPBBB0003190,QC_BEFORE_NI_COATING
269,20UPBBB0003191,QC_BEFORE_NI_COATING
270,20UPBBB0003192,QC_BEFORE_NI_COATING
271,20UPBBB0003193,QC_BEFORE_NI_COATING
272,20UPBBB0003194,QC_BEFORE_NI_COATING
273,20UPBBB0003195,QC_BEFORE_NI_COATING
274,20UPBBB0003196,QC_BEFORE_NI_COATING
275,20UPBBB0003197,QC_BEFORE_NI_COATING
276,20UPBBB0003198,QC_BEFORE_NI_COATING
277,20UPBBB0003199,QC_BEFORE_NI_COATING
278,20UPBBB0003200,QC_BEFORE_NI_COATING
279,20UPBBB0003201,QC_BEFORE_NI_COATING
280,20UPBBB0003202,QC_BEFORE_NI_COATING
281,20UPBBB0003203,QC_BEFORE_NI_COATING
282,20UPBBB0003204,QC_BEFORE_NI_COATING
283,20UPBBB0003205,QC_BEFORE_NI_COATING
284,20UPBBB0003206,QC_BEFORE_NI_COATING
285,20UPBBB0003207,QC_BEFORE_NI_COATING
286,20UPBBB0003208,QC_BEFORE_NI_COATING
287,20UPBBB0003209,QC_BEFORE_NI_COATING
288,20UPBBB0003210,QC_BEFORE_NI_COATING
289,20UPBBB0003211,QC_BEFORE_NI_COATING
290,20UPBBB0003212,QC_BEFORE_NI_COATING
291,20UPBBB0003213,QC_BEFORE_NI_COATING
292,20UPBBB0003214,QC_BEFORE_NI_COATING
293,20UPBBB0003215,QC_BEFORE_NI_COATING
294,20UPBBB0003216,QC_BEFORE_NI_COATING
295,20UPBBB0003217,QC_BEFORE_NI_COATING
296,20UPBBB0003218,QC_BEFORE_NI_COATING
297,20UPBBB0003219,QC_BEFORE_NI_COATING
298,20UPBBB0003220,QC_BEFORE_NI_COATING
299,20UPBBB0003221,QC_BEFORE_NI_COATING
300,20UPBBB0003222,QC_BEFORE_NI_COATING
301,20UPBBB0003223,QC_BEFORE_NI_COATING
302,20UPBBB0003224,QC_BEFORE_NI_COATING
303,20UPBBB0003225,QC_BEFORE_NI_COATING
304,20UPBBB0003226,QC_BEFORE_NI_COATING
305,20UPBBB0003227,QC_BEFORE_NI_COATING
306,20UPBBB0003228,QC_BEFORE_NI_COATING
307,20UPBBB0003229,QC_BEFORE_NI_COATING
308,20UPBBB0003230,QC_BEFORE_NI_COATING
309,20UPBBB0003231,QC_BEFORE_NI_COATING
310,20UPBBB0003232,QC_BEFORE_NI_COATING
311,20UPBBB0003233,QC_BEFORE_NI_COATING
312,20UPBBB0003234,QC_BEFORE_NI_COATING
313,20UPBBB0003235,QC_BEFORE_NI_COATING
314,20UPBBB0003236,QC_BEFORE_NI_COATING
315,20UPBBB0003237,QC_BEFORE_NI_COATING
316,20UPBBB0003238,QC_BEFORE_NI_COATING
317,20UPBBB0003239,QC_BEFORE_NI_COATING
318,20UPBBB0003240,QC_BEFORE_NI_COATING
319,20UPBBB0003241,QC_BEFORE_NI_COATING
320,20UPBBB0003242,QC_BEFORE_NI_COATING
321,20UPBBB0003243,QC_BEFORE_NI_COATING
322,20UPBBB0003244,QC_BEFORE_NI_COATING
323,20UPBBB0003245,QC_BEFORE_NI_COATING
324,20UPBBB0003246,QC_BEFORE_NI_COATING
325,20UPBBB0003247,QC_BEFORE_NI_COATING
326,20UPBBB0003248,QC_BEFORE_NI_COATING
327,20UPBBB0003249,QC_BEFORE_NI_COATING
328,20UPBBB0003250,QC_BEFORE_NI_COATING
329,20UPBBB0003251,QC_BEFORE_NI_COATING
330,20UPBBB0003252,QC_BEFORE_NI_COATING
331,20UPBBB0003253,QC_BEFORE_NI_COATING
332,20UPBBB0003254,QC_BEFORE_NI_COATING
333,20UPBBB0003255,QC_BEFORE_NI_COATING
334,20UPBBB0003256,QC_BEFORE_NI_COATING
335,20UPBBB0003257,QC_BEFORE_NI_COATING
336,20UPBBB0003258,QC_BEFORE_NI_COATING
337,20UPBBB0003259,QC_BEFORE_NI_COATING
338,20UPBBB0003260,QC_BEFORE_NI_COATING
339,20UPBBB0003261,QC_BEFORE_NI_COATING
340,20UPBBB0003262,QC_BEFORE_NI_COATING
341,20UPBBB0003263,QC_BEFORE_NI_COATING
342,20UPBBB0003264,QC_BEFORE_NI_COATING
343,20UPBBB0003265,QC_BEFORE_NI_COATING
344,20UPBBB0003266,QC_BEFORE_NI_COATING
345,20UPBBB0003267,QC_BEFORE_NI_COATING
346,20UPBBB0003268,QC_BEFORE_NI_COATING
347,20UPBBB0003269,QC_BEFORE_NI_COATING
348,20UPBBB0003270,QC_BEFORE_NI_COATING
349,20UPBBB0003271,QC_BEFORE_NI_COATING
350,20UPBBB0003272,QC_BEFORE_NI_COATING
351,20UPBBB0003273,QC_BEFORE_NI_COATING
352,20UPBBB0003274,QC_BEFORE_NI_COATING
353,20UPBBB0003275,QC_BEFORE_NI_COATING
354,20UPBBB0003276,QC_BEFORE_NI_COATING
355,20UPBBB0003277,QC_BEFORE_NI_COATING
356,20UPBBB0003278,QC_BEFORE_NI_COATING
357,20UPBBB0003279,QC_BEFORE_NI_COATING
358,20UPBBB0003280,QC_BEFORE_NI_COATING
359,20UPBBB0003281,QC_BEFORE_NI_COATING
360,20UPBBB0003282,QC_BEFORE_NI_COATING
361,20UPBBB0003283,QC_BEFORE_NI_COATING
362,20UPBBB0003284,QC_BEFORE_NI_COATING
363,20UPBBB0003285,QC_BEFORE_NI_COATING
364,20UPBBB0003286,QC_BEFORE_NI_COATING
365,20UPBBB0003287,QC_BEFORE_NI_COATING
366,20UPBBB0003288,QC_BEFORE_NI_COATING
367,20UPBBB0003289,QC_BEFORE_NI_COATING
368,20UPBBB0003290,QC_BEFORE_NI_COATING
369,20UPBBB0003291,QC_BEFORE_NI_COATING
370,20UPBBB0003292,QC_BEFORE_NI_COATING
371,20UPBBB0003293,QC_BEFORE_NI_COATING
372,20UPBBB0003294,QC_BEFORE_NI_COATING
373,20UPBBB0003295,QC_BEFORE_NI_COATING
374,20UPBBB0003296,QC_BEFORE_NI_COATING
375,20UPBBB0003297,QC_BEFORE_NI_COATING
376,20UPBBB0003298,QC_BEFORE_NI_COATING
377,20UPBBB0003299,QC_BEFORE_NI_COATING
378,20UPBBB0003300,QC_BEFORE_NI_COATING
379,20UPBBB0003301,QC_BEFORE_NI_COATING
380,20UPBBB0003302,QC_BEFORE_NI_COATING
381,20UPBBB0003303,QC_BEFORE_NI_COATING
382,20UPBBB0003304,QC_BEFORE_NI_COATING
383,20UPBBB0003305,QC_BEFORE_NI_COATING
384,20UPBBB0003306,QC_BEFORE_NI_COATING
385,20UPBBB0003307,QC_BEFORE_NI_COATING
386,20UPBBB0003308,QC_BEFORE_NI_COATING
387,20UPBBB0003309,QC_BEFORE_NI_COATING
388,20UPBBB0003310,QC_BEFORE_NI_COATING
389,20UPBBB0003311,QC_BEFORE_NI_COATING
390,20UPBBB0003312,QC_BEFORE_NI_COATING
391,20UPBBB0003313,QC_BEFORE_NI_COATING
392,20UPBBB0003314,QC_BEFORE_NI_COATING
393,20UPBBB0003315,QC_BEFORE_NI_COATING
394,20UPBBB0003316,QC_BEFORE_NI_COATING
395,20UPBBB0003317,QC_BEFORE_NI_COATING
396,20UPBBB0003318,QC_BEFORE_NI_COATING
397,20UPBBB0003319,QC_BEFORE_NI_COATING
398,20UPBBB0003320,QC_BEFORE_NI_COATING
399,20UPBBB0003321,QC_BEFORE_NI_COATING
400,20UPBBB0003322,QC_BEFORE_NI_COATING
401,20UPBBB0003323,QC_BEFORE_NI_COATING
402,20UPBBB0003324,QC_BEFORE_NI_COATING
403,20UPBBB0003325,QC_BEFORE_NI_COATING
404,20UPBBB0003326,QC_BEFORE_NI_COATING
405,20UPBBB0003327,QC_BEFORE_NI_COATING
406,20UPBBB0003328,QC_BEFORE_NI_COATING
407,20UPBBB0003329,QC_BEFORE_NI_COATING
408,20UPBBB0003330,QC_BEFORE_NI_COATING
409,20UPBBB0003331,QC_BEFORE_NI_COATING
410,20UPBBB0003332,QC_BEFORE_NI_COATING
411,20UPBBB0003333,QC_BEFORE_NI_COATING
412,20UPBBB0003334,QC_BEFORE_NI_COATING
413,20UPBBB0003335,QC_BEFORE_NI_COATING
414,20UPBBB0003336,QC_BEFORE_NI_COATING
415,20UPBBB0003337,QC_BEFORE_NI_COATING
416,20UPBBB0003338,QC_BEFORE_NI_COATING
417,20UPBBB0003339,QC_BEFORE_NI_COATING
418,20UPBBB0003340,QC_BEFORE_NI_COATING
419,20UPBBB0003341,QC_BEFORE_NI_COATING
420,20UPBBB0003342,QC_BEFORE_NI_COATING
421,20UPBBB0003343,QC_BEFORE_NI_COATING
422,20UPBBB0003344,QC_BEFORE_NI_COATING
423,20UPBBB0003345,QC_BEFORE_NI_COATING
424,20UPBBB0003346,QC_BEFORE_NI_COATING
425,20UPBBB0003347,QC_BEFORE_NI_COATING
426,20UPBBB0003348,QC_BEFORE_NI_COATING
427,20UPBBB0003349,QC_BEFORE_NI_COATING
428,20UPBBB0003350,QC_BEFORE_NI_COATING
429,20UPBBB0003351,QC_BEFORE_NI_COATING
430,20UPBBB0003352,QC_BEFORE_NI_COATING
431,20UPBBB0003353,QC_BEFORE_NI_COATING
432,20UPBBB0003354,QC_BEFORE_NI_COATING
433,20UPBBB0003355,QC_BEFORE_NI_COATING
434,20UPBBB0003356,QC_BEFORE_NI_COATING
435,20UPBBB0003357,QC_BEFORE_NI_COATING
436,20UPBBB0003358,QC_BEFORE_NI_COATING
437,20UPBBB0003359,QC_BEFORE_NI_COATING
438,20UPBBB0003360,QC_BEFORE_NI_COATING
439,20UPBBB0003361,QC_BEFORE_NI_COATING
440,20UPBBB0003362,QC_BEFORE_NI_COATING
441,20UPBBB0003363,QC_BEFORE_NI_COATING
442,20UPBBB0003364,QC_BEFORE_NI_COATING
443,20UPBBB0003365,QC_BEFORE_NI_COATING
444,20UPBBB0003366,QC_BEFORE_NI_COATING
445,20UPBBB0003367,QC_BEFORE_NI_COATING
446,20UPBBB0003368,QC_BEFORE_NI_COATING
447,20UPBBB0003369,QC_BEFORE_NI_COATING
448,20UPBBB0003370,QC_BEFORE_NI_COATING
449,20UPBBB0003371,QC_BEFORE_NI_COATING
450,20UPBBB0003372,QC_BEFORE_NI_COATING
451,20UPBBB0003373,QC_BEFORE_NI_COATING
452,20UPBBB0003374,QC_BEFORE_NI_COATING
453,20UPBBB0003375,QC_BEFORE_NI_COATING
454,20UPBBB0003376,QC_BEFORE_NI_COATING
455,20UPBBB0003377,QC_BEFORE_NI_COATING
456,20UPBBB0003378,QC_BEFORE_NI_COATING
457,20UPBBB0003379,QC_BEFORE_NI_COATING
458,20UPBBB0003380,QC_BEFORE_NI_COATING
459,20UPBBB0003381,QC_BEFORE_NI_COATING
460,20UPBBB0003382,QC_BEFORE_NI_COATING
461,20UPBBB0003383,QC_BEFORE_NI_COATING
462,20UPBBB0003384,QC_BEFORE_NI_COATING
463,20UPBBB0003385,QC_BEFORE_NI_COATING
464,20UPBBB0003386,QC_BEFORE_NI_COATING
465,20UPBBB0003387,QC_BEFORE_NI_COATING
466,20UPBBB0003388,QC_BEFORE_NI_COATING
467,20UPBBB0003389,QC_BEFORE_NI_COATING
468,20UPBBB0003390,QC_BEFORE_NI_COATING
469,20UPBBB0003391,QC_BEFORE_NI_COATING
470,20UPBBB0003392,QC_BEFORE_NI_COATING
471,20UPBBB0003393,QC_BEFORE_NI_COATING
472,20UPBBB0003394,QC_BEFORE_NI_COATING
473,20UPBBB0003395,QC_BEFORE_NI_COATING
474,20UPBBB0003396,QC_BEFORE_NI_COATING
475,20UPBBB0003397,QC_BEFORE_NI_COATING
476,20UPBBB0003398,QC_BEFORE_NI_COATING
477,20UPBBB0003399,QC_BEFORE_NI_COATING
478,20UPBBB0003400,QC_BEFORE_NI_COATING
479,20UPBBB0003401,QC_BEFORE_NI_COATING
480,20UPBBB0003402,QC_BEFORE_NI_COATING
481,20UPBBB0003403,QC_BEFORE_NI_COATING
482,20UPBBB0003404,QC_BEFORE_NI_COATING
483,20UPBBB0003405,QC_BEFORE_NI_COATING
484,20UPBBB0003406,QC_BEFORE_NI_COATING
485,20UPBBB0003407,QC_BEFORE_NI_COATING
486,20UPBBB0003408,QC_BEFORE_NI_COATING
487,20UPBBB0003409,QC_BEFORE_NI_COATING
488,20UPBBB0003410,QC_BEFORE_NI_COATING
489,20UPBBB0003411,QC_BEFORE_NI_COATING
490,20UPBBB0003412,QC_BEFORE_NI_COATING
491,20UPBBB0003413,QC_BEFORE_NI_COATING
492,20UPBBB0003414,QC_BEFORE_NI_COATING
493,20UPBBB0003415,QC_BEFORE_NI_COATING
494,20UPBBB0003416,QC_BEFORE_NI_COATING
495,20UPBBB0003417,QC_BEFORE_NI_COATING
496,20UPBBB0003418,QC_BEFORE_NI_COATING
497,20UPBBB0003419,QC_BEFORE_NI_COATING
498,20UPBBB0003420,QC_BEFORE_NI_COATING
499,20UPBBB0003421,QC_BEFORE_NI_COATING
500,20UPBBB0003422,QC_BEFORE_NI_COATING
501,20UPBBB0003423,QC_BEFORE_NI_COATING
502,20UPBBB0003424,QC_BEFORE_NI_COATING
503,20UPBBB0003425,QC_BEFORE_NI_COATING
504,20UPBBB0003426,QC_BEFORE_NI_COATING
505,20UPBBB0003427,QC_BEFORE_NI_COATING
506,20UPBBB0003428,QC_BEFORE_NI_COATING
507,20UPBBB0003429,QC_BEFORE_NI_COATING
508,20UPBBB0003430,QC_BEFORE_NI_COATING
509,20UPBBB0003431,QC_BEFORE_NI_COATING
510,20UPBBB0003432,QC_BEFORE_NI_COATING
511,20UPBBB0003433,QC_BEFORE_NI_COATING
512,20UPBBB0003434,QC_BEFORE_NI_COATING
513,20UPBBB0003435,QC_BEFORE_NI_COATING
514,20UPBBB0003436,QC_BEFORE_NI_COATING
515,20UPBBB0003437,QC_BEFORE_NI_COATING
516,20UPBBB0003438,QC_BEFORE_NI_COATING
517,20UPBBB0003439,QC_BEFORE_NI_COATING
518,20UPBBB0003440,QC_BEFORE_NI_COATING
519,20UPBBB0003441,QC_BEFORE_NI_COATING
520,20UPBBB0003442,QC_BEFORE_NI_COATING
521,20UPBBB0003443,QC_BEFORE_NI_COATING
522,20UPBBB0003444,QC_BEFORE_NI_COATING
523,20UPBBB0003445,QC_BEFORE_NI_COATING
524,20UPBBB0003446,QC_BEFORE_NI_COATING
525,20UPBBB0003447,QC_BEFORE_NI_COATING
526,20UPBBB0003448,QC_BEFORE_NI_COATING
527,20UPBBB0003449,QC_BEFORE_NI_COATING
528,20UPBBB0003450,QC_BEFORE_NI_COATING
529,20UPBBB0003451,QC_BEFORE_NI_COATING
530,20UPBBB0003452,QC_BEFORE_NI_COATING
531,20UPBBB0003453,QC_BEFORE_NI_COATING
532,20UPBBB0003454,QC_BEFORE_NI_COATING
533,20UPBBB0003455,QC_BEFORE_NI_COATING
534,20UPBBB0003456,QC_BEFORE_NI_COATING
535,20UPBBB0003457,QC_BEFORE_NI_COATING
536,20UPBBB0003458,QC_BEFORE_NI_COATING
537,20UPBBB0003459,QC_BEFORE_NI_COATING
538,20UPBBB0003460,QC_BEFORE_NI_COATING
539,20UPBBB0003461,QC_BEFORE_NI_COATING
540,20UPBBB0003462,QC_BEFORE_NI_COATING
541,20UPBBB0003463,QC_BEFORE_NI_COATING
542,20UPBBB0003464,QC_BEFORE_NI_COATING
543,20UPBBB0003465,QC_BEFORE_NI_COATING
544,20UPBBB0003466,QC_BEFORE_NI_COATING
545,20UPBBB0003467,QC_BEFORE_NI_COATING
546,20UPBBB0003468,QC_BEFORE_NI_COATING
547,20UPBBB0003469,QC_BEFORE_NI_COATING
548,20UPBBB0003470,QC_BEFORE_NI_COATING
549,20UPBBB0003471,QC_BEFORE_NI_COATING
550,20UPBBB0003472,QC_BEFORE_NI_COATING
551,20UPBBB0003473,QC_BEFORE_NI_COATING
552,20UPBBB0003474,QC_BEFORE_NI_COATING
553,20UPBBB0003475,QC_BEFORE_NI_COATING
554,20UPBBB0003476,QC_BEFORE_NI_COATING
555,20UPBBB0003477,QC_BEFORE_NI_COATING
556,20UPBBB0003478,QC_BEFORE_NI_COATING
557,20UPBBB0003479,QC_BEFORE_NI_COATING
558,20UPBBB0003480,QC_BEFORE_NI_COATING
559,20UPBBB0003481,QC_BEFORE_NI_COATING
560,20UPBBB0003482,QC_BEFORE_NI_COATING
561,20UPBBB0003483,QC_BEFORE_NI_COATING
562,20UPBBB0003484,QC_BEFORE_NI_COATING
563,20UPBBB0003485,QC_BEFORE_NI_COATING
564,20UPBBB0003486,QC_BEFORE_NI_COATING
565,20UPBBB0003487,QC_BEFORE_NI_COATING
566,20UPBBB0003488,QC_BEFORE_NI_COATING
567,20UPBBB0003489,QC_BEFORE_NI_COATING
568,20UPBBB0003490,QC_BEFORE_NI_COATING
569,20UPBBB0003491,QC_BEFORE_NI_COATING
570,20UPBBB0003492,QC_BEFORE_NI_COATING
571,20UPBBB0003493,QC_BEFORE_NI_COATING
572,20UPBBB0003494,QC_BEFORE_NI_COATING
573,20UPBBB0003495,QC_BEFORE_NI_COATING
574,20UPBBB0003496,QC_BEFORE_NI_COATING
575,20UPBBB0003497,QC_BEFORE_NI_COATING
576,20UPBBB0003498,QC_BEFORE_NI_COATING
577,20UPBBB0003499,QC_BEFORE_NI_COATING
578,20UPBBB0003500,QC_BEFORE_NI_COATING
579,20UPBBB0003501,QC_BEFORE_NI_COATING
580,20UPBBB0003502,QC_BEFORE_NI_COATING
581,20UPBBB0003503,QC_BEFORE_NI_COATING
582,20UPBBB0003504,QC_BEFORE_NI_COATING
583,20UPBBB0003505,QC_BEFORE_NI_COATING
584,20UPBBB0003506,QC_BEFORE_NI_COATING
585,20UPBBB0003507,QC_BEFORE_NI_COATING
586,20UPBBB0003508,QC_BEFORE_NI_COATING
587,20UPBBB0003509,QC_BEFORE_NI_COATING
588,20UPBBB0003510,QC_BEFORE_NI_COATING
589,20UPBBB0003511,QC_BEFORE_NI_COATING
590,20UPBBB0003512,QC_BEFORE_NI_COATING
591,20UPBBB0003513,QC_BEFORE_NI_COATING
592,20UPBBB0003514,QC_BEFORE_NI_COATING
593,20UPBBB0003515,QC_BEFORE_NI_COATING
594,20UPBBB0003516,QC_BEFORE_NI_COATING
595,20UPBBB0003517,QC_BEFORE_NI_COATING
596,20UPBBB0003518,QC_BEFORE_NI_COATING
597,20UPBBB0003519,QC_BEFORE_NI_COATING
598,20UPBBB0003520,QC_BEFORE_NI_COATING
599,20UPBBB0003521,QC_BEFORE_NI_COATING
600,20UPBBB0003522,QC_BEFORE_NI_COATING
601,20UPBBB0003523,QC_BEFORE_NI_COATING
602,20UPBBB0003524,QC_BEFORE_NI_COATING
603,20UPBBB0003525,QC_BEFORE_NI_COATING
604,20UPBBB0003526,QC_BEFORE_NI_COATING
605,20UPBBB0003527,QC_BEFORE_NI_COATING
606,20UPBBB0003528,QC_BEFORE_NI_COATING
607,20UPBBB0003529,QC_BEFORE_NI_COATING
608,20UPBBB0003530,QC_BEFORE_NI_COATING
609,20UPBBB0003531,QC_BEFORE_NI_COATING
610,20UPBBB0003532,QC_BEFORE_NI_COATING
611,20UPBBB0003533,QC_BEFORE_NI_COATING
612,20UPBBB0003534,QC_BEFORE_NI_COATING
613,20UPBBB0003535,QC_BEFORE_NI_COATING
614,20UPBBB0003536,QC_BEFORE_NI_COATING
615,20UPBBB0003537,QC_BEFORE_NI_COATING
616,20UPBBB0003538,QC_BEFORE_NI_COATING
617,20UPBBB0003539,QC_BEFORE_NI_COATING
618,20UPBBB0003540,QC_BEFORE_NI_COATING
619,20UPBBB0003541,QC_BEFORE_NI_COATING
620,20UPBBB0003542,QC_BEFORE_NI_COATING
621,20UPBBB0003543,QC_BEFORE_NI_COATING
622,20UPBBB0003544,QC_BEFORE_NI_COATING
623,20UPBBB0003545,QC_BEFORE_NI_COATING
624,20UPBBB0003546,QC_BEFORE_NI_COATING
625,20UPBBB0003547,QC_BEFORE_NI_COATING
626,20UPBBB0003548,QC_BEFORE_NI_COATING
627,20UPBBB0003549,QC_BEFORE_NI_COATING
628,20UPBBB0003550,QC_BEFORE_NI_COATING
629,20UPBBB0003551,QC_BEFORE_NI_COATING
630,20UPBBB0003552,QC_BEFORE_NI_COATING
631,20UPBBB0003553,QC_BEFORE_NI_COATING
632,20UPBBB0003554,QC_BEFORE_NI_COATING
633,20UPBBB0003555,QC_BEFORE_NI_COATING
634,20UPBBB0003556,QC_BEFORE_NI_COATING
635,20UPBBB0003557,QC_BEFORE_NI_COATING
636,20UPBBB0003558,QC_BEFORE_NI_COATING
637,20UPBBB0003559,QC_BEFORE_NI_COATING
638,20UPBBB0003560,QC_BEFORE_NI_COATING
639,20UPBBB0003561,QC_BEFORE_NI_COATING
640,20UPBBB0003562,QC_BEFORE_NI_COATING
641,20UPBBB0003563,QC_BEFORE_NI_COATING
642,20UPBBB0003564,QC_BEFORE_NI_COATING
643,20UPBBB0003565,QC_BEFORE_NI_COATING
644,20UPBBB0003566,QC_BEFORE_NI_COATING
645,20UPBBB0003567,QC_BEFORE_NI_COATING
646,20UPBBB0003568,QC_BEFORE_NI_COATING
647,20UPBBB0003569,QC_BEFORE_NI_COATING
648,20UPBBB0003570,QC_BEFORE_NI_COATING
649,20UPBBB0003571,QC_BEFORE_NI_COATING
650,20UPBBB0003572,QC_BEFORE_NI_COATING
651,20UPBBB0003573,QC_BEFORE_NI_COATING
652,20UPBBB0003574,QC_BEFORE_NI_COATING
653,20UPBBB0003575,QC_BEFORE_NI_COATING
654,20UPBBB0003576,QC_BEFORE_NI_COATING
655,20UPBBB0003577,QC_BEFORE_NI_COATING
656,20UPBBB0003578,QC_BEFORE_NI_COATING
657,20UPBBB0003579,QC_BEFORE_NI_COATING
658,20UPBBB0003580,QC_BEFORE_NI_COATING
659,20UPBBB0003581,QC_BEFORE_NI_COATING
660,20UPBBB0003582,QC_BEFORE_NI_COATING
661,20UPBBB0003583,QC_BEFORE_NI_COATING
662,20UPBBB0003584,QC_BEFORE_NI_COATING
663,20UPBBB0003585,QC_BEFORE_NI_COATING
664,20UPBBB0003586,QC_BEFORE_NI_COATING
665,20UPBBB0003587,QC_BEFORE_NI_COATING
666,20UPBBB0003588,QC_BEFORE_NI_COATING
667,20UPBBB0003589,QC_BEFORE_NI_COATING
668,20UPBBB0003590,QC_BEFORE_NI_COATING
669,20UPBBB0003591,QC_BEFORE_NI_COATING
670,20UPBBB0003592,QC_BEFORE_NI_COATING
671,20UPBBB0003593,QC_BEFORE_NI_COATING
672,20UPBBB0003594,QC_BEFORE_NI_COATING
673,20UPBBB0003595,QC_BEFORE_NI_COATING
674,20UPBBB0003596,QC_BEFORE_NI_COATING
675,20UPBBB0003597,QC_BEFORE_NI_COATING
676,20UPBBB0003598,QC_BEFORE_NI_COATING
677,20UPBBB0003599,QC_BEFORE_NI_COATING
678,20UPBBB0003600,QC_BEFORE_NI_COATING
679,20UPBBB0003601,QC_BEFORE_NI_COATING
680,20UPBBB0003602,QC_BEFORE_NI_COATING
681,20UPBBB0003603,QC_BEFORE_NI_COATING
682,20UPBBB0003604,QC_BEFORE_NI_COATING
683,20UPBBB0003605,QC_BEFORE_NI_COATING
684,20UPBBB0003606,QC_BEFORE_NI_COATING
685,20UPBBB0003607,QC_BEFORE_NI_COATING
686,20UPBBB0003608,QC_BEFORE_NI_COATING
687,20UPBBB0003609,QC_BEFORE_NI_COATING
688,20UPBBB0003610,QC_BEFORE_NI_COATING
689,20UPBBB0003611,QC_BEFORE_NI_COATING
690,20UPBBB0003612,QC_BEFORE_NI_COATING
691,20UPBBB0003613,QC_BEFORE_NI_COATING
692,20UPBBB0003614,QC_BEFORE_NI_COATING
693,20UPBBB0003615,QC_BEFORE_NI_COATING
694,20UPBBB0003616,QC_BEFORE_NI_COATING
695,20UPBBB0003617,QC_BEFORE_NI_COATING
696,20UPBBB0003618,QC_BEFORE_NI_COATING
697,20UPBBB0003619,QC_BEFORE_NI_COATING
698,20UPBBB0003620,QC_BEFORE_NI_COATING
699,20UPBBB0003621,QC_BEFORE_NI_COATING
700,20UPBBB0003622,QC_BEFORE_NI_COATING
701,20UPBBB0003623,QC_BEFORE_NI_COATING
702,20UPBBB0003624,QC_BEFORE_NI_COATING
703,20UPBBB0003625,QC_BEFORE_NI_COATING
704,20UPBBB0003626,QC_BEFORE_NI_COATING
705,20UPBBB0003627,QC_BEFORE_NI_COATING
706,20UPBBB0003628,QC_BEFORE_NI_COATING
707,20UPBBB0003629,QC_BEFORE_NI_COATING
708,20UPBBB0003630,QC_BEFORE_NI_COATING
709,20UPBBB0003631,QC_BEFORE_NI_COATING
710,20UPBBB0003632,QC_BEFORE_NI_COATING
711,20UPBBB0003633,QC_BEFORE_NI_COATING
712,20UPBBB0003634,QC_BEFORE_NI_COATING
713,20UPBBB0003635,QC_BEFORE_NI_COATING
714,20UPBBB0003636,QC_BEFORE_NI_COATING
715,20UPBBB0003637,QC_BEFORE_NI_COATING
716,20UPBBB0003638,QC_BEFORE_NI_COATING
717,20UPBBB0003639,QC_BEFORE_NI_COATING
718,20UPBBB0003640,QC_BEFORE_NI_COATING
719,20UPBBB0003641,QC_BEFORE_NI_COATING
720,20UPBBB0003642,QC_BEFORE_NI_COATING
721,20UPBBB0003643,QC_BEFORE_NI_COATING
722,20UPBBB0003644,QC_BEFORE_NI_COATING
723,20UPBBB0003645,QC_BEFORE_NI_COATING
724,20UPBBB0003646,QC_BEFORE_NI_COATING
725,20UPBBB0003647,QC_BEFORE_NI_COATING
726,20UPBBB0003648,QC_BEFORE_NI_COATING
727,20UPBBB0003649,QC_BEFORE_NI_COATING
728,20UPBBB0003650,QC_BEFORE_NI_COATING
729,20UPBBB0003651,QC_BEFORE_NI_COATING
730,20UPBBB0003652,QC_BEFORE_NI_COATING
731,20UPBBB0003653,QC_BEFORE_NI_COATING
732,20UPBBB0003654,QC_BEFORE_NI_COATING
733,20UPBBB0003655,QC_BEFORE_NI_COATING
734,20UPBBB0003656,QC_BEFORE_NI_COATING
735,20UPBBB0003657,QC_BEFORE_NI_COATING
736,20UPBBB0003658,QC_BEFORE_NI_COATING
737,20UPBBB0003659,QC_BEFORE_NI_COATING
738,20UPBBB0003660,QC_BEFORE_NI_COATING
739,20UPBBB0003661,QC_BEFORE_NI_COATING
740,20UPBBB0003662,QC_BEFORE_NI_COATING
741,20UPBBB0003663,QC_BEFORE_NI_COATING
742,20UPBBB0003664,QC_BEFORE_NI_COATING
743,20UPBBB0003665,QC_BEFORE_NI_COATING
744,20UPBBB0003666,QC_BEFORE_NI_COATING
745,20UPBBB0003667,QC_BEFORE_NI_COATING
746,20UPBBB0003668,QC_BEFORE_NI_COATING
747,20UPBBB0003669,QC_BEFORE_NI_COATING
748,20UPBBB0003670,QC_BEFORE_NI_COATING
749,20UPBBB0003671,QC_BEFORE_NI_COATING
750,20UPBBB0003672,QC_BEFORE_NI_COATING
751,20UPBBB0003673,QC_BEFORE_NI_COATING
752,20UPBBB0003674,QC_BEFORE_NI_COATING
753,20UPBBB0003675,QC_BEFORE_NI_COATING
754,20UPBBB0003676,QC_BEFORE_NI_COATING
755,20UPBBB0003677,QC_BEFORE_NI_COATING
756,20UPBBB0003678,QC_BEFORE_NI_COATING
757,20UPBBB0003679,QC_BEFORE_NI_COATING
758,20UPBBB0003680,QC_BEFORE_NI_COATING
759,20UPBBB0003681,QC_BEFORE_NI_COATING
760,20UPBBB0003682,QC_BEFORE_NI_COATING
761,20UPBBB0003683,QC_BEFORE_NI_COATING
762,20UPBBB0003684,QC_BEFORE_NI_COATING
763,20UPBBB0003685,QC_BEFORE_NI_COATING
764,20UPBBB0003686,QC_BEFORE_NI_COATING
765,20UPBBB0003687,QC_BEFORE_NI_COATING
766,20UPBBB0003688,QC_BEFORE_NI_COATING
767,20UPBBB0003689,QC_BEFORE_NI_COATING
768,20UPBBB0003690,QC_BEFORE_NI_COATING
769,20UPBBB0003691,QC_BEFORE_NI_COATING
770,20UPBBB0003692,QC_BEFORE_NI_COATING
771,20UPBBB0003693,QC_BEFORE_NI_COATING
772,20UPBBB0003694,QC_BEFORE_NI_COATING
773,20UPBBB0003695,QC_BEFORE_NI_COATING
774,20UPBBB0003696,QC_BEFORE_NI_COATING
775,20UPBBB0003697,QC_BEFORE_NI_COATING
776,20UPBBB0003698,QC_BEFORE_NI_COATING
777,20UPBBB0003699,QC_BEFORE_NI_COATING
778,20UPBBB0003700,QC_BEFORE_NI_COATING
779,20UPBBB0003701,QC_BEFORE_NI_COATING
780,20UPBBB0003702,QC_BEFORE_NI_COATING
781,20UPBBB0003703,QC_BEFORE_NI_COATING
782,20UPBBB0003704,QC_BEFORE_NI_COATING
783,20UPBBB0003705,QC_BEFORE_NI_COATING
784,20UPBBB0003706,QC_BEFORE_NI_COATING
785,20UPBBB0003707,QC_BEFORE_NI_COATING
786,20UPBBB0003708,QC_BEFORE_NI_COATING
787,20UPBBB0003709,QC_BEFORE_NI_COATING
788,20UPBBB0003710,QC_BEFORE_NI_COATING
789,20UPBBB0003711,QC_BEFORE_NI_COATING
790,20UPBBB0003712,QC_BEFORE_NI_COATING
791,20UPBBB0003713,QC_BEFORE_NI_COATING
792,20UPBBB0003714,QC_BEFORE_NI_COATING
793,20UPBBB0003715,QC_BEFORE_NI_COATING
794,20UPBBB0003716,QC_BEFORE_NI_COATING
795,20UPBBB0003717,QC_BEFORE_NI_COATING
796,20UPBBB0003718,QC_BEFORE_NI_COATING
797,20UPBBB0003719,QC_BEFORE_NI_COATING
798,20UPBBB0003720,QC_BEFORE_NI_COATING
799,20UPBBB0003721,QC_BEFORE_NI_COATING
800,20UPBBB0003722,QC_BEFORE_NI_COATING
801,20UPBBB0003723,QC_BEFORE_NI_COATING
802,20UPBBB0003724,QC_BEFORE_NI_COATING
803,20UPBBB0003725,QC_BEFORE_NI_COATING
804,20UPBBB0003726,QC_BEFORE_NI_COATING
805,20UPBBB0003727,QC_BEFORE_NI_COATING
806,20UPBBB0003728,QC_BEFORE_NI_COATING
807,20UPBBB0003729,QC_BEFORE_NI_COATING
808,20UPBBB0003730,QC_BEFORE_NI_COATING
809,20UPBBB0003731,QC_BEFORE_NI_COATING
810,20UPBBB0003732,QC_BEFORE_NI_COATING
811,20UPBBB0003733,QC_BEFORE_NI_COATING
812,20UPBBB0003734,QC_BEFORE_NI_COATING
813,20UPBBB0003735,QC_BEFORE_NI_COATING
814,20UPBBB0003736,QC_BEFORE_NI_COATING
815,20UPBBB0003737,QC_BEFORE_NI_COATING
816,20UPBBB0003738,QC_BEFORE_NI_COATING
817,20UPBBB0003739,QC_BEFORE_NI_COATING
818,20UPBBB0003740,QC_BEFORE_NI_COATING
819,20UPBBB0003741,QC_BEFORE_NI_COATING
820,20UPBBB0003742,QC_BEFORE_NI_COATING
821,20UPBBB0003743,QC_BEFORE_NI_COATING
822,20UPBBB0003744,QC_BEFORE_NI_COATING
823,20UPBBB0003745,QC_BEFORE_NI_COATING
824,20UPBBB0003746,QC_BEFORE_NI_COATING
825,20UPBBB0003747,QC_BEFORE_NI_COATING
826,20UPBBB0003748,QC_BEFORE_NI_COATING
827,20UPBBB0003749,QC_BEFORE_NI_COATING
828,20UPBBB0003750,QC_BEFORE_NI_COATING
829,20UPBBB0003751,QC_BEFORE_NI_COATING
830,20UPBBB0003752,QC_BEFORE_NI_COATING
831,20UPBBB0003753,QC_BEFORE_NI_COATING
832,20UPBBB0003754,QC_BEFORE_NI_COATING
833,20UPBBB0003755,QC_BEFORE_NI_COATING
834,20UPBBB0003756,QC_BEFORE_NI_COATING
835,20UPBBB0003757,QC_BEFORE_NI_COATING
836,20UPBBB0003758,QC_BEFORE_NI_COATING
837,20UPBBB0003759,QC_BEFORE_NI_COATING
838,20UPBBB0003760,QC_BEFORE_NI_COATING
839,20UPBBB0003761,QC_BEFORE_NI_COATING
840,20UPBBB0003762,QC_BEFORE_NI_COATING
841,20UPBBB0003763,QC_BEFORE_NI_COATING
842,20UPBBB0003764,QC_BEFORE_NI_COATING
843,20UPBBB0003765,QC_BEFORE_NI_COATING
844,20UPBBB0003766,QC_BEFORE_NI_COATING
845,20UPBBB0003767,QC_BEFORE_NI_COATING
846,20UPBBB0003768,QC_BEFORE_NI_COATING
847,20UPBBB0003769,QC_BEFORE_NI_COATING
848,20UPBBB0003770,QC_BEFORE_NI_COATING
849,20UPBBB0003771,QC_BEFORE_NI_COATING
850,20UPBBB0003772,QC_BEFORE_NI_COATING
851,20UPBBB0003773,QC_BEFORE_NI_COATING
852,20UPBBB0003774,QC_BEFORE_NI_COATING
853,20UPBBB0003775,QC_BEFORE_NI_COATING
854,20UPBBB0003776,QC_BEFORE_NI_COATING
855,20UPBBB0003777,QC_BEFORE_NI_COATING
856,20UPBBB0003778,QC_BEFORE_NI_COATING
857,20UPBBB0003779,QC_BEFORE_NI_COATING
858,20UPBBB0003780,QC_BEFORE_NI_COATING
859,20UPBBB0003781,QC_BEFORE_NI_COATING
860,20UPBBB0003782,QC_BEFORE_NI_COATING
861,20UPBBB0003783,QC_BEFORE_NI_COATING
862,20UPBBB0003784,QC_BEFORE_NI_COATING
863,20UPBBB0003785,QC_BEFORE_NI_COATING
864,20UPBBB0003786,QC_BEFORE_NI_COATING
865,20UPBBB0003787,QC_BEFORE_NI_COATING
866,20UPBBB0003788,QC_BEFORE_NI_COATING
867,20UPBBB0003789,QC_BEFORE_NI_COATING
868,20UPBBB0003790,QC_BEFORE_NI_COATING
869,20UPBBB0003791,QC_BEFORE_NI_COATING
870,20UPBBB0003792,QC_BEFORE_NI_COATING
871,20UPBBB0003793,QC_BEFORE_NI_COATING
872,20UPBBB0003794,QC_BEFORE_NI_COATING
873,20UPBBB0003795,QC_BEFORE_NI_COATING
874,20UPBBB0003796,QC_BEFORE_NI_COATING
875,20UPBBB0003797,QC_BEFORE_NI_COATING
876,20UPBBB0003798,QC_BEFORE_NI_COATING
877,20UPBBB0003799,QC_BEFORE_NI_COATING
878,20UPBBB0003800,QC_BEFORE_NI_COATING
879,20UPBBB0003801,QC_BEFORE_NI_COATING
880,20UPBBB0003802,QC_BEFORE_NI_COATING
881,20UPBBB0003803,QC_BEFORE_NI_COATING
882,20UPBBB0003804,QC_BEFORE_NI_COATING
883,20UPBBB0003805,QC_BEFORE_NI_COATING
884,20UPBBB0003806,QC_BEFORE_NI_COATING
885,20UPBBB0003807,QC_BEFORE_NI_COATING
886,20UPBBB0003808,QC_BEFORE_NI_COATING
887,20UPBBB0003809,QC_BEFORE_NI_COATING
888,20UPBBB0003810,QC_BEFORE_NI_COATING
889,20UPBBB0003811,QC_BEFORE_NI_COATING
890,20UPBBB0003812,QC_BEFORE_NI_COATING
891,20UPBBB0003813,QC_BEFORE_NI_COATING
892,20UPBBB0003814,QC_BEFORE_NI_COATING
893,20UPBBB0003815,QC_BEFORE_NI_COATING
894,20UPBBB0003816,QC_BEFORE_NI_COATING
895,20UPBBB0003817,QC_BEFORE_NI_COATING
896,20UPBBB0003818,QC_BEFORE_NI_COATING
897,20UPBBB0003819,QC_BEFORE_NI_COATING
898,20UPBBB0003820,QC_BEFORE_NI_COATING
899,20UPBBB0003821,QC_BEFORE_NI_COATING
900,20UPBBB0003822,QC_BEFORE_NI_COATING
901,20UPBBB0003823,QC_BEFORE_NI_COATING
902,20UPBBB0003824,QC_BEFORE_NI_COATING
903,20UPBBB0003825,QC_BEFORE_NI_COATING
904,20UPBBB0003826,QC_BEFORE_NI_COATING
905,20UPBBB0003827,QC_BEFORE_NI_COATING
906,20UPBBB0003828,QC_BEFORE_NI_COATING
907,20UPBBB0003829,QC_BEFORE_NI_COATING
908,20UPBBB0003830,QC_BEFORE_NI_COATING
909,20UPBBB0003831,QC_BEFORE_NI_COATING
910,20UPBBB0003832,QC_BEFORE_NI_COATING
911,20UPBBB0003833,QC_BEFORE_NI_COATING
912,20UPBBB0003834,QC_BEFORE_NI_COATING
913,20UPBBB0003835,QC_BEFORE_NI_COATING
914,20UPBBB0003836,QC_BEFORE_NI_COATING
915,20UPBBB0003837,QC_BEFORE_NI_COATING
916,20UPBBB0003838,QC_BEFORE_NI_COATING
917,20UPBBB0003839,QC_BEFORE_NI_COATING
918,20UPBBB0003840,QC_BEFORE_NI_COATING
919,20UPBBB0003841,QC_BEFORE_NI_COATING
920,20UPBBB0003842,QC_BEFORE_NI_COATING
921,20UPBBB0003843,QC_BEFORE_NI_COATING
922,20UPBBB0003844,QC_BEFORE_NI_COATING
923,20UPBBB0003845,QC_BEFORE_NI_COATING
924,20UPBBB0003846,QC_BEFORE_NI_COATING
925,20UPBBB0003847,QC_BEFORE_NI_COATING
926,20UPBBB0003848,QC_BEFORE_NI_COATING
927,20UPBBB0003849,QC_BEFORE_NI_COATING
928,20UPBBB0003850,QC_BEFORE_NI_COATING
929,20UPBBB0003851,QC_BEFORE_NI_COATING
930,20UPBBB0003852,QC_BEFORE_NI_COATING
931,20UPBBB0003853,QC_BEFORE_NI_COATING
932,20UPBBB0003854,QC_BEFORE_NI_COATING
933,20UPBBB0003855,QC_BEFORE_NI_COATING
934,20UPBBB0003856,QC_BEFORE_NI_COATING
935,20UPBBB0003857,QC_BEFORE_NI_COATING
936,20UPBBB0003858,QC_BEFORE_NI_COATING
937,20UPBBB0003859,QC_BEFORE_NI_COATING
938,20UPBBB0003860,QC_BEFORE_NI_COATING
939,20UPBBB0003861,QC_BEFORE_NI_COATING
940,20UPBBB0003862,QC_BEFORE_NI_COATING
941,20UPBBB0003863,QC_BEFORE_NI_COATING
942,20UPBBB0003864,QC_BEFORE_NI_COATING
943,20UPBBB0003865,QC_BEFORE_NI_COATING
944,20UPBBB0003866,QC_BEFORE_NI_COATING
945,20UPBBB0003867,QC_BEFORE_NI_COATING
946,20UPBBB0003868,QC_BEFORE_NI_COATING
947,20UPBBB0003869,QC_BEFORE_NI_COATING
948,20UPBBB0003870,QC_BEFORE_NI_COATING
949,20UPBBB0003871,QC_BEFORE_NI_COATING
950,20UPBBB0003872,QC_BEFORE_NI_COATING
951,20UPBBB0003873,QC_BEFORE_NI_COATING
952,20UPBBB0003874,QC_BEFORE_NI_COATING
953,20UPBBB0003875,QC_BEFORE_NI_COATING
954,20UPBBB0003876,QC_BEFORE_NI_COATING
955,20UPBBB0003877,QC_BEFORE_NI_COATING
956,20UPBBB0003878,QC_BEFORE_NI_COATING
957,20UPBBB0003879,QC_BEFORE_NI_COATING
958,20UPBBB0003880,QC_BEFORE_NI_COATING
959,20UPBBB0003881,QC_BEFORE_NI_COATING
960,20UPBBB0003882,QC_BEFORE_NI_COATING
961,20UPBBB0003883,QC_BEFORE_NI_COATING
962,20UPBBB0003884,QC_BEFORE_NI_COATING
963,20UPBBB0003885,QC_BEFORE_NI_COATING
964,20UPBBB0003886,QC_BEFORE_NI_COATING
965,20UPBBB0003887,QC_BEFORE_NI_COATING
966,20UPBBB0003888,QC_BEFORE_NI_COATING
967,20UPBBB0003889,QC_BEFORE_NI_COATING
968,20UPBBB0003890,QC_BEFORE_NI_COATING
969,20UPBBB0003891,QC_BEFORE_NI_COATING
970,20UPBBB0003892,QC_BEFORE_NI_COATING
971,20UPBBB0003893,QC_BEFORE_NI_COATING
972,20UPBBB0003894,QC_BEFORE_NI_COATING
973,20UPBBB0003895,QC_BEFORE_NI_COATING
974,20UPBBB0003896,QC_BEFORE_NI_COATING
975,20UPBBB0003897,QC_BEFORE_NI_COATING
976,20UPBBB0003898,QC_BEFORE_NI_COATING
977,20UPBBB0003899,QC_BEFORE_NI_COATING
978,20UPBBB0003900,QC_BEFORE_NI_COATING
979,20UPBBB0003901,QC_BEFORE_NI_COATING
980,20UPBBB0003902,QC_BEFORE_NI_COATING
981,20UPBBB0003903,QC_BEFORE_NI_COATING
982,20UPBBB0003904,QC_BEFORE_NI_COATING
983,20UPBBB0003905,QC_BEFORE_NI_COATING
984,20UPBBB0003906,QC_BEFORE_NI_COATING
985,20UPBBB0003907,QC_BEFORE_NI_COATING
986,20UPBBB0003908,QC_BEFORE_NI_COATING
987,20UPBBB0003909,QC_BEFORE_NI_COATING
988,20UPBBB0003910,QC_BEFORE_NI_COATING
989,20UPBBB0003911,QC_BEFORE_NI_COATING
990,20UPBBB0003912,QC_BEFORE_NI_COATING
991,20UPBBB0003913,QC_BEFORE_NI_COATING
992,20UPBBB0003914,QC_BEFORE_NI_COATING
993,20UPBBB0003915,QC_BEFORE_NI_COATING
994,20UPBBB0003916,QC_BEFORE_NI_COATING
995,20UPBBB0003917,QC_BEFORE_NI_COATING
996,20UPBBB0003918,QC_BEFORE_NI_COATING
997,20UPBBB0003919,QC_BEFORE_NI_COATING
998,20UPBBB0003920,QC_BEFORE_NI_COATING
999,20UPBBB0003921,QC_BEFORE_NI_COATING
1000,20UPBBB0003922,QC_BEFORE_NI_COATING
1001,20UPBBB0003923,QC_BEFORE_NI_COATING
1002,20UPBBB0003924,QC_BEFORE_NI_COATING
1003,20UPBBB0003925,QC_BEFORE_NI_COATING
1004,20UPBBB0003926,QC_BEFORE_NI_COATING
1005,20UPBBB0003927,QC_BEFORE_NI_COATING
1006,20UPBBB0003928,QC_BEFORE_NI_COATING
1007,20UPBBB0003929,QC_BEFORE_NI_COATING
1008,20UPBBB0003930,QC_BEFORE_NI_COATING
1009,20UPBBB0003931,QC_BEFORE_NI_COATING
1010,20UPBBB0003932,QC_BEFORE_NI_COATING
1011,20UPBBB0003933,QC_BEFORE_NI_COATING
1012,20UPBBB0003934,QC_BEFORE_NI_COATING
1013,20UPBBB0003935,QC_BEFORE_NI_COATING
1014,20UPBBB0003936,QC_BEFORE_NI_COATING
1015,20UPBBB0003937,QC_BEFORE_NI_COATING
1016,20UPBBB0003938,QC_BEFORE_NI_COATING
1017,20UPBBB0003939,QC_BEFORE_NI_COATING
1018,20UPBBB0003940,QC_BEFORE_NI_COATING
1019,20UPBBB0003941,QC_BEFORE_NI_COATING
1020,20UPBBB0003942,QC_BEFORE_NI_COATING
1021,20UPBBB0003943,QC_BEFORE_NI_COATING
1022,20UPBBB0003944,QC_BEFORE_NI_COATING
1023,20UPBBB0003945,QC_BEFORE_NI_COATING
1024,20UPBBB0003946,QC_BEFORE_NI_COATING
1025,20UPBBB0003947,QC_BEFORE_NI_COATING
1026,20UPBBB0003948,QC_BEFORE_NI_COATING
1027,20UPBBB0003949,QC_BEFORE_NI_COATING
1028,20UPBBB0003950,QC_BEFORE_NI_COATING
1029,20UPBBB0003951,QC_BEFORE_NI_COATING
1030,20UPBBB0003952,QC_BEFORE_NI_COATING
1031,20UPBBB0003953,QC_BEFORE_NI_COATING
1032,20UPBBB0003954,QC_BEFORE_NI_COATING
1033,20UPBBB0003955,QC_BEFORE_NI_COATING
1034,20UPBBB0003956,QC_BEFORE_NI_COATING
1035,20UPBBB0003957,QC_BEFORE_NI_COATING
1036,20UPBBB0003958,QC_BEFORE_NI_COATING
1037,20UPBBB0003959,QC_BEFORE_NI_COATING
1038,20UPBBB0003960,QC_BEFORE_NI_COATING
1039,20UPBBB0003961,QC_BEFORE_NI_COATING
1040,20UPBBB0003962,QC_BEFORE_NI_COATING
1041,20UPBBB0003963,QC_BEFORE_NI_COATING
1042,20UPBBB0003964,QC_BEFORE_NI_COATING
1043,20UPBBB0003965,QC_BEFORE_NI_COATING
1044,20UPBBB0003966,QC_BEFORE_NI_COATING
1045,20UPBBB0003967,QC_BEFORE_NI_COATING
1046,20UPBBB0003968,QC_BEFORE_NI_COATING
1047,20UPBBB0003969,QC_BEFORE_NI_COATING
1048,20UPBBB0003970,QC_BEFORE_NI_COATING
1049,20UPBBB0003971,QC_BEFORE_NI_COATING
1050,20UPBBB0003972,QC_BEFORE_NI_COATING
1051,20UPBBB0003973,QC_BEFORE_NI_COATING
1052,20UPBBB0003974,QC_BEFORE_NI_COATING
1053,20UPBBB0003975,QC_BEFORE_NI_COATING
1054,20UPBBB0003976,QC_BEFORE_NI_COATING
1055,20UPBBB0003977,QC_BEFORE_NI_COATING
1056,20UPBBB0003978,QC_BEFORE_NI_COATING
1057,20UPBBB0003979,QC_BEFORE_NI_COATING
1058,20UPBBB0003980,QC_BEFORE_NI_COATING
1059,20UPBBB0003981,QC_BEFORE_NI_COATING
1060,20UPBBB0003982,QC_BEFORE_NI_COATING
1061,20UPBBB0003983,QC_BEFORE_NI_COATING
1062,20UPBBB0003984,QC_BEFORE_NI_COATING
1063,20UPBBB0003985,QC_BEFORE_NI_COATING
1064,20UPBBB0003986,QC_BEFORE_NI_COATING
1065,20UPBBB0003987,QC_BEFORE_NI_COATING
1066,20UPBBB0003988,QC_BEFORE_NI_COATING
1067,20UPBBB0003989,QC_BEFORE_NI_COATING
1068,20UPBBB0003990,QC_BEFORE_NI_COATING
1069,20UPBBB0003991,QC_BEFORE_NI_COATING
1070,20UPBBB0003992,QC_BEFORE_NI_COATING
1071,20UPBBB0003993,QC_BEFORE_NI_COATING
1072,20UPBBB0003994,QC_BEFORE_NI_COATING
1073,20UPBBB0003995,QC_BEFORE_NI_COATING
1074,20UPBBB0003996,QC_BEFORE_NI_COATING
1075,20UPBBB0003997,QC_BEFORE_NI_COATING
1076,20UPBBB0003998,QC_BEFORE_NI_COATING
1077,20UPBBB0003999,QC_BEFORE_NI_COATING
1078,20UPBBB0004000,QC_BEFORE_NI_COATING
1079,20UPBBB0004001,QC_BEFORE_NI_COATING
1080,20UPBBB0004002,QC_BEFORE_NI_COATING
1081,20UPBBB0004003,QC_BEFORE_NI_COATING
1082,20UPBBB0004004,QC_BEFORE_NI_COATING
1083,20UPBBB0004005,QC_BEFORE_NI_COATING
1084,20UPBBB0004006,QC_BEFORE_NI_COATING
1085,20UPBBB0004007,QC_BEFORE_NI_COATING
1086,20UPBBB0004008,QC_BEFORE_NI_COATING
1087,20UPBBB0004009,QC_BEFORE_NI_COATING
1088,20UPBBB0004010,QC_BEFORE_NI_COATING
1089,20UPBBB0004011,QC_BEFORE_NI_COATING
1090,20UPBBB0004012,QC_BEFORE_NI_COATING
1091,20UPBBB0004013,QC_BEFORE_NI_COATING
1092,20UPBBB0004014,QC_BEFORE_NI_COATING
1093,20UPBBB0004015,QC_BEFORE_NI_COATING
1094,20UPBBB0004016,QC_BEFORE_NI_COATING
1095,20UPBBB0004017,QC_BEFORE_NI_COATING
1096,20UPBBB0004018,QC_BEFORE_NI_COATING
1097,20UPBBB0004019,QC_BEFORE_NI_COATING
1098,20UPBBB0004020,QC_BEFORE_NI_COATING
1099,20UPBBB0004021,QC_BEFORE_NI_COATING
1100,20UPBBB0004022,QC_BEFORE_NI_COATING
1101,20UPBBB0004023,QC_BEFORE_NI_COATING
1102,20UPBBB0004024,QC_BEFORE_NI_COATING
1103,20UPBBB0004025,QC_BEFORE_NI_COATING
1104,20UPBBB0004026,QC_BEFORE_NI_COATING
1105,20UPBBB0004027,QC_BEFORE_NI_COATING
1106,20UPBBB0004028,QC_BEFORE_NI_COATING
1107,20UPBBB0004029,QC_BEFORE_NI_COATING
1108,20UPBBB0004030,QC_BEFORE_NI_COATING
1109,20UPBBB0004031,QC_BEFORE_NI_COATING
1110,20UPBBB0004032,QC_BEFORE_NI_COATING
1111,20UPBBB0004033,QC_BEFORE_NI_COATING
1112,20UPBBB0004034,QC_BEFORE_NI_COATING
1113,20UPBBB0004035,QC_BEFORE_NI_COATING
1114,20UPBBB0004036,QC_BEFORE_NI_COATING
1115,20UPBBB0004037,QC_BEFORE_NI_COATING
1116,20UPBBB0004038,QC_BEFORE_NI_COATING
1117,20UPBBB0004039,QC_BEFORE_NI_COATING
1118,20UPBBB0004040,QC_BEFORE_NI_COATING
1119,20UPBBB0004041,QC_BEFORE_NI_COATING
1120,20UPBBB0004042,QC_BEFORE_NI_COATING
1121,20UPBBB0004043,QC_BEFORE_NI_COATING
1122,20UPBBB0004044,QC_BEFORE_NI_COATING
1123,20UPBBB0004045,QC_BEFORE_NI_COATING
1124,20UPBBB0004046,QC_BEFORE_NI_COATING
1125,20UPBBB0004047,QC_BEFORE_NI_COATING
1126,20UPBBB0004048,QC_BEFORE_NI_COATING
1127,20UPBBB0004049,QC_BEFORE_NI_COATING
1128,20UPBBB0004050,QC_BEFORE_NI_COATING
1129,20UPBBB0004051,QC_BEFORE_NI_COATING
1130,20UPBBB0004052,QC_BEFORE_NI_COATING
1131,20UPBBB0004053,QC_BEFORE_NI_COATING
1132,20UPBBB0004054,QC_BEFORE_NI_COATING
1133,20UPBBB0004055,QC_BEFORE_NI_COATING
1134,20UPBBB0004056,QC_BEFORE_NI_COATING
1135,20UPBBB0004057,QC_BEFORE_NI_COATING
1136,20UPBBB0004058,QC_BEFORE_NI_COATING
1137,20UPBBB0004059,QC_BEFORE_NI_COATING
1138,20UPBBB0004060,QC_BEFORE_NI_COATING
1139,20UPBBB0004061,QC_BEFORE_NI_COATING
1140,20UPBBB0004062,QC_BEFORE_NI_COATING
1141,20UPBBB0004063,QC_BEFORE_NI_COATING
1142,20UPBBB0004064,QC_BEFORE_NI_COATING
1143,20UPBBB0004065,QC_BEFORE_NI_COATING
1144,20UPBBB0004066,QC_BEFORE_NI_COATING
1145,20UPBBB0004067,QC_BEFORE_NI_COATING
1146,20UPBBB0004068,QC_BEFORE_NI_COATING
1147,20UPBBB0004069,QC_BEFORE_NI_COATING
1148,20UPBBB0004070,QC_BEFORE_NI_COATING
1149,20UPBBB0004071,QC_BEFORE_NI_COATING
1150,20UPBBB0004072,QC_BEFORE_NI_COATING
1151,20UPBBB0004073,QC_BEFORE_NI_COATING
1152,20UPBBB0004074,QC_BEFORE_NI_COATING
1153,20UPBBB0004075,QC_BEFORE_NI_COATING
1154,20UPBBB0004076,QC_BEFORE_NI_COATING
1155,20UPBBB0004077,QC_BEFORE_NI_COATING
1156,20UPBBB0004078,QC_BEFORE_NI_COATING
1157,20UPBBB0004079,QC_BEFORE_NI_COATING
1158,20UPBBB0004080,QC_BEFORE_NI_COATING
1159,20UPBBB0004081,QC_BEFORE_NI_COATING
1160,20UPBBB0004082,QC_BEFORE_NI_COATING
1161,20UPBBB0004083,QC_BEFORE_NI_COATING
1162,20UPBBB0004084,QC_BEFORE_NI_COATING
1163,20UPBBB0004085,QC_BEFORE_NI_COATING
1164,20UPBBB0004086,QC_BEFORE_NI_COATING
1165,20UPBBB0004087,QC_BEFORE_NI_COATING
1166,20UPBBB0004088,QC_BEFORE_NI_COATING
1167,20UPBBB0004089,QC_BEFORE_NI_COATING
1168,20UPBBB0004090,QC_BEFORE_NI_COATING
1169,20UPBBB0004091,QC_BEFORE_NI_COATING
1170,20UPBBB0004092,QC_BEFORE_NI_COATING
1171,20UPBBB0004093,QC_BEFORE_NI_COATING
1172,20UPBBB0004094,QC_BEFORE_NI_COATING
1173,20UPBBB0004095,QC_BEFORE_NI_COATING
1174,20UPBBB0004096,QC_BEFORE_NI_COATING
1175,20UPBBB0004097,QC_BEFORE_NI_COATING
1176,20UPBBB0004098,QC_BEFORE_NI_COATING
1177,20UPBBB0004099,QC_BEFORE_NI_COATING
1178,20UPBBB0004100,QC_BEFORE_NI_COATING
1179,20UPBBB0004101,QC_BEFORE_NI_COATING
1180,20UPBBB0004102,QC_BEFORE_NI_COATING
1181,20UPBBB0004103,QC_BEFORE_NI_COATING
1182,20UPBBB0004104,QC_BEFORE_NI_COATING
1183,20UPBBB0004105,QC_BEFORE_NI_COATING
1184,20UPBBB0004106,QC_BEFORE_NI_COATING
1185,20UPBBB0004107,QC_BEFORE_NI_COATING
1186,20UPBBB0004108,QC_BEFORE_NI_COATING
1187,20UPBBB0004109,QC_BEFORE_NI_COATING
1188,20UPBBB0004110,QC_BEFORE_NI_COATING
1189,20UPBBB0004111,QC_BEFORE_NI_COATING
1190,20UPBBB0004112,QC_BEFORE_NI_COATING
1191,20UPBBB0004113,QC_BEFORE_NI_COATING
1192,20UPBBB0004114,QC_BEFORE_NI_COATING
1193,20UPBBB0004115,QC_BEFORE_NI_COATING
1194,20UPBBB0004116,QC_BEFORE_NI_COATING
1195,20UPBBB0004117,QC_BEFORE_NI_COATING
1196,20UPBBB0004118,QC_BEFORE_NI_COATING
1197,20UPBBB0004119,QC_BEFORE_NI_COATING
1198,20UPBBB0004120,QC_BEFORE_NI_COATING
1199,20UPBBB0004121,QC_BEFORE_NI_COATING
1200,20UPBBB0004122,QC_BEFORE_NI_COATING
1201,20UPBBB0004123,QC_BEFORE_NI_COATING
1202,20UPBBB0004124,QC_BEFORE_NI_COATING
1203,20UPBBB0004125,QC_BEFORE_NI_COATING
1204,20UPBBB0004126,QC_BEFORE_NI_COATING
1205,20UPBBB0004127,QC_BEFORE_NI_COATING
1206,20UPBBB0004128,QC_BEFORE_NI_COATING
1207,20UPBBB0004129,QC_BEFORE_NI_COATING
1208,20UPBBB0004130,QC_BEFORE_NI_COATING
1209,20UPBBB0004131,QC_BEFORE_NI_COATING
1210,20UPBBB0004132,QC_BEFORE_NI_COATING
1211,20UPBBB0004133,QC_BEFORE_NI_COATING
1212,20UPBBB0004134,QC_BEFORE_NI_COATING
1213,20UPBBB0004135,QC_BEFORE_NI_COATING
1214,20UPBBB0004136,QC_BEFORE_NI_COATING
1215,20UPBBB0004137,QC_BEFORE_NI_COATING
1216,20UPBBB0004138,QC_BEFORE_NI_COATING
1217,20UPBBB0004139,QC_BEFORE_NI_COATING
1218,20UPBBB0004140,QC_BEFORE_NI_COATING
1219,20UPBBB0004141,QC_BEFORE_NI_COATING
1220,20UPBBB0004142,QC_BEFORE_NI_COATING
1221,20UPBBB0004143,QC_BEFORE_NI_COATING
1222,20UPBBB0004144,QC_BEFORE_NI_COATING
1223,20UPBBB0004145,QC_BEFORE_NI_COATING
1224,20UPBBB0004146,QC_BEFORE_NI_COATING
1225,20UPBBB0004147,QC_BEFORE_NI_COATING
1226,20UPBBB0004148,QC_BEFORE_NI_COATING
1227,20UPBBB0004149,QC_BEFORE_NI_COATING
1228,20UPBBB0004150,QC_BEFORE_NI_COATING
1229,20UPBBB0004151,QC_BEFORE_NI_COATING
1230,20UPBBB0004152,QC_BEFORE_NI_COATING
1231,20UPBBB0004153,QC_BEFORE_NI_COATING
1232,20UPBBB0004154,QC_BEFORE_NI_COATING
1233,20UPBBB0004155,QC_BEFORE_NI_COATING
1234,20UPBBB0004156,QC_BEFORE_NI_COATING
1235,20UPBBB0004157,QC_BEFORE_NI_COATING
1236,20UPBBB0004158,QC_BEFORE_NI_COATING
1237,20UPBBB0004159,QC_BEFORE_NI_COATING
1238,20UPBBB0004160,QC_BEFORE_NI_COATING
1239,20UPBBB0004161,QC_BEFORE_NI_COATING
1240,20UPBBB0004162,QC_BEFORE_NI_COATING
1241,20UPBBB0004163,QC_BEFORE_NI_COATING
1242,20UPBBB0004164,QC_BEFORE_NI_COATING
1243,20UPBBB0004165,QC_BEFORE_NI_COATING
1244,20UPBBB0004166,QC_BEFORE_NI_COATING
1245,20UPBBB0004167,QC_BEFORE_NI_COATING
1246,20UPBBB0004168,QC_BEFORE_NI_COATING
1247,20UPBBB0004169,QC_BEFORE_NI_COATING
1248,20UPBBB0004170,QC_BEFORE_NI_COATING
1249,20UPBBB0004171,QC_BEFORE_NI_COATING
1250,20UPBBB0004172,QC_BEFORE_NI_COATING
1251,20UPBBB0004173,QC_BEFORE_NI_COATING
1252,20UPBBB0004174,QC_BEFORE_NI_COATING
1253,20UPBBB0004175,QC_BEFORE_NI_COATING
1254,20UPBBB0004176,QC_BEFORE_NI_COATING
1255,20UPBBB0004177,QC_BEFORE_NI_COATING
1256,20UPBBB0004178,QC_BEFORE_NI_COATING
1257,20UPBBB0004179,QC_BEFORE_NI_COATING
1258,20UPBBB0004180,QC_BEFORE_NI_COATING
1259,20UPBBB0004181,QC_BEFORE_NI_COATING
1260,20UPBBB0004182,QC_BEFORE_NI_COATING
1261,20UPBBB0004183,QC_BEFORE_NI_COATING
1262,20UPBBB0004184,QC_BEFORE_NI_COATING
1263,20UPBBB0004185,QC_BEFORE_NI_COATING
1264,20UPBBB0004186,QC_BEFORE_NI_COATING
1265,20UPBBB0004187,QC_BEFORE_NI_COATING
1266,20UPBBB0004188,QC_BEFORE_NI_COATING
1267,20UPBBB0004189,QC_BEFORE_NI_COATING
1268,20UPBBB0004190,QC_BEFORE_NI_COATING
1269,20UPBBB0004191,QC_BEFORE_NI_COATING
1270,20UPBBB0004192,QC_BEFORE_NI_COATING
1271,20UPBBB0004193,QC_BEFORE_NI_COATING
1272,20UPBBB0004194,QC_BEFORE_NI_COATING
1273,20UPBBB0004195,QC_BEFORE_NI_COATING
1274,20UPBBB0004196,QC_BEFORE_NI_COATING
1275,20UPBBB0004197,QC_BEFORE_NI_COATING
1276,20UPBBB0004198,QC_BEFORE_NI_COATING
1277,20UPBBB0004199,QC_BEFORE_NI_COATING
1278,20UPBBB0004200,QC_BEFORE_NI_COATING
1279,20UPBBB0004201,QC_BEFORE_NI_COATING
1280,20UPBBB0004202,QC_BEFORE_NI_COATING
1281,20UPBBB0004203,QC_BEFORE_NI_COATING
1282,20UPBBB0004204,QC_BEFORE_NI_COATING
1283,20UPBBB0004205,QC_BEFORE_NI_COATING
1284,20UPBBB0004206,QC_BEFORE_NI_COATING
1285,20UPBBB0004207,QC_BEFORE_NI_COATING
1286,20UPBBB0004208,QC_BEFORE_NI_COATING
1287,20UPBBB0004209,QC_BEFORE_NI_COATING
1288,20UPBBB0004210,QC_BEFORE_NI_COATING
1289,20UPBBB0004211,QC_BEFORE_NI_COATING
1290,20UPBBB0004212,QC_BEFORE_NI_COATING
1291,20UPBBB0004213,QC_BEFORE_NI_COATING
1292,20UPBBB0004214,QC_BEFORE_NI_COATING
1293,20UPBBB0004215,QC_BEFORE_NI_COATING
1294,20UPBBB0004216,QC_BEFORE_NI_COATING
1295,20UPBBB0004217,QC_BEFORE_NI_COATING
1296,20UPBBB0004218,QC_BEFORE_NI_COATING
1297,20UPBBB0004219,QC_BEFORE_NI_COATING
1298,20UPBBB0004220,QC_BEFORE_NI_COATING
1299,20UPBBB0004221,QC_BEFORE_NI_COATING
1300,20UPBBB0004222,QC_BEFORE_NI_COATING
1301,20UPBBB0004223,QC_BEFORE_NI_COATING
1302,20UPBBB0004224,QC_BEFORE_NI_COATING
1303,20UPBBB0004225,QC_BEFORE_NI_COATING
1304,20UPBBB0004226,QC_BEFORE_NI_COATING
1305,20UPBBB0004227,QC_BEFORE_NI_COATING
1306,20UPBBB0004228,QC_BEFORE_NI_COATING
1307,20UPBBB0004229,QC_BEFORE_NI_COATING
1308,20UPBBB0004230,QC_BEFORE_NI_COATING
1309,20UPBBB0004231,QC_BEFORE_NI_COATING
1310,20UPBBB0004232,QC_BEFORE_NI_COATING
1311,20UPBBB0004233,QC_BEFORE_NI_COATING
1312,20UPBBB0004234,QC_BEFORE_NI_COATING
1313,20UPBBB0004235,QC_BEFORE_NI_COATING
1314,20UPBBB0004236,QC_BEFORE_NI_COATING
1315,20UPBBB0004237,QC_BEFORE_NI_COATING
1316,20UPBBB0004238,QC_BEFORE_NI_COATING
1317,20UPBBB0004239,QC_BEFORE_NI_COATING
1318,20UPBBB0004240,QC_BEFORE_NI_COATING
1319,20UPBBB0004241,QC_BEFORE_NI_COATING
1320,20UPBBB0004242,QC_BEFORE_NI_COATING
1321,20UPBBB0004243,QC_BEFORE_NI_COATING
1322,20UPBBB0004244,QC_BEFORE_NI_COATING
1323,20UPBBB0004245,QC_BEFORE_NI_COATING
1324,20UPBBB0004246,QC_BEFORE_NI_COATING
1325,20UPBBB0004247,QC_BEFORE_NI_COATING
1326,20UPBBB0004248,QC_BEFORE_NI_COATING
1327,20UPBBB0004249,QC_BEFORE_NI_COATING
1328,20UPBBB0004250,QC_BEFORE_NI_COATING
1329,20UPBBB0004251,QC_BEFORE_NI_COATING
