,component,componentType,stage,testType,date,runNumber,passed,problems,result1_key,result1_value,result2_key,result2_value
0,20UPBBB0000031,OB_BASE_BLOCK,QC_BEFORE_NI_COATING,Visual_Inspection,02/01/2024,1.0,True,false,Base_Block_Pictures,Dummy,Pass/No_Pass,True
1,20UPBBB0000032,OB_BASE_BLOCK,QC_BEFORE_NI_COATING,Visual_Inspection,02/01/2024,1.0,True,false,Base_Block_Pictures,Dummy,Pass/No_Pass,True
2,20UPBBB0000033,OB_BASE_BLOCK,QC_BEFORE_NI_COATING,Visual_Inspection,02/01/2024,1.0,True,false,Base_Block_Pictures,Dummy,Pass/No_Pass,True
3,20UPBBB0000034,OB_BASE_BLOCK,QC_BEFORE_NI_COATING,Visual_Inspection,02/01/2024,1.0,True,false,Base_Block_Pictures,Dummy,Pass/No_Pass,True
4,20UPBBB0000035,OB_BASE_BLOCK,QC_BEFORE_NI_COATING,Visual_Inspection,02/01/2024,1.0,True,false,Base_Block_Pictures,Dummy,Pass/No_Pass,True
5,20UPBBB0000036,OB_BASE_BLOCK,QC_BEFORE_NI_COATING,Visual_Inspection,02/01/2024,1.0,True,false,Base_Block_Pictures,Dummy,Pass/No_Pass,True
6,20UPBBB0000037,OB_BASE_BLOCK,QC_BEFORE_NI_COATING,Visual_Inspection,02/01/2024,1.0,True,false,Base_Block_Pictures,Dummy,Pass/No_Pass,True
7,20UPBBB0000038,OB_BASE_BLOCK,QC_BEFORE_NI_COATING,Visual_Inspection,02/01/2024,1.0,True,false,Base_Block_Pictures,Dummy,Pass/No_Pass,True
8,20UPBBB0000039,OB_BASE_BLOCK,QC_BEFORE_NI_COATING,Visual_Inspection,02/01/2024,1.0,True,false,Base_Block_Pictures,Dummy,Pass/No_Pass,True
9,20UPBBB0000040,OB_BASE_BLOCK,QC_BEFORE_NI_COATING,Visual_Inspection,02/01/2024,1.0,True,false,Base_Block_Pictures,Dummy,Pass/No_Pass,True
10,20UPBBB0000041,OB_BASE_BLOCK,QC_BEFORE_NI_COATING,Visual_Inspection,02/01/2024,1.0,True,false,Base_Block_Pictures,Dummy,Pass/No_Pass,True
11,20UPBBB0000042,OB_BASE_BLOCK,QC_BEFORE_NI_COATING,Visual_Inspection,02/01/2024,1.0,True,false,Base_Block_Pictures,Dummy,Pass/No_Pass,True
12,20UPBBB0000043,OB_BASE_BLOCK,QC_BEFORE_NI_COATING,Visual_Inspection,02/01/2024,1.0,True,false,Base_Block_Pictures,Dummy,Pass/No_Pass,True
13,20UPBBB0000044,OB_BASE_BLOCK,QC_BEFORE_NI_COATING,Visual_Inspection,02/01/2024,1.0,True,false,Base_Block_Pictures,Dummy,Pass/No_Pass,True
14,20UPBBB0000045,OB_BASE_BLOCK,QC_BEFORE_NI_COATING,Visual_Inspection,02/01/2024,1.0,True,false,Base_Block_Pictures,Dummy,Pass/No_Pass,True
15,20UPBBB0000046,OB_BASE_BLOCK,QC_BEFORE_NI_COATING,Visual_Inspection,02/01/2024,1.0,True,false,Base_Block_Pictures,Dummy,Pass/No_Pass,True
16,20UPBBB0000047,OB_BASE_BLOCK,QC_BEFORE_NI_COATING,Visual_Inspection,02/01/2024,1.0,True,false,Base_Block_Pictures,Dummy,Pass/No_Pass,True
17,20UPBBB0000048,OB_BASE_BLOCK,QC_BEFORE_NI_COATING,Visual_Inspection,02/01/2024,1.0,True,false,Base_Block_Pictures,Dummy,Pass/No_Pass,True
18,20UPBBB0000049,OB_BASE_BLOCK,QC_BEFORE_NI_COATING,Visual_Inspection,02/01/2024,1.0,True,false,Base_Block_Pictures,Dummy,Pass/No_Pass,True
19,20UPBBB0000050,OB_BASE_BLOCK,QC_BEFORE_NI_COATING,Visual_Inspection,02/01/2024,1.0,True,false,Base_Block_Pictures,Dummy,Pass/No_Pass,True
20,20UPBBB0000051,OB_BASE_BLOCK,QC_BEFORE_NI_COATING,Visual_Inspection,02/01/2024,1.0,True,false,Base_Block_Pictures,Dummy,Pass/No_Pass,True
21,20UPBBB0000052,OB_BASE_BLOCK,QC_BEFORE_NI_COATING,Visual_Inspection,02/01/2024,1.0,True,false,Base_Block_Pictures,Dummy,Pass/No_Pass,True
22,20UPBBB0000053,OB_BASE_BLOCK,QC_BEFORE_NI_COATING,Visual_Inspection,02/01/2024,1.0,True,false,Base_Block_Pictures,Dummy,Pass/No_Pass,True
23,20UPBBB0000054,OB_BASE_BLOCK,QC_BEFORE_NI_COATING,Visual_Inspection,02/01/2024,1.0,True,false,Base_Block_Pictures,Dummy,Pass/No_Pass,True
24,20UPBBB0000055,OB_BASE_BLOCK,QC_BEFORE_NI_COATING,Visual_Inspection,02/01/2024,1.0,True,false,Base_Block_Pictures,Dummy,Pass/No_Pass,True
25,20UPBBB0000056,OB_BASE_BLOCK,QC_BEFORE_NI_COATING,Visual_Inspection,02/01/2024,1.0,True,false,Base_Block_Pictures,Dummy,Pass/No_Pass,True
26,20UPBBB0000057,OB_BASE_BLOCK,QC_BEFORE_NI_COATING,Visual_Inspection,02/01/2024,1.0,True,false,Base_Block_Pictures,Dummy,Pass/No_Pass,True
27,20UPBBB0000058,OB_BASE_BLOCK,QC_BEFORE_NI_COATING,Visual_Inspection,02/01/2024,1.0,True,false,Base_Block_Pictures,Dummy,Pass/No_Pass,True
28,20UPBBB0000059,OB_BASE_BLOCK,QC_BEFORE_NI_COATING,Visual_Inspection,02/01/2024,1.0,True,false,Base_Block_Pictures,Dummy,Pass/No_Pass,True
29,20UPBBB0000060,OB_BASE_BLOCK,QC_BEFORE_NI_COATING,Visual_Inspection,02/01/2024,1.0,True,false,Base_Block_Pictures,Dummy,Pass/No_Pass,True
30,20UPBBB0000061,OB_BASE_BLOCK,QC_BEFORE_NI_COATING,Visual_Inspection,02/01/2024,1.0,True,false,Base_Block_Pictures,Dummy,Pass/No_Pass,True
31,20UPBBB0000062,OB_BASE_BLOCK,QC_BEFORE_NI_COATING,Visual_Inspection,02/01/2024,1.0,True,false,Base_Block_Pictures,Dummy,Pass/No_Pass,True
32,20UPBBB0000063,OB_BASE_BLOCK,QC_BEFORE_NI_COATING,Visual_Inspection,02/01/2024,1.0,True,false,Base_Block_Pictures,Dummy,Pass/No_Pass,True
33,20UPBBB0000064,OB_BASE_BLOCK,QC_BEFORE_NI_COATING,Visual_Inspection,02/01/2024,1.0,True,false,Base_Block_Pictures,Dummy,Pass/No_Pass,True
34,20UPBBB0000065,OB_BASE_BLOCK,QC_BEFORE_NI_COATING,Visual_Inspection,02/01/2024,1.0,True,false,Base_Block_Pictures,Dummy,Pass/No_Pass,True
35,20UPBBB0000066,OB_BASE_BLOCK,QC_BEFORE_NI_COATING,Visual_Inspection,02/01/2024,1.0,True,false,Base_Block_Pictures,Dummy,Pass/No_Pass,True
36,20UPBBB0000067,OB_BASE_BLOCK,QC_BEFORE_NI_COATING,Visual_Inspection,02/01/2024,1.0,True,false,Base_Block_Pictures,Dummy,Pass/No_Pass,True
37,20UPBBB0000068,OB_BASE_BLOCK,QC_BEFORE_NI_COATING,Visual_Inspection,02/01/2024,1.0,True,false,Base_Block_Pictures,Dummy,Pass/No_Pass,True
38,20UPBBB0000069,OB_BASE_BLOCK,QC_BEFORE_NI_COATING,Visual_Inspection,02/01/2024,1.0,True,false,Base_Block_Pictures,Dummy,Pass/No_Pass,True
39,20UPBBB0000070,OB_BASE_BLOCK,QC_BEFORE_NI_COATING,Visual_Inspection,02/01/2024,1.0,True,false,Base_Block_Pictures,Dummy,Pass/No_Pass,True
40,20UPBBB0000071,OB_BASE_BLOCK,QC_BEFORE_NI_COATING,Visual_Inspection,02/01/2024,1.0,True,false,Base_Block_Pictures,Dummy,Pass/No_Pass,True
41,20UPBBB0000072,OB_BASE_BLOCK,QC_BEFORE_NI_COATING,Visual_Inspection,02/01/2024,1.0,True,false,Base_Block_Pictures,Dummy,Pass/No_Pass,True
42,20UPBBB0000073,OB_BASE_BLOCK,QC_BEFORE_NI_COATING,Visual_Inspection,02/01/2024,1.0,True,false,Base_Block_Pictures,Dummy,Pass/No_Pass,True
43,20UPBBB0000074,OB_BASE_BLOCK,QC_BEFORE_NI_COATING,Visual_Inspection,02/01/2024,1.0,True,false,Base_Block_Pictures,Dummy,Pass/No_Pass,True
44,20UPBBB0000075,OB_BASE_BLOCK,QC_BEFORE_NI_COATING,Visual_Inspection,02/01/2024,1.0,True,false,Base_Block_Pictures,Dummy,Pass/No_Pass,True
45,20UPBBB0000076,OB_BASE_BLOCK,QC_BEFORE_NI_COATING,Visual_Inspection,02/01/2024,1.0,True,false,Base_Block_Pictures,Dummy,Pass/No_Pass,True
46,20UPBBB0000077,OB_BASE_BLOCK,QC_BEFORE_NI_COATING,Visual_Inspection,02/01/2024,1.0,True,false,Base_Block_Pictures,Dummy,Pass/No_Pass,True
47,20UPBBB0000078,OB_BASE_BLOCK,QC_BEFORE_NI_COATING,Visual_Inspection,02/01/2024,1.0,True,false,Base_Block_Pictures,Dummy,Pass/No_Pass,True
48,20UPBBB0000079,OB_BASE_BLOCK,QC_BEFORE_NI_COATING,Visual_Inspection,02/01/2024,1.0,True,false,Base_Block_Pictures,Dummy,Pass/No_Pass,True
49,20UPBBB0000080,OB_BASE_BLOCK,QC_BEFORE_NI_COATING,Visual_Inspection,02/01/2024,1.0,True,false,Base_Block_Pictures,Dummy,Pass/No_Pass,True
50,20UPBBB0000081,OB_BASE_BLOCK,QC_BEFORE_NI_COATING,Visual_Inspection,02/01/2024,1.0,True,false,Base_Block_Pictures,Dummy,Pass/No_Pass,True
51,20UPBBB0000082,OB_BASE_BLOCK,QC_BEFORE_NI_COATING,Visual_Inspection,02/01/2024,1.0,True,false,Base_Block_Pictures,Dummy,Pass/No_Pass,True
52,20UPBBB0000083,OB_BASE_BLOCK,QC_BEFORE_NI_COATING,Visual_Inspection,02/01/2024,1.0,True,false,Base_Block_Pictures,Dummy,Pass/No_Pass,True
53,20UPBBB0000084,OB_BASE_BLOCK,QC_BEFORE_NI_COATING,Visual_Inspection,02/01/2024,1.0,True,false,Base_Block_Pictures,Dummy,Pass/No_Pass,True
54,20UPBBB0000085,OB_BASE_BLOCK,QC_BEFORE_NI_COATING,Visual_Inspection,02/01/2024,1.0,True,false,Base_Block_Pictures,Dummy,Pass/No_Pass,True
55,20UPBBB0000086,OB_BASE_BLOCK,QC_BEFORE_NI_COATING,Visual_Inspection,02/01/2024,1.0,True,false,Base_Block_Pictures,Dummy,Pass/No_Pass,True
56,20UPBBB0000087,OB_BASE_BLOCK,QC_BEFORE_NI_COATING,Visual_Inspection,02/01/2024,1.0,True,false,Base_Block_Pictures,Dummy,Pass/No_Pass,True
57,20UPBBB0000088,OB_BASE_BLOCK,QC_BEFORE_NI_COATING,Visual_Inspection,02/01/2024,1.0,True,false,Base_Block_Pictures,Dummy,Pass/No_Pass,True
58,20UPBBB0000089,OB_BASE_BLOCK,QC_BEFORE_NI_COATING,Visual_Inspection,02/01/2024,1.0,True,false,Base_Block_Pictures,Dummy,Pass/No_Pass,True
59,20UPBBB0000090,OB_BASE_BLOCK,QC_BEFORE_NI_COATING,Visual_Inspection,02/01/2024,1.0,True,false,Base_Block_Pictures,Dummy,Pass/No_Pass,True
60,20UPBBB0000091,OB_BASE_BLOCK,QC_BEFORE_NI_COATING,Visual_Inspection,02/01/2024,1.0,True,false,Base_Block_Pictures,Dummy,Pass/No_Pass,True
61,20UPBBB0000092,OB_BASE_BLOCK,QC_BEFORE_NI_COATING,Visual_Inspection,02/01/2024,1.0,True,false,Base_Block_Pictures,Dummy,Pass/No_Pass,True
62,20UPBBB0000093,OB_BASE_BLOCK,QC_BEFORE_NI_COATING,Visual_Inspection,02/01/2024,1.0,True,false,Base_Block_Pictures,Dummy,Pass/No_Pass,True
63,20UPBBB0000094,OB_BASE_BLOCK,QC_BEFORE_NI_COATING,Visual_Inspection,02/01/2024,1.0,True,false,Base_Block_Pictures,Dummy,Pass/No_Pass,True
64,20UPBBB0000095,OB_BASE_BLOCK,QC_BEFORE_NI_COATING,Visual_Inspection,02/01/2024,1.0,True,false,Base_Block_Pictures,Dummy,Pass/No_Pass,True
65,20UPBBB0000096,OB_BASE_BLOCK,QC_BEFORE_NI_COATING,Visual_Inspection,02/01/2024,1.0,True,false,Base_Block_Pictures,Dummy,Pass/No_Pass,True
66,20UPBBB0000097,OB_BASE_BLOCK,QC_BEFORE_NI_COATING,Visual_Inspection,02/01/2024,1.0,True,false,Base_Block_Pictures,Dummy,Pass/No_Pass,True
67,20UPBBB0000098,OB_BASE_BLOCK,QC_BEFORE_NI_COATING,Visual_Inspection,02/01/2024,1.0,True,false,Base_Block_Pictures,Dummy,Pass/No_Pass,True
68,20UPBBB0000099,OB_BASE_BLOCK,QC_BEFORE_NI_COATING,Visual_Inspection,02/01/2024,1.0,True,false,Base_Block_Pictures,Dummy,Pass/No_Pass,True
69,20UPBBB0000100,OB_BASE_BLOCK,QC_BEFORE_NI_COATING,Visual_Inspection,02/01/2024,1.0,True,false,Base_Block_Pictures,Dummy,Pass/No_Pass,True
70,20UPBBB0000101,OB_BASE_BLOCK,QC_BEFORE_NI_COATING,Visual_Inspection,02/01/2024,1.0,True,false,Base_Block_Pictures,Dummy,Pass/No_Pass,True
71,20UPBBB0000102,OB_BASE_BLOCK,QC_BEFORE_NI_COATING,Visual_Inspection,02/01/2024,1.0,True,false,Base_Block_Pictures,Dummy,Pass/No_Pass,True
72,20UPBBB0000103,OB_BASE_BLOCK,QC_BEFORE_NI_COATING,Visual_Inspection,02/01/2024,1.0,True,false,Base_Block_Pictures,Dummy,Pass/No_Pass,True
73,20UPBBB0000104,OB_BASE_BLOCK,QC_BEFORE_NI_COATING,Visual_Inspection,02/01/2024,1.0,True,false,Base_Block_Pictures,Dummy,Pass/No_Pass,True
74,20UPBBB0000105,OB_BASE_BLOCK,QC_BEFORE_NI_COATING,Visual_Inspection,02/01/2024,1.0,True,false,Base_Block_Pictures,Dummy,Pass/No_Pass,True
75,20UPBBB0000106,OB_BASE_BLOCK,QC_BEFORE_NI_COATING,Visual_Inspection,02/01/2024,1.0,True,false,Base_Block_Pictures,Dummy,Pass/No_Pass,True
76,20UPBBB0000107,OB_BASE_BLOCK,QC_BEFORE_NI_COATING,Visual_Inspection,02/01/2024,1.0,True,false,Base_Block_Pictures,Dummy,Pass/No_Pass,True
77,20UPBBB0000108,OB_BASE_BLOCK,QC_BEFORE_NI_COATING,Visual_Inspection,02/01/2024,1.0,True,false,Base_Block_Pictures,Dummy,Pass/No_Pass,True
78,20UPBBB0000109,OB_BASE_BLOCK,QC_BEFORE_NI_COATING,Visual_Inspection,02/01/2024,1.0,True,false,Base_Block_Pictures,Dummy,Pass/No_Pass,True
79,20UPBBB0000110,OB_BASE_BLOCK,QC_BEFORE_NI_COATING,Visual_Inspection,02/01/2024,1.0,True,false,Base_Block_Pictures,Dummy,Pass/No_Pass,True
80,20UPBBB0000111,OB_BASE_BLOCK,QC_BEFORE_NI_COATING,Visual_Inspection,02/01/2024,1.0,True,false,Base_Block_Pictures,Dummy,Pass/No_Pass,True
81,20UPBBB0000112,OB_BASE_BLOCK,QC_BEFORE_NI_COATING,Visual_Inspection,02/01/2024,1.0,True,false,Base_Block_Pictures,Dummy,Pass/No_Pass,True
82,20UPBBB0000113,OB_BASE_BLOCK,QC_BEFORE_NI_COATING,Visual_Inspection,02/01/2024,1.0,True,false,Base_Block_Pictures,Dummy,Pass/No_Pass,True
83,20UPBBB0000114,OB_BASE_BLOCK,QC_BEFORE_NI_COATING,Visual_Inspection,02/01/2024,1.0,True,false,Base_Block_Pictures,Dummy,Pass/No_Pass,True
84,20UPBBB0000115,OB_BASE_BLOCK,QC_BEFORE_NI_COATING,Visual_Inspection,02/01/2024,1.0,True,false,Base_Block_Pictures,Dummy,Pass/No_Pass,True
85,20UPBBB0000116,OB_BASE_BLOCK,QC_BEFORE_NI_COATING,Visual_Inspection,02/01/2024,1.0,True,false,Base_Block_Pictures,Dummy,Pass/No_Pass,True
86,20UPBBB0000117,OB_BASE_BLOCK,QC_BEFORE_NI_COATING,Visual_Inspection,02/01/2024,1.0,True,false,Base_Block_Pictures,Dummy,Pass/No_Pass,True
87,20UPBBB0000118,OB_BASE_BLOCK,QC_BEFORE_NI_COATING,Visual_Inspection,02/01/2024,1.0,True,false,Base_Block_Pictures,Dummy,Pass/No_Pass,True
88,20UPBBB0000119,OB_BASE_BLOCK,QC_BEFORE_NI_COATING,Visual_Inspection,02/01/2024,1.0,True,false,Base_Block_Pictures,Dummy,Pass/No_Pass,True
89,20UPBBB0000120,OB_BASE_BLOCK,QC_BEFORE_NI_COATING,Visual_Inspection,02/01/2024,1.0,True,false,Base_Block_Pictures,Dummy,Pass/No_Pass,True
90,20UPBBB0000121,OB_BASE_BLOCK,QC_BEFORE_NI_COATING,Visual_Inspection,02/01/2024,1.0,True,false,Base_Block_Pictures,Dummy,Pass/No_Pass,True
91,20UPBBB0000122,OB_BASE_BLOCK,QC_BEFORE_NI_COATING,Visual_Inspection,02/01/2024,1.0,True,false,Base_Block_Pictures,Dummy,Pass/No_Pass,True
92,20UPBBB0000123,OB_BASE_BLOCK,QC_BEFORE_NI_COATING,Visual_Inspection,02/01/2024,1.0,True,false,Base_Block_Pictures,Dummy,Pass/No_Pass,True
93,20UPBBB0000124,OB_BASE_BLOCK,QC_BEFORE_NI_COATING,Visual_Inspection,02/01/2024,1.0,True,false,Base_Block_Pictures,Dummy,Pass/No_Pass,True
94,20UPBBB0000125,OB_BASE_BLOCK,QC_BEFORE_NI_COATING,Visual_Inspection,02/01/2024,1.0,True,false,Base_Block_Pictures,Dummy,Pass/No_Pass,True
95,20UPBBB0000126,OB_BASE_BLOCK,QC_BEFORE_NI_COATING,Visual_Inspection,02/01/2024,1.0,True,false,Base_Block_Pictures,Dummy,Pass/No_Pass,True
96,20UPBBB0000127,OB_BASE_BLOCK,QC_BEFORE_NI_COATING,Visual_Inspection,02/01/2024,1.0,True,false,Base_Block_Pictures,Dummy,Pass/No_Pass,True
97,20UPBBB0000128,OB_BASE_BLOCK,QC_BEFORE_NI_COATING,Visual_Inspection,02/01/2024,1.0,True,false,Base_Block_Pictures,Dummy,Pass/No_Pass,True
98,20UPBBB0000129,OB_BASE_BLOCK,QC_BEFORE_NI_COATING,Visual_Inspection,02/01/2024,1.0,True,false,Base_Block_Pictures,Dummy,Pass/No_Pass,True
99,20UPBBB0000130,OB_BASE_BLOCK,QC_BEFORE_NI_COATING,Visual_Inspection,02/01/2024,1.0,True,false,Base_Block_Pictures,Dummy,Pass/No_Pass,True
100,20UPBBB0000131,OB_BASE_BLOCK,QC_BEFORE_NI_COATING,Visual_Inspection,02/01/2024,1.0,True,false,Base_Block_Pictures,Dummy,Pass/No_Pass,True
101,20UPBBB0000132,OB_BASE_BLOCK,QC_BEFORE_NI_COATING,Visual_Inspection,02/01/2024,1.0,True,false,Base_Block_Pictures,Dummy,Pass/No_Pass,True
102,20UPBBB0000133,OB_BASE_BLOCK,QC_BEFORE_NI_COATING,Visual_Inspection,02/01/2024,1.0,True,false,Base_Block_Pictures,Dummy,Pass/No_Pass,True
103,20UPBBB0000134,OB_BASE_BLOCK,QC_BEFORE_NI_COATING,Visual_Inspection,02/01/2024,1.0,True,false,Base_Block_Pictures,Dummy,Pass/No_Pass,True
104,20UPBBB0000135,OB_BASE_BLOCK,QC_BEFORE_NI_COATING,Visual_Inspection,02/01/2024,1.0,True,false,Base_Block_Pictures,Dummy,Pass/No_Pass,True
105,20UPBBB0000136,OB_BASE_BLOCK,QC_BEFORE_NI_COATING,Visual_Inspection,02/01/2024,1.0,True,false,Base_Block_Pictures,Dummy,Pass/No_Pass,True
106,20UPBBB0000137,OB_BASE_BLOCK,QC_BEFORE_NI_COATING,Visual_Inspection,02/01/2024,1.0,True,false,Base_Block_Pictures,Dummy,Pass/No_Pass,True
107,20UPBBB0000138,OB_BASE_BLOCK,QC_BEFORE_NI_COATING,Visual_Inspection,02/01/2024,1.0,True,false,Base_Block_Pictures,Dummy,Pass/No_Pass,True
108,20UPBBB0000139,OB_BASE_BLOCK,QC_BEFORE_NI_COATING,Visual_Inspection,02/01/2024,1.0,True,false,Base_Block_Pictures,Dummy,Pass/No_Pass,True
109,20UPBBB0000140,OB_BASE_BLOCK,QC_BEFORE_NI_COATING,Visual_Inspection,02/01/2024,1.0,True,false,Base_Block_Pictures,Dummy,Pass/No_Pass,True
110,20UPBBB0000141,OB_BASE_BLOCK,QC_BEFORE_NI_COATING,Visual_Inspection,02/01/2024,1.0,True,false,Base_Block_Pictures,Dummy,Pass/No_Pass,True
111,20UPBBB0000142,OB_BASE_BLOCK,QC_BEFORE_NI_COATING,Visual_Inspection,02/01/2024,1.0,True,false,Base_Block_Pictures,Dummy,Pass/No_Pass,True
112,20UPBBB0000143,OB_BASE_BLOCK,QC_BEFORE_NI_COATING,Visual_Inspection,02/01/2024,1.0,True,false,Base_Block_Pictures,Dummy,Pass/No_Pass,True
113,20UPBBB0000144,OB_BASE_BLOCK,QC_BEFORE_NI_COATING,Visual_Inspection,02/01/2024,1.0,True,false,Base_Block_Pictures,Dummy,Pass/No_Pass,True
114,20UPBBB0000145,OB_BASE_BLOCK,QC_BEFORE_NI_COATING,Visual_Inspection,02/01/2024,1.0,True,false,Base_Block_Pictures,Dummy,Pass/No_Pass,True
115,20UPBBB0000146,OB_BASE_BLOCK,QC_BEFORE_NI_COATING,Visual_Inspection,02/01/2024,1.0,True,false,Base_Block_Pictures,Dummy,Pass/No_Pass,True
116,20UPBBB0000147,OB_BASE_BLOCK,QC_BEFORE_NI_COATING,Visual_Inspection,02/01/2024,1.0,True,false,Base_Block_Pictures,Dummy,Pass/No_Pass,True
117,20UPBBB0000148,OB_BASE_BLOCK,QC_BEFORE_NI_COATING,Visual_Inspection,02/01/2024,1.0,True,false,Base_Block_Pictures,Dummy,Pass/No_Pass,True
118,20UPBBB0000149,OB_BASE_BLOCK,QC_BEFORE_NI_COATING,Visual_Inspection,02/01/2024,1.0,True,false,Base_Block_Pictures,Dummy,Pass/No_Pass,True
119,20UPBBB0000150,OB_BASE_BLOCK,QC_BEFORE_NI_COATING,Visual_Inspection,02/01/2024,1.0,True,false,Base_Block_Pictures,Dummy,Pass/No_Pass,True
120,20UPBBB0000151,OB_BASE_BLOCK,QC_BEFORE_NI_COATING,Visual_Inspection,02/01/2024,1.0,True,false,Base_Block_Pictures,Dummy,Pass/No_Pass,True
121,20UPBBB0000152,OB_BASE_BLOCK,QC_BEFORE_NI_COATING,Visual_Inspection,02/01/2024,1.0,True,false,Base_Block_Pictures,Dummy,Pass/No_Pass,True
122,20UPBBB0000153,OB_BASE_BLOCK,QC_BEFORE_NI_COATING,Visual_Inspection,02/01/2024,1.0,True,false,Base_Block_Pictures,Dummy,Pass/No_Pass,True
123,20UPBBB0000154,OB_BASE_BLOCK,QC_BEFORE_NI_COATING,Visual_Inspection,02/01/2024,1.0,True,false,Base_Block_Pictures,Dummy,Pass/No_Pass,True
124,20UPBBB0000155,OB_BASE_BLOCK,QC_BEFORE_NI_COATING,Visual_Inspection,02/01/2024,1.0,True,false,Base_Block_Pictures,Dummy,Pass/No_Pass,True
125,20UPBBB0000156,OB_BASE_BLOCK,QC_BEFORE_NI_COATING,Visual_Inspection,02/01/2024,1.0,True,false,Base_Block_Pictures,Dummy,Pass/No_Pass,True
126,20UPBBB0000157,OB_BASE_BLOCK,QC_BEFORE_NI_COATING,Visual_Inspection,02/01/2024,1.0,True,false,Base_Block_Pictures,Dummy,Pass/No_Pass,True
127,20UPBBB0000158,OB_BASE_BLOCK,QC_BEFORE_NI_COATING,Visual_Inspection,02/01/2024,1.0,True,false,Base_Block_Pictures,Dummy,Pass/No_Pass,True
128,20UPBBB0000159,OB_BASE_BLOCK,QC_BEFORE_NI_COATING,Visual_Inspection,02/01/2024,1.0,True,false,Base_Block_Pictures,Dummy,Pass/No_Pass,True
129,20UPBBB0000160,OB_BASE_BLOCK,QC_BEFORE_NI_COATING,Visual_Inspection,02/01/2024,1.0,True,false,Base_Block_Pictures,Dummy,Pass/No_Pass,True
130,20UPBBB0000161,OB_BASE_BLOCK,QC_BEFORE_NI_COATING,Visual_Inspection,02/01/2024,1.0,True,false,Base_Block_Pictures,Dummy,Pass/No_Pass,True
131,20UPBBB0000162,OB_BASE_BLOCK,QC_BEFORE_NI_COATING,Visual_Inspection,02/01/2024,1.0,True,false,Base_Block_Pictures,Dummy,Pass/No_Pass,True
132,20UPBBB0000163,OB_BASE_BLOCK,QC_BEFORE_NI_COATING,Visual_Inspection,02/01/2024,1.0,True,false,Base_Block_Pictures,Dummy,Pass/No_Pass,True
133,20UPBBB0000164,OB_BASE_BLOCK,QC_BEFORE_NI_COATING,Visual_Inspection,02/01/2024,1.0,True,false,Base_Block_Pictures,Dummy,Pass/No_Pass,True
134,20UPBBB0000165,OB_BASE_BLOCK,QC_BEFORE_NI_COATING,Visual_Inspection,02/01/2024,1.0,True,false,Base_Block_Pictures,Dummy,Pass/No_Pass,True
135,20UPBBB0000166,OB_BASE_BLOCK,QC_BEFORE_NI_COATING,Visual_Inspection,02/01/2024,1.0,True,false,Base_Block_Pictures,Dummy,Pass/No_Pass,True
136,20UPBBB0000167,OB_BASE_BLOCK,QC_BEFORE_NI_COATING,Visual_Inspection,02/01/2024,1.0,True,false,Base_Block_Pictures,Dummy,Pass/No_Pass,True
137,20UPBBB0000168,OB_BASE_BLOCK,QC_BEFORE_NI_COATING,Visual_Inspection,02/01/2024,1.0,True,false,Base_Block_Pictures,Dummy,Pass/No_Pass,True
138,20UPBBB0000169,OB_BASE_BLOCK,QC_BEFORE_NI_COATING,Visual_Inspection,02/01/2024,1.0,True,false,Base_Block_Pictures,Dummy,Pass/No_Pass,True
139,20UPBBB0000170,OB_BASE_BLOCK,QC_BEFORE_NI_COATING,Visual_Inspection,02/01/2024,1.0,True,false,Base_Block_Pictures,Dummy,Pass/No_Pass,True
140,20UPBBB0000171,OB_BASE_BLOCK,QC_BEFORE_NI_COATING,Visual_Inspection,02/01/2024,1.0,True,false,Base_Block_Pictures,Dummy,Pass/No_Pass,True
141,20UPBBB0000172,OB_BASE_BLOCK,QC_BEFORE_NI_COATING,Visual_Inspection,02/01/2024,1.0,True,false,Base_Block_Pictures,Dummy,Pass/No_Pass,True
142,20UPBBB0000173,OB_BASE_BLOCK,QC_BEFORE_NI_COATING,Visual_Inspection,02/01/2024,1.0,True,false,Base_Block_Pictures,Dummy,Pass/No_Pass,True
143,20UPBBB0000174,OB_BASE_BLOCK,QC_BEFORE_NI_COATING,Visual_Inspection,02/01/2024,1.0,True,false,Base_Block_Pictures,Dummy,Pass/No_Pass,True
144,20UPBBB0000175,OB_BASE_BLOCK,QC_BEFORE_NI_COATING,Visual_Inspection,02/01/2024,1.0,True,false,Base_Block_Pictures,Dummy,Pass/No_Pass,True
145,20UPBBB0000176,OB_BASE_BLOCK,QC_BEFORE_NI_COATING,Visual_Inspection,02/01/2024,1.0,True,false,Base_Block_Pictures,Dummy,Pass/No_Pass,True
146,20UPBBB0000177,OB_BASE_BLOCK,QC_BEFORE_NI_COATING,Visual_Inspection,02/01/2024,1.0,True,false,Base_Block_Pictures,Dummy,Pass/No_Pass,True
147,20UPBBB0000178,OB_BASE_BLOCK,QC_BEFORE_NI_COATING,Visual_Inspection,02/01/2024,1.0,True,false,Base_Block_Pictures,Dummy,Pass/No_Pass,True
148,20UPBBB0000179,OB_BASE_BLOCK,QC_BEFORE_NI_COATING,Visual_Inspection,02/01/2024,1.0,True,false,Base_Block_Pictures,Dummy,Pass/No_Pass,True
149,20UPBBB0000180,OB_BASE_BLOCK,QC_BEFORE_NI_COATING,Visual_Inspection,02/01/2024,1.0,True,false,Base_Block_Pictures,Dummy,Pass/No_Pass,True
150,20UPBBB0000181,OB_BASE_BLOCK,QC_BEFORE_NI_COATING,Visual_Inspection,02/01/2024,1.0,True,false,Base_Block_Pictures,Dummy,Pass/No_Pass,True
151,20UPBBB0000182,OB_BASE_BLOCK,QC_BEFORE_NI_COATING,Visual_Inspection,02/01/2024,1.0,True,false,Base_Block_Pictures,Dummy,Pass/No_Pass,True
152,20UPBBB0000183,OB_BASE_BLOCK,QC_BEFORE_NI_COATING,Visual_Inspection,02/01/2024,1.0,True,false,Base_Block_Pictures,Dummy,Pass/No_Pass,True
153,20UPBBB0000184,OB_BASE_BLOCK,QC_BEFORE_NI_COATING,Visual_Inspection,02/01/2024,1.0,True,false,Base_Block_Pictures,Dummy,Pass/No_Pass,True
154,20UPBBB0000185,OB_BASE_BLOCK,QC_BEFORE_NI_COATING,Visual_Inspection,02/01/2024,1.0,True,false,Base_Block_Pictures,Dummy,Pass/No_Pass,True
155,20UPBBB0000186,OB_BASE_BLOCK,QC_BEFORE_NI_COATING,Visual_Inspection,10/01/2024,1.0,True,false,Base_Block_Pictures,Dummy,Pass/No_Pass,True
156,20UPBBB0000187,OB_BASE_BLOCK,QC_BEFORE_NI_COATING,Visual_Inspection,10/01/2024,1.0,True,false,Base_Block_Pictures,Dummy,Pass/No_Pass,True
157,20UPBBB0000188,OB_BASE_BLOCK,QC_BEFORE_NI_COATING,Visual_Inspection,10/01/2024,1.0,True,false,Base_Block_Pictures,Dummy,Pass/No_Pass,True
158,20UPBBB0000189,OB_BASE_BLOCK,QC_BEFORE_NI_COATING,Visual_Inspection,10/01/2024,1.0,True,false,Base_Block_Pictures,Dummy,Pass/No_Pass,True
159,20UPBBB0000190,OB_BASE_BLOCK,QC_BEFORE_NI_COATING,Visual_Inspection,10/01/2024,1.0,True,false,Base_Block_Pictures,Dummy,Pass/No_Pass,True
160,20UPBBB0000191,OB_BASE_BLOCK,QC_BEFORE_NI_COATING,Visual_Inspection,10/01/2024,1.0,True,false,Base_Block_Pictures,Dummy,Pass/No_Pass,True
161,20UPBBB0000192,OB_BASE_BLOCK,QC_BEFORE_NI_COATING,Visual_Inspection,10/01/2024,1.0,True,false,Base_Block_Pictures,Dummy,Pass/No_Pass,True
162,20UPBBB0000193,OB_BASE_BLOCK,QC_BEFORE_NI_COATING,Visual_Inspection,10/01/2024,1.0,True,false,Base_Block_Pictures,Dummy,Pass/No_Pass,True
163,20UPBBB0000194,OB_BASE_BLOCK,QC_BEFORE_NI_COATING,Visual_Inspection,10/01/2024,1.0,True,false,Base_Block_Pictures,Dummy,Pass/No_Pass,True
164,20UPBBB0000195,OB_BASE_BLOCK,QC_BEFORE_NI_COATING,Visual_Inspection,10/01/2024,1.0,True,false,Base_Block_Pictures,Dummy,Pass/No_Pass,True
165,20UPBBB0000196,OB_BASE_BLOCK,QC_BEFORE_NI_COATING,Visual_Inspection,10/01/2024,1.0,True,false,Base_Block_Pictures,Dummy,Pass/No_Pass,True
166,20UPBBB0000197,OB_BASE_BLOCK,QC_BEFORE_NI_COATING,Visual_Inspection,10/01/2024,1.0,True,false,Base_Block_Pictures,Dummy,Pass/No_Pass,True
167,20UPBBB0000198,OB_BASE_BLOCK,QC_BEFORE_NI_COATING,Visual_Inspection,10/01/2024,1.0,True,false,Base_Block_Pictures,Dummy,Pass/No_Pass,True
168,20UPBBB0000199,OB_BASE_BLOCK,QC_BEFORE_NI_COATING,Visual_Inspection,10/01/2024,1.0,True,false,Base_Block_Pictures,Dummy,Pass/No_Pass,True
169,20UPBBB0000200,OB_BASE_BLOCK,QC_BEFORE_NI_COATING,Visual_Inspection,10/01/2024,1.0,True,false,Base_Block_Pictures,Dummy,Pass/No_Pass,True
170,20UPBBB0000201,OB_BASE_BLOCK,QC_BEFORE_NI_COATING,Visual_Inspection,10/01/2024,1.0,True,false,Base_Block_Pictures,Dummy,Pass/No_Pass,True
171,20UPBBB0000202,OB_BASE_BLOCK,QC_BEFORE_NI_COATING,Visual_Inspection,10/01/2024,1.0,True,false,Base_Block_Pictures,Dummy,Pass/No_Pass,True
172,20UPBBB0000203,OB_BASE_BLOCK,QC_BEFORE_NI_COATING,Visual_Inspection,10/01/2024,1.0,True,false,Base_Block_Pictures,Dummy,Pass/No_Pass,True
173,20UPBBB0000204,OB_BASE_BLOCK,QC_BEFORE_NI_COATING,Visual_Inspection,10/01/2024,1.0,True,false,Base_Block_Pictures,Dummy,Pass/No_Pass,True
174,20UPBBB0000205,OB_BASE_BLOCK,QC_BEFORE_NI_COATING,Visual_Inspection,10/01/2024,1.0,True,false,Base_Block_Pictures,Dummy,Pass/No_Pass,True
175,20UPBBB0000206,OB_BASE_BLOCK,QC_BEFORE_NI_COATING,Visual_Inspection,10/01/2024,1.0,True,false,Base_Block_Pictures,Dummy,Pass/No_Pass,True
176,20UPBBB0000207,OB_BASE_BLOCK,QC_BEFORE_NI_COATING,Visual_Inspection,10/01/2024,1.0,True,false,Base_Block_Pictures,Dummy,Pass/No_Pass,True
177,20UPBBB0000208,OB_BASE_BLOCK,QC_BEFORE_NI_COATING,Visual_Inspection,10/01/2024,1.0,True,false,Base_Block_Pictures,Dummy,Pass/No_Pass,True
178,20UPBBB0000209,OB_BASE_BLOCK,QC_BEFORE_NI_COATING,Visual_Inspection,10/01/2024,1.0,True,false,Base_Block_Pictures,Dummy,Pass/No_Pass,True
179,20UPBBB0000210,OB_BASE_BLOCK,QC_BEFORE_NI_COATING,Visual_Inspection,10/01/2024,1.0,True,false,Base_Block_Pictures,Dummy,Pass/No_Pass,True
180,20UPBBB0000211,OB_BASE_BLOCK,QC_BEFORE_NI_COATING,Visual_Inspection,10/01/2024,1.0,True,false,Base_Block_Pictures,Dummy,Pass/No_Pass,True
181,20UPBBB0000212,OB_BASE_BLOCK,QC_BEFORE_NI_COATING,Visual_Inspection,10/01/2024,1.0,True,false,Base_Block_Pictures,Dummy,Pass/No_Pass,True
182,20UPBBB0000213,OB_BASE_BLOCK,QC_BEFORE_NI_COATING,Visual_Inspection,10/01/2024,1.0,True,false,Base_Block_Pictures,Dummy,Pass/No_Pass,True
183,20UPBBB0000214,OB_BASE_BLOCK,QC_BEFORE_NI_COATING,Visual_Inspection,10/01/2024,1.0,True,false,Base_Block_Pictures,Dummy,Pass/No_Pass,True
184,20UPBBB0000215,OB_BASE_BLOCK,QC_BEFORE_NI_COATING,Visual_Inspection,10/01/2024,1.0,True,false,Base_Block_Pictures,Dummy,Pass/No_Pass,True
185,20UPBBB0000216,OB_BASE_BLOCK,QC_BEFORE_NI_COATING,Visual_Inspection,10/01/2024,1.0,True,false,Base_Block_Pictures,Dummy,Pass/No_Pass,True
186,20UPBBB0000217,OB_BASE_BLOCK,QC_BEFORE_NI_COATING,Visual_Inspection,10/01/2024,1.0,True,false,Base_Block_Pictures,Dummy,Pass/No_Pass,True
187,20UPBBB0000218,OB_BASE_BLOCK,QC_BEFORE_NI_COATING,Visual_Inspection,10/01/2024,1.0,True,false,Base_Block_Pictures,Dummy,Pass/No_Pass,True
188,20UPBBB0000219,OB_BASE_BLOCK,QC_BEFORE_NI_COATING,Visual_Inspection,10/01/2024,1.0,True,false,Base_Block_Pictures,Dummy,Pass/No_Pass,True
189,20UPBBB0000220,OB_BASE_BLOCK,QC_BEFORE_NI_COATING,Visual_Inspection,10/01/2024,1.0,True,false,Base_Block_Pictures,Dummy,Pass/No_Pass,True
190,20UPBBB0000221,OB_BASE_BLOCK,QC_BEFORE_NI_COATING,Visual_Inspection,10/01/2024,1.0,True,false,Base_Block_Pictures,Dummy,Pass/No_Pass,True
191,20UPBBB0000222,OB_BASE_BLOCK,QC_BEFORE_NI_COATING,Visual_Inspection,10/01/2024,1.0,True,false,Base_Block_Pictures,Dummy,Pass/No_Pass,True
192,20UPBBB0000223,OB_BASE_BLOCK,QC_BEFORE_NI_COATING,Visual_Inspection,10/01/2024,1.0,True,false,Base_Block_Pictures,Dummy,Pass/No_Pass,True
193,20UPBBB0000224,OB_BASE_BLOCK,QC_BEFORE_NI_COATING,Visual_Inspection,10/01/2024,1.0,True,false,Base_Block_Pictures,Dummy,Pass/No_Pass,True
194,20UPBBB0000225,OB_BASE_BLOCK,QC_BEFORE_NI_COATING,Visual_Inspection,10/01/2024,1.0,True,false,Base_Block_Pictures,Dummy,Pass/No_Pass,True
195,20UPBBB0000226,OB_BASE_BLOCK,QC_BEFORE_NI_COATING,Visual_Inspection,10/01/2024,1.0,True,false,Base_Block_Pictures,Dummy,Pass/No_Pass,True
196,20UPBBB0000227,OB_BASE_BLOCK,QC_BEFORE_NI_COATING,Visual_Inspection,10/01/2024,1.0,True,false,Base_Block_Pictures,Dummy,Pass/No_Pass,True
197,20UPBBB0000228,OB_BASE_BLOCK,QC_BEFORE_NI_COATING,Visual_Inspection,10/01/2024,1.0,True,false,Base_Block_Pictures,Dummy,Pass/No_Pass,True
198,20UPBBB0000229,OB_BASE_BLOCK,QC_BEFORE_NI_COATING,Visual_Inspection,10/01/2024,1.0,True,false,Base_Block_Pictures,Dummy,Pass/No_Pass,True
199,20UPBBB0000230,OB_BASE_BLOCK,QC_BEFORE_NI_COATING,Visual_Inspection,10/01/2024,1.0,True,false,Base_Block_Pictures,Dummy,Pass/No_Pass,True
200,20UPBBB0000231,OB_BASE_BLOCK,QC_BEFORE_NI_COATING,Visual_Inspection,10/01/2024,1.0,True,false,Base_Block_Pictures,Dummy,Pass/No_Pass,True
201,20UPBBB0000232,OB_BASE_BLOCK,QC_BEFORE_NI_COATING,Visual_Inspection,10/01/2024,1.0,True,false,Base_Block_Pictures,Dummy,Pass/No_Pass,True
202,20UPBBB0000233,OB_BASE_BLOCK,QC_BEFORE_NI_COATING,Visual_Inspection,10/01/2024,1.0,True,false,Base_Block_Pictures,Dummy,Pass/No_Pass,True
203,20UPBBB0000234,OB_BASE_BLOCK,QC_BEFORE_NI_COATING,Visual_Inspection,10/01/2024,1.0,True,false,Base_Block_Pictures,Dummy,Pass/No_Pass,True
204,20UPBBB0000235,OB_BASE_BLOCK,QC_BEFORE_NI_COATING,Visual_Inspection,10/01/2024,1.0,True,false,Base_Block_Pictures,Dummy,Pass/No_Pass,True
205,20UPBBB0000236,OB_BASE_BLOCK,QC_BEFORE_NI_COATING,Visual_Inspection,10/01/2024,1.0,True,false,Base_Block_Pictures,Dummy,Pass/No_Pass,True
206,20UPBBB0000237,OB_BASE_BLOCK,QC_BEFORE_NI_COATING,Visual_Inspection,10/01/2024,1.0,True,false,Base_Block_Pictures,Dummy,Pass/No_Pass,True
207,20UPBBB0000238,OB_BASE_BLOCK,QC_BEFORE_NI_COATING,Visual_Inspection,10/01/2024,1.0,True,false,Base_Block_Pictures,Dummy,Pass/No_Pass,True
208,20UPBBB0000239,OB_BASE_BLOCK,QC_BEFORE_NI_COATING,Visual_Inspection,10/01/2024,1.0,True,false,Base_Block_Pictures,Dummy,Pass/No_Pass,True
209,20UPBBB0000240,OB_BASE_BLOCK,QC_BEFORE_NI_COATING,Visual_Inspection,10/01/2024,1.0,True,false,Base_Block_Pictures,Dummy,Pass/No_Pass,True
210,20UPBBB0000241,OB_BASE_BLOCK,QC_BEFORE_NI_COATING,Visual_Inspection,10/01/2024,1.0,True,false,Base_Block_Pictures,Dummy,Pass/No_Pass,True
211,20UPBBB0000242,OB_BASE_BLOCK,QC_BEFORE_NI_COATING,Visual_Inspection,10/01/2024,1.0,True,false,Base_Block_Pictures,Dummy,Pass/No_Pass,True
212,20UPBBB0000243,OB_BASE_BLOCK,QC_BEFORE_NI_COATING,Visual_Inspection,10/01/2024,1.0,True,false,Base_Block_Pictures,Dummy,Pass/No_Pass,True
213,20UPBBB0000244,OB_BASE_BLOCK,QC_BEFORE_NI_COATING,Visual_Inspection,10/01/2024,1.0,True,false,Base_Block_Pictures,Dummy,Pass/No_Pass,True
214,20UPBBB0000245,OB_BASE_BLOCK,QC_BEFORE_NI_COATING,Visual_Inspection,10/01/2024,1.0,True,false,Base_Block_Pictures,Dummy,Pass/No_Pass,True
215,20UPBBB0000246,OB_BASE_BLOCK,QC_BEFORE_NI_COATING,Visual_Inspection,10/01/2024,1.0,True,false,Base_Block_Pictures,Dummy,Pass/No_Pass,True
216,20UPBBB0000247,OB_BASE_BLOCK,QC_BEFORE_NI_COATING,Visual_Inspection,10/01/2024,1.0,True,false,Base_Block_Pictures,Dummy,Pass/No_Pass,True
217,20UPBBB0000248,OB_BASE_BLOCK,QC_BEFORE_NI_COATING,Visual_Inspection,10/01/2024,1.0,True,false,Base_Block_Pictures,Dummy,Pass/No_Pass,True
218,20UPBBB0000249,OB_BASE_BLOCK,QC_BEFORE_NI_COATING,Visual_Inspection,10/01/2024,1.0,True,false,Base_Block_Pictures,Dummy,Pass/No_Pass,True
219,20UPBBB0000250,OB_BASE_BLOCK,QC_BEFORE_NI_COATING,Visual_Inspection,10/01/2024,1.0,True,false,Base_Block_Pictures,Dummy,Pass/No_Pass,True
220,20UPBBB0000251,OB_BASE_BLOCK,QC_BEFORE_NI_COATING,Visual_Inspection,10/01/2024,1.0,True,false,Base_Block_Pictures,Dummy,Pass/No_Pass,True
221,20UPBBB0000252,OB_BASE_BLOCK,QC_BEFORE_NI_COATING,Visual_Inspection,10/01/2024,1.0,True,false,Base_Block_Pictures,Dummy,Pass/No_Pass,True
222,20UPBBB0000253,OB_BASE_BLOCK,QC_BEFORE_NI_COATING,Visual_Inspection,10/01/2024,1.0,True,false,Base_Block_Pictures,Dummy,Pass/No_Pass,True
223,20UPBBB0000254,OB_BASE_BLOCK,QC_BEFORE_NI_COATING,Visual_Inspection,10/01/2024,1.0,True,false,Base_Block_Pictures,Dummy,Pass/No_Pass,True
224,20UPBBB0000255,OB_BASE_BLOCK,QC_BEFORE_NI_COATING,Visual_Inspection,10/01/2024,1.0,True,false,Base_Block_Pictures,Dummy,Pass/No_Pass,True
225,20UPBBB0000256,OB_BASE_BLOCK,QC_BEFORE_NI_COATING,Visual_Inspection,10/01/2024,1.0,True,false,Base_Block_Pictures,Dummy,Pass/No_Pass,True
226,20UPBBB0000257,OB_BASE_BLOCK,QC_BEFORE_NI_COATING,Visual_Inspection,10/01/2024,1.0,True,false,Base_Block_Pictures,Dummy,Pass/No_Pass,True
227,20UPBBB0000258,OB_BASE_BLOCK,QC_BEFORE_NI_COATING,Visual_Inspection,10/01/2024,1.0,True,false,Base_Block_Pictures,Dummy,Pass/No_Pass,True
228,20UPBBB0000259,OB_BASE_BLOCK,QC_BEFORE_NI_COATING,Visual_Inspection,10/01/2024,1.0,True,false,Base_Block_Pictures,Dummy,Pass/No_Pass,True
229,20UPBBB0000260,OB_BASE_BLOCK,QC_BEFORE_NI_COATING,Visual_Inspection,10/01/2024,1.0,True,false,Base_Block_Pictures,Dummy,Pass/No_Pass,True
230,20UPBBB0000261,OB_BASE_BLOCK,QC_BEFORE_NI_COATING,Visual_Inspection,10/01/2024,1.0,True,false,Base_Block_Pictures,Dummy,Pass/No_Pass,True
231,20UPBBB0000262,OB_BASE_BLOCK,QC_BEFORE_NI_COATING,Visual_Inspection,10/01/2024,1.0,True,false,Base_Block_Pictures,Dummy,Pass/No_Pass,True
232,20UPBBB0000263,OB_BASE_BLOCK,QC_BEFORE_NI_COATING,Visual_Inspection,10/01/2024,1.0,True,false,Base_Block_Pictures,Dummy,Pass/No_Pass,True
233,20UPBBB0000264,OB_BASE_BLOCK,QC_BEFORE_NI_COATING,Visual_Inspection,10/01/2024,1.0,True,false,Base_Block_Pictures,Dummy,Pass/No_Pass,True
234,20UPBBB0000265,OB_BASE_BLOCK,QC_BEFORE_NI_COATING,Visual_Inspection,10/01/2024,1.0,True,false,Base_Block_Pictures,Dummy,Pass/No_Pass,True
235,20UPBBB0000266,OB_BASE_BLOCK,QC_BEFORE_NI_COATING,Visual_Inspection,10/01/2024,1.0,True,false,Base_Block_Pictures,Dummy,Pass/No_Pass,True
236,20UPBBB0000267,OB_BASE_BLOCK,QC_BEFORE_NI_COATING,Visual_Inspection,10/01/2024,1.0,True,false,Base_Block_Pictures,Dummy,Pass/No_Pass,True
237,20UPBBB0000268,OB_BASE_BLOCK,QC_BEFORE_NI_COATING,Visual_Inspection,10/01/2024,1.0,True,false,Base_Block_Pictures,Dummy,Pass/No_Pass,True
238,20UPBBB0000269,OB_BASE_BLOCK,QC_BEFORE_NI_COATING,Visual_Inspection,10/01/2024,1.0,True,false,Base_Block_Pictures,Dummy,Pass/No_Pass,True
239,20UPBBB0000270,OB_BASE_BLOCK,QC_BEFORE_NI_COATING,Visual_Inspection,10/01/2024,1.0,True,false,Base_Block_Pictures,Dummy,Pass/No_Pass,True
240,20UPBBB0000271,OB_BASE_BLOCK,QC_BEFORE_NI_COATING,Visual_Inspection,10/01/2024,1.0,True,false,Base_Block_Pictures,Dummy,Pass/No_Pass,True
241,20UPBBB0000272,OB_BASE_BLOCK,QC_BEFORE_NI_COATING,Visual_Inspection,10/01/2024,1.0,True,false,Base_Block_Pictures,Dummy,Pass/No_Pass,True
242,20UPBBB0000273,OB_BASE_BLOCK,QC_BEFORE_NI_COATING,Visual_Inspection,10/01/2024,1.0,True,false,Base_Block_Pictures,Dummy,Pass/No_Pass,True
243,20UPBBB0000274,OB_BASE_BLOCK,QC_BEFORE_NI_COATING,Visual_Inspection,10/01/2024,1.0,True,false,Base_Block_Pictures,Dummy,Pass/No_Pass,True
244,20UPBBB0000275,OB_BASE_BLOCK,QC_BEFORE_NI_COATING,Visual_Inspection,10/01/2024,1.0,True,false,Base_Block_Pictures,Dummy,Pass/No_Pass,True
245,20UPBBB0000276,OB_BASE_BLOCK,QC_BEFORE_NI_COATING,Visual_Inspection,10/01/2024,1.0,True,false,Base_Block_Pictures,Dummy,Pass/No_Pass,True
246,20UPBBB0000277,OB_BASE_BLOCK,QC_BEFORE_NI_COATING,Visual_Inspection,10/01/2024,1.0,True,false,Base_Block_Pictures,Dummy,Pass/No_Pass,True
247,20UPBBB0000278,OB_BASE_BLOCK,QC_BEFORE_NI_COATING,Visual_Inspection,10/01/2024,1.0,True,false,Base_Block_Pictures,Dummy,Pass/No_Pass,True
248,20UPBBB0000279,OB_BASE_BLOCK,QC_BEFORE_NI_COATING,Visual_Inspection,10/01/2024,1.0,True,false,Base_Block_Pictures,Dummy,Pass/No_Pass,True
249,20UPBBB0000280,OB_BASE_BLOCK,QC_BEFORE_NI_COATING,Visual_Inspection,10/01/2024,1.0,True,false,Base_Block_Pictures,Dummy,Pass/No_Pass,True
250,20UPBBB0000281,OB_BASE_BLOCK,QC_BEFORE_NI_COATING,Visual_Inspection,10/01/2024,1.0,True,false,Base_Block_Pictures,Dummy,Pass/No_Pass,True
251,20UPBBB0000282,OB_BASE_BLOCK,QC_BEFORE_NI_COATING,Visual_Inspection,10/01/2024,1.0,True,false,Base_Block_Pictures,Dummy,Pass/No_Pass,True
252,20UPBBB0000283,OB_BASE_BLOCK,QC_BEFORE_NI_COATING,Visual_Inspection,10/01/2024,1.0,True,false,Base_Block_Pictures,Dummy,Pass/No_Pass,True
253,20UPBBB0000284,OB_BASE_BLOCK,QC_BEFORE_NI_COATING,Visual_Inspection,10/01/2024,1.0,True,false,Base_Block_Pictures,Dummy,Pass/No_Pass,True
254,20UPBBB0000285,OB_BASE_BLOCK,QC_BEFORE_NI_COATING,Visual_Inspection,10/01/2024,1.0,True,false,Base_Block_Pictures,Dummy,Pass/No_Pass,True
255,20UPBBB0000286,OB_BASE_BLOCK,QC_BEFORE_NI_COATING,Visual_Inspection,10/01/2024,1.0,True,false,Base_Block_Pictures,Dummy,Pass/No_Pass,True
256,20UPBBB0000287,OB_BASE_BLOCK,QC_BEFORE_NI_COATING,Visual_Inspection,10/01/2024,1.0,True,false,Base_Block_Pictures,Dummy,Pass/No_Pass,True
257,20UPBBB0000288,OB_BASE_BLOCK,QC_BEFORE_NI_COATING,Visual_Inspection,10/01/2024,1.0,True,false,Base_Block_Pictures,Dummy,Pass/No_Pass,True
258,20UPBBB0000289,OB_BASE_BLOCK,QC_BEFORE_NI_COATING,Visual_Inspection,10/01/2024,1.0,True,false,Base_Block_Pictures,Dummy,Pass/No_Pass,True
259,20UPBBB0000290,OB_BASE_BLOCK,QC_BEFORE_NI_COATING,Visual_Inspection,10/01/2024,1.0,True,false,Base_Block_Pictures,Dummy,Pass/No_Pass,True
260,20UPBBB0000291,OB_BASE_BLOCK,QC_BEFORE_NI_COATING,Visual_Inspection,10/01/2024,1.0,True,false,Base_Block_Pictures,Dummy,Pass/No_Pass,True
261,20UPBBB0000292,OB_BASE_BLOCK,QC_BEFORE_NI_COATING,Visual_Inspection,10/01/2024,1.0,True,false,Base_Block_Pictures,Dummy,Pass/No_Pass,True
262,20UPBBB0000293,OB_BASE_BLOCK,QC_BEFORE_NI_COATING,Visual_Inspection,10/01/2024,1.0,True,false,Base_Block_Pictures,Dummy,Pass/No_Pass,True
263,20UPBBB0000294,OB_BASE_BLOCK,QC_BEFORE_NI_COATING,Visual_Inspection,10/01/2024,1.0,True,false,Base_Block_Pictures,Dummy,Pass/No_Pass,True
264,20UPBBB0000295,OB_BASE_BLOCK,QC_BEFORE_NI_COATING,Visual_Inspection,10/01/2024,1.0,True,false,Base_Block_Pictures,Dummy,Pass/No_Pass,True
265,20UPBBB0000296,OB_BASE_BLOCK,QC_BEFORE_NI_COATING,Visual_Inspection,10/01/2024,1.0,True,false,Base_Block_Pictures,Dummy,Pass/No_Pass,True
266,20UPBBB0000297,OB_BASE_BLOCK,QC_BEFORE_NI_COATING,Visual_Inspection,10/01/2024,1.0,True,false,Base_Block_Pictures,Dummy,Pass/No_Pass,True
267,20UPBBB0000298,OB_BASE_BLOCK,QC_BEFORE_NI_COATING,Visual_Inspection,10/01/2024,1.0,True,false,Base_Block_Pictures,Dummy,Pass/No_Pass,True
268,20UPBBB0000299,OB_BASE_BLOCK,QC_BEFORE_NI_COATING,Visual_Inspection,10/01/2024,1.0,True,false,Base_Block_Pictures,Dummy,Pass/No_Pass,True
269,20UPBBB0000300,OB_BASE_BLOCK,QC_BEFORE_NI_COATING,Visual_Inspection,10/01/2024,1.0,True,false,Base_Block_Pictures,Dummy,Pass/No_Pass,True
270,20UPBBB0000301,OB_BASE_BLOCK,QC_BEFORE_NI_COATING,Visual_Inspection,10/01/2024,1.0,True,false,Base_Block_Pictures,Dummy,Pass/No_Pass,True
271,20UPBBB0000302,OB_BASE_BLOCK,QC_BEFORE_NI_COATING,Visual_Inspection,10/01/2024,1.0,True,false,Base_Block_Pictures,Dummy,Pass/No_Pass,True
272,20UPBBB0000303,OB_BASE_BLOCK,QC_BEFORE_NI_COATING,Visual_Inspection,10/01/2024,1.0,True,false,Base_Block_Pictures,Dummy,Pass/No_Pass,True
273,20UPBBB0000304,OB_BASE_BLOCK,QC_BEFORE_NI_COATING,Visual_Inspection,10/01/2024,1.0,True,false,Base_Block_Pictures,Dummy,Pass/No_Pass,True
274,20UPBBB0000305,OB_BASE_BLOCK,QC_BEFORE_NI_COATING,Visual_Inspection,10/01/2024,1.0,True,false,Base_Block_Pictures,Dummy,Pass/No_Pass,True
275,20UPBBB0000306,OB_BASE_BLOCK,QC_BEFORE_NI_COATING,Visual_Inspection,10/01/2024,1.0,True,false,Base_Block_Pictures,Dummy,Pass/No_Pass,True
276,20UPBBB0000307,OB_BASE_BLOCK,QC_BEFORE_NI_COATING,Visual_Inspection,10/01/2024,1.0,True,false,Base_Block_Pictures,Dummy,Pass/No_Pass,True
277,20UPBBB0000308,OB_BASE_BLOCK,QC_BEFORE_NI_COATING,Visual_Inspection,10/01/2024,1.0,True,false,Base_Block_Pictures,Dummy,Pass/No_Pass,True
278,20UPBBB0000309,OB_BASE_BLOCK,QC_BEFORE_NI_COATING,Visual_Inspection,10/01/2024,1.0,True,false,Base_Block_Pictures,Dummy,Pass/No_Pass,True
279,20UPBBB0000310,OB_BASE_BLOCK,QC_BEFORE_NI_COATING,Visual_Inspection,10/01/2024,1.0,True,false,Base_Block_Pictures,Dummy,Pass/No_Pass,True
280,20UPBBB0000311,OB_BASE_BLOCK,QC_BEFORE_NI_COATING,Visual_Inspection,10/01/2024,1.0,True,false,Base_Block_Pictures,Dummy,Pass/No_Pass,True
281,20UPBBB0000312,OB_BASE_BLOCK,QC_BEFORE_NI_COATING,Visual_Inspection,10/01/2024,1.0,True,false,Base_Block_Pictures,Dummy,Pass/No_Pass,True
282,20UPBBB0000313,OB_BASE_BLOCK,QC_BEFORE_NI_COATING,Visual_Inspection,10/01/2024,1.0,True,false,Base_Block_Pictures,Dummy,Pass/No_Pass,True
283,20UPBBB0000314,OB_BASE_BLOCK,QC_BEFORE_NI_COATING,Visual_Inspection,10/01/2024,1.0,True,false,Base_Block_Pictures,Dummy,Pass/No_Pass,True
284,20UPBBB0000315,OB_BASE_BLOCK,QC_BEFORE_NI_COATING,Visual_Inspection,10/01/2024,1.0,True,false,Base_Block_Pictures,Dummy,Pass/No_Pass,True
285,20UPBBB0000316,OB_BASE_BLOCK,QC_BEFORE_NI_COATING,Visual_Inspection,10/01/2024,1.0,True,false,Base_Block_Pictures,Dummy,Pass/No_Pass,True
286,20UPBBB0000317,OB_BASE_BLOCK,QC_BEFORE_NI_COATING,Visual_Inspection,10/01/2024,1.0,True,false,Base_Block_Pictures,Dummy,Pass/No_Pass,True
287,20UPBBB0000318,OB_BASE_BLOCK,QC_BEFORE_NI_COATING,Visual_Inspection,10/01/2024,1.0,True,false,Base_Block_Pictures,Dummy,Pass/No_Pass,True
288,20UPBBB0000319,OB_BASE_BLOCK,QC_BEFORE_NI_COATING,Visual_Inspection,10/01/2024,1.0,True,false,Base_Block_Pictures,Dummy,Pass/No_Pass,True
289,20UPBBB0000320,OB_BASE_BLOCK,QC_BEFORE_NI_COATING,Visual_Inspection,10/01/2024,1.0,True,false,Base_Block_Pictures,Dummy,Pass/No_Pass,True
290,20UPBBB0000321,OB_BASE_BLOCK,QC_BEFORE_NI_COATING,Visual_Inspection,10/01/2024,1.0,True,false,Base_Block_Pictures,Dummy,Pass/No_Pass,True
291,20UPBBB0000322,OB_BASE_BLOCK,QC_BEFORE_NI_COATING,Visual_Inspection,10/01/2024,1.0,True,false,Base_Block_Pictures,Dummy,Pass/No_Pass,True
292,20UPBBB0000323,OB_BASE_BLOCK,QC_BEFORE_NI_COATING,Visual_Inspection,10/01/2024,1.0,True,false,Base_Block_Pictures,Dummy,Pass/No_Pass,True
293,20UPBBB0000324,OB_BASE_BLOCK,QC_BEFORE_NI_COATING,Visual_Inspection,10/01/2024,1.0,True,false,Base_Block_Pictures,Dummy,Pass/No_Pass,True
294,20UPBBB0000325,OB_BASE_BLOCK,QC_BEFORE_NI_COATING,Visual_Inspection,10/01/2024,1.0,True,false,Base_Block_Pictures,Dummy,Pass/No_Pass,True
295,20UPBBB0000326,OB_BASE_BLOCK,QC_BEFORE_NI_COATING,Visual_Inspection,10/01/2024,1.0,True,false,Base_Block_Pictures,Dummy,Pass/No_Pass,True
296,20UPBBB0000327,OB_BASE_BLOCK,QC_BEFORE_NI_COATING,Visual_Inspection,10/01/2024,1.0,True,false,Base_Block_Pictures,Dummy,Pass/No_Pass,True
297,20UPBBB0000328,OB_BASE_BLOCK,QC_BEFORE_NI_COATING,Visual_Inspection,10/01/2024,1.0,True,false,Base_Block_Pictures,Dummy,Pass/No_Pass,True
298,20UPBBB0000329,OB_BASE_BLOCK,QC_BEFORE_NI_COATING,Visual_Inspection,10/01/2024,1.0,True,false,Base_Block_Pictures,Dummy,Pass/No_Pass,True
299,20UPBBB0000330,OB_BASE_BLOCK,QC_BEFORE_NI_COATING,Visual_Inspection,10/01/2024,1.0,True,false,Base_Block_Pictures,Dummy,Pass/No_Pass,True
300,20UPBBB0000331,OB_BASE_BLOCK,QC_BEFORE_NI_COATING,Visual_Inspection,10/01/2024,1.0,True,false,Base_Block_Pictures,Dummy,Pass/No_Pass,True
301,20UPBBB0000332,OB_BASE_BLOCK,QC_BEFORE_NI_COATING,Visual_Inspection,10/01/2024,1.0,True,false,Base_Block_Pictures,Dummy,Pass/No_Pass,True
302,20UPBBB0000333,OB_BASE_BLOCK,QC_BEFORE_NI_COATING,Visual_Inspection,10/01/2024,1.0,True,false,Base_Block_Pictures,Dummy,Pass/No_Pass,True
303,20UPBBB0000334,OB_BASE_BLOCK,QC_BEFORE_NI_COATING,Visual_Inspection,10/01/2024,1.0,True,false,Base_Block_Pictures,Dummy,Pass/No_Pass,True
304,20UPBBB0000335,OB_BASE_BLOCK,QC_BEFORE_NI_COATING,Visual_Inspection,10/01/2024,1.0,True,false,Base_Block_Pictures,Dummy,Pass/No_Pass,True
305,20UPBBB0000336,OB_BASE_BLOCK,QC_BEFORE_NI_COATING,Visual_Inspection,10/01/2024,1.0,True,false,Base_Block_Pictures,Dummy,Pass/No_Pass,True
306,20UPBBB0000337,OB_BASE_BLOCK,QC_BEFORE_NI_COATING,Visual_Inspection,10/01/2024,1.0,True,false,Base_Block_Pictures,Dummy,Pass/No_Pass,True
307,20UPBBB0000338,OB_BASE_BLOCK,QC_BEFORE_NI_COATING,Visual_Inspection,10/01/2024,1.0,True,false,Base_Block_Pictures,Dummy,Pass/No_Pass,True
308,20UPBBB0000339,OB_BASE_BLOCK,QC_BEFORE_NI_COATING,Visual_Inspection,10/01/2024,1.0,True,false,Base_Block_Pictures,Dummy,Pass/No_Pass,True
309,20UPBBB0000340,OB_BASE_BLOCK,QC_BEFORE_NI_COATING,Visual_Inspection,10/01/2024,1.0,True,false,Base_Block_Pictures,Dummy,Pass/No_Pass,True
310,20UPBBB0000341,OB_BASE_BLOCK,QC_BEFORE_NI_COATING,Visual_Inspection,10/01/2024,1.0,True,false,Base_Block_Pictures,Dummy,Pass/No_Pass,True
311,20UPBBB0000342,OB_BASE_BLOCK,QC_BEFORE_NI_COATING,Visual_Inspection,10/01/2024,1.0,True,false,Base_Block_Pictures,Dummy,Pass/No_Pass,True
312,20UPBBB0000343,OB_BASE_BLOCK,QC_BEFORE_NI_COATING,Visual_Inspection,10/01/2024,1.0,True,false,Base_Block_Pictures,Dummy,Pass/No_Pass,True
313,20UPBBB0000344,OB_BASE_BLOCK,QC_BEFORE_NI_COATING,Visual_Inspection,10/01/2024,1.0,True,false,Base_Block_Pictures,Dummy,Pass/No_Pass,True
314,20UPBBB0000345,OB_BASE_BLOCK,QC_BEFORE_NI_COATING,Visual_Inspection,10/01/2024,1.0,True,false,Base_Block_Pictures,Dummy,Pass/No_Pass,True
315,20UPBBB0000346,OB_BASE_BLOCK,QC_BEFORE_NI_COATING,Visual_Inspection,10/01/2024,1.0,True,false,Base_Block_Pictures,Dummy,Pass/No_Pass,True
316,20UPBBB0000347,OB_BASE_BLOCK,QC_BEFORE_NI_COATING,Visual_Inspection,10/01/2024,1.0,True,false,Base_Block_Pictures,Dummy,Pass/No_Pass,True
317,20UPBBB0000348,OB_BASE_BLOCK,QC_BEFORE_NI_COATING,Visual_Inspection,10/01/2024,1.0,True,false,Base_Block_Pictures,Dummy,Pass/No_Pass,True
318,20UPBBB0000349,OB_BASE_BLOCK,QC_BEFORE_NI_COATING,Visual_Inspection,10/01/2024,1.0,True,false,Base_Block_Pictures,Dummy,Pass/No_Pass,True
319,20UPBBB0000350,OB_BASE_BLOCK,QC_BEFORE_NI_COATING,Visual_Inspection,10/01/2024,1.0,True,false,Base_Block_Pictures,Dummy,Pass/No_Pass,True
320,20UPBBB0000351,OB_BASE_BLOCK,QC_BEFORE_NI_COATING,Visual_Inspection,10/01/2024,1.0,True,false,Base_Block_Pictures,Dummy,Pass/No_Pass,True
321,20UPBBB0000352,OB_BASE_BLOCK,QC_BEFORE_NI_COATING,Visual_Inspection,10/01/2024,1.0,True,false,Base_Block_Pictures,Dummy,Pass/No_Pass,True
322,20UPBBB0000353,OB_BASE_BLOCK,QC_BEFORE_NI_COATING,Visual_Inspection,10/01/2024,1.0,True,false,Base_Block_Pictures,Dummy,Pass/No_Pass,True
323,20UPBBB0000354,OB_BASE_BLOCK,QC_BEFORE_NI_COATING,Visual_Inspection,10/01/2024,1.0,True,false,Base_Block_Pictures,Dummy,Pass/No_Pass,True
324,20UPBBB0000355,OB_BASE_BLOCK,QC_BEFORE_NI_COATING,Visual_Inspection,10/01/2024,1.0,True,false,Base_Block_Pictures,Dummy,Pass/No_Pass,True
325,20UPBBB0000356,OB_BASE_BLOCK,QC_BEFORE_NI_COATING,Visual_Inspection,10/01/2024,1.0,True,false,Base_Block_Pictures,Dummy,Pass/No_Pass,True
326,20UPBBB0000357,OB_BASE_BLOCK,QC_BEFORE_NI_COATING,Visual_Inspection,10/01/2024,1.0,True,false,Base_Block_Pictures,Dummy,Pass/No_Pass,True
327,20UPBBB0000358,OB_BASE_BLOCK,QC_BEFORE_NI_COATING,Visual_Inspection,10/01/2024,1.0,True,false,Base_Block_Pictures,Dummy,Pass/No_Pass,True
328,20UPBBB0000359,OB_BASE_BLOCK,QC_BEFORE_NI_COATING,Visual_Inspection,10/01/2024,1.0,True,false,Base_Block_Pictures,Dummy,Pass/No_Pass,True
329,20UPBBB0000360,OB_BASE_BLOCK,QC_BEFORE_NI_COATING,Visual_Inspection,10/01/2024,1.0,True,false,Base_Block_Pictures,Dummy,Pass/No_Pass,True
330,20UPBBB0000361,OB_BASE_BLOCK,QC_BEFORE_NI_COATING,Visual_Inspection,10/01/2024,1.0,True,false,Base_Block_Pictures,Dummy,Pass/No_Pass,True
331,20UPBBB0000362,OB_BASE_BLOCK,QC_BEFORE_NI_COATING,Visual_Inspection,10/01/2024,1.0,True,false,Base_Block_Pictures,Dummy,Pass/No_Pass,True
332,20UPBBB0000363,OB_BASE_BLOCK,QC_BEFORE_NI_COATING,Visual_Inspection,10/01/2024,1.0,True,false,Base_Block_Pictures,Dummy,Pass/No_Pass,True
333,20UPBBB0000364,OB_BASE_BLOCK,QC_BEFORE_NI_COATING,Visual_Inspection,10/01/2024,1.0,True,false,Base_Block_Pictures,Dummy,Pass/No_Pass,True
334,20UPBBB0000365,OB_BASE_BLOCK,QC_BEFORE_NI_COATING,Visual_Inspection,10/01/2024,1.0,True,false,Base_Block_Pictures,Dummy,Pass/No_Pass,True
335,20UPBBB0000366,OB_BASE_BLOCK,QC_BEFORE_NI_COATING,Visual_Inspection,10/01/2024,1.0,True,false,Base_Block_Pictures,Dummy,Pass/No_Pass,True
336,20UPBBB0000367,OB_BASE_BLOCK,QC_BEFORE_NI_COATING,Visual_Inspection,10/01/2024,1.0,True,false,Base_Block_Pictures,Dummy,Pass/No_Pass,True
337,20UPBBB0000368,OB_BASE_BLOCK,QC_BEFORE_NI_COATING,Visual_Inspection,10/01/2024,1.0,True,false,Base_Block_Pictures,Dummy,Pass/No_Pass,True
338,20UPBBB0000369,OB_BASE_BLOCK,QC_BEFORE_NI_COATING,Visual_Inspection,10/01/2024,1.0,True,false,Base_Block_Pictures,Dummy,Pass/No_Pass,True
339,20UPBBB0000370,OB_BASE_BLOCK,QC_BEFORE_NI_COATING,Visual_Inspection,10/01/2024,1.0,True,false,Base_Block_Pictures,Dummy,Pass/No_Pass,True
340,20UPBBB0000371,OB_BASE_BLOCK,QC_BEFORE_NI_COATING,Visual_Inspection,10/01/2024,1.0,True,false,Base_Block_Pictures,Dummy,Pass/No_Pass,True
341,20UPBBB0000372,OB_BASE_BLOCK,QC_BEFORE_NI_COATING,Visual_Inspection,10/01/2024,1.0,True,false,Base_Block_Pictures,Dummy,Pass/No_Pass,True
342,20UPBBB0000373,OB_BASE_BLOCK,QC_BEFORE_NI_COATING,Visual_Inspection,10/01/2024,1.0,True,false,Base_Block_Pictures,Dummy,Pass/No_Pass,True
343,20UPBBB0000374,OB_BASE_BLOCK,QC_BEFORE_NI_COATING,Visual_Inspection,10/01/2024,1.0,True,false,Base_Block_Pictures,Dummy,Pass/No_Pass,True
344,20UPBBB0000375,OB_BASE_BLOCK,QC_BEFORE_NI_COATING,Visual_Inspection,10/01/2024,1.0,True,false,Base_Block_Pictures,Dummy,Pass/No_Pass,True
345,20UPBBB0000376,OB_BASE_BLOCK,QC_BEFORE_NI_COATING,Visual_Inspection,10/01/2024,1.0,True,false,Base_Block_Pictures,Dummy,Pass/No_Pass,True
346,20UPBBB0000377,OB_BASE_BLOCK,QC_BEFORE_NI_COATING,Visual_Inspection,10/01/2024,1.0,True,false,Base_Block_Pictures,Dummy,Pass/No_Pass,True
347,20UPBBB0000378,OB_BASE_BLOCK,QC_BEFORE_NI_COATING,Visual_Inspection,10/01/2024,1.0,True,false,Base_Block_Pictures,Dummy,Pass/No_Pass,True
348,20UPBBB0000379,OB_BASE_BLOCK,QC_BEFORE_NI_COATING,Visual_Inspection,10/01/2024,1.0,True,false,Base_Block_Pictures,Dummy,Pass/No_Pass,True
349,20UPBBB0000380,OB_BASE_BLOCK,QC_BEFORE_NI_COATING,Visual_Inspection,10/01/2024,1.0,True,false,Base_Block_Pictures,Dummy,Pass/No_Pass,True
350,20UPBBB0000381,OB_BASE_BLOCK,QC_BEFORE_NI_COATING,Visual_Inspection,10/01/2024,1.0,True,false,Base_Block_Pictures,Dummy,Pass/No_Pass,True
351,20UPBBB0000382,OB_BASE_BLOCK,QC_BEFORE_NI_COATING,Visual_Inspection,10/01/2024,1.0,True,false,Base_Block_Pictures,Dummy,Pass/No_Pass,True
352,20UPBBB0000383,OB_BASE_BLOCK,QC_BEFORE_NI_COATING,Visual_Inspection,10/01/2024,1.0,True,false,Base_Block_Pictures,Dummy,Pass/No_Pass,True
353,20UPBBB0000384,OB_BASE_BLOCK,QC_BEFORE_NI_COATING,Visual_Inspection,10/01/2024,1.0,True,false,Base_Block_Pictures,Dummy,Pass/No_Pass,True
354,20UPBBB0000385,OB_BASE_BLOCK,QC_BEFORE_NI_COATING,Visual_Inspection,10/01/2024,1.0,True,false,Base_Block_Pictures,Dummy,Pass/No_Pass,True
355,20UPBBB0000386,OB_BASE_BLOCK,QC_BEFORE_NI_COATING,Visual_Inspection,10/01/2024,1.0,True,false,Base_Block_Pictures,Dummy,Pass/No_Pass,True
356,20UPBBB0000387,OB_BASE_BLOCK,QC_BEFORE_NI_COATING,Visual_Inspection,10/01/2024,1.0,True,false,Base_Block_Pictures,Dummy,Pass/No_Pass,True
357,20UPBBB0000388,OB_BASE_BLOCK,QC_BEFORE_NI_COATING,Visual_Inspection,10/01/2024,1.0,True,false,Base_Block_Pictures,Dummy,Pass/No_Pass,True
358,20UPBBB0000389,OB_BASE_BLOCK,QC_BEFORE_NI_COATING,Visual_Inspection,10/01/2024,1.0,True,false,Base_Block_Pictures,Dummy,Pass/No_Pass,True
359,20UPBBB0000390,OB_BASE_BLOCK,QC_BEFORE_NI_COATING,Visual_Inspection,10/01/2024,1.0,True,false,Base_Block_Pictures,Dummy,Pass/No_Pass,True
360,20UPBBB0000391,OB_BASE_BLOCK,QC_BEFORE_NI_COATING,Visual_Inspection,10/01/2024,1.0,True,false,Base_Block_Pictures,Dummy,Pass/No_Pass,True
361,20UPBBB0000392,OB_BASE_BLOCK,QC_BEFORE_NI_COATING,Visual_Inspection,10/01/2024,1.0,True,false,Base_Block_Pictures,Dummy,Pass/No_Pass,True
362,20UPBBB0000393,OB_BASE_BLOCK,QC_BEFORE_NI_COATING,Visual_Inspection,10/01/2024,1.0,True,false,Base_Block_Pictures,Dummy,Pass/No_Pass,True
363,20UPBBB0000394,OB_BASE_BLOCK,QC_BEFORE_NI_COATING,Visual_Inspection,10/01/2024,1.0,True,false,Base_Block_Pictures,Dummy,Pass/No_Pass,True
364,20UPBBB0000395,OB_BASE_BLOCK,QC_BEFORE_NI_COATING,Visual_Inspection,10/01/2024,1.0,True,false,Base_Block_Pictures,Dummy,Pass/No_Pass,True
365,20UPBBB0000396,OB_BASE_BLOCK,QC_BEFORE_NI_COATING,Visual_Inspection,10/01/2024,1.0,True,false,Base_Block_Pictures,Dummy,Pass/No_Pass,True
366,20UPBBB0000397,OB_BASE_BLOCK,QC_BEFORE_NI_COATING,Visual_Inspection,10/01/2024,1.0,True,false,Base_Block_Pictures,Dummy,Pass/No_Pass,True
367,20UPBBB0000398,OB_BASE_BLOCK,QC_BEFORE_NI_COATING,Visual_Inspection,10/01/2024,1.0,True,false,Base_Block_Pictures,Dummy,Pass/No_Pass,True
368,20UPBBB0000399,OB_BASE_BLOCK,QC_BEFORE_NI_COATING,Visual_Inspection,10/01/2024,1.0,True,false,Base_Block_Pictures,Dummy,Pass/No_Pass,True
369,20UPBBB0000400,OB_BASE_BLOCK,QC_BEFORE_NI_COATING,Visual_Inspection,10/01/2024,1.0,True,false,Base_Block_Pictures,Dummy,Pass/No_Pass,True
370,20UPBBB0000401,OB_BASE_BLOCK,QC_BEFORE_NI_COATING,Visual_Inspection,10/01/2024,1.0,True,false,Base_Block_Pictures,Dummy,Pass/No_Pass,True
371,20UPBBB0000402,OB_BASE_BLOCK,QC_BEFORE_NI_COATING,Visual_Inspection,10/01/2024,1.0,True,false,Base_Block_Pictures,Dummy,Pass/No_Pass,True
372,20UPBBB0000403,OB_BASE_BLOCK,QC_BEFORE_NI_COATING,Visual_Inspection,10/01/2024,1.0,True,false,Base_Block_Pictures,Dummy,Pass/No_Pass,True
373,20UPBBB0000404,OB_BASE_BLOCK,QC_BEFORE_NI_COATING,Visual_Inspection,10/01/2024,1.0,True,false,Base_Block_Pictures,Dummy,Pass/No_Pass,True
374,20UPBBB0000405,OB_BASE_BLOCK,QC_BEFORE_NI_COATING,Visual_Inspection,10/01/2024,1.0,True,false,Base_Block_Pictures,Dummy,Pass/No_Pass,True
375,20UPBBB0000406,OB_BASE_BLOCK,QC_BEFORE_NI_COATING,Visual_Inspection,10/01/2024,1.0,True,false,Base_Block_Pictures,Dummy,Pass/No_Pass,True
376,20UPBBB0000407,OB_BASE_BLOCK,QC_BEFORE_NI_COATING,Visual_Inspection,10/01/2024,1.0,True,false,Base_Block_Pictures,Dummy,Pass/No_Pass,True
377,20UPBBB0000408,OB_BASE_BLOCK,QC_BEFORE_NI_COATING,Visual_Inspection,10/01/2024,1.0,True,false,Base_Block_Pictures,Dummy,Pass/No_Pass,True
378,20UPBBB0000409,OB_BASE_BLOCK,QC_BEFORE_NI_COATING,Visual_Inspection,10/01/2024,1.0,True,false,Base_Block_Pictures,Dummy,Pass/No_Pass,True
379,20UPBBB0000410,OB_BASE_BLOCK,QC_BEFORE_NI_COATING,Visual_Inspection,10/01/2024,1.0,True,false,Base_Block_Pictures,Dummy,Pass/No_Pass,True
380,20UPBBB0000411,OB_BASE_BLOCK,QC_BEFORE_NI_COATING,Visual_Inspection,10/01/2024,1.0,True,false,Base_Block_Pictures,Dummy,Pass/No_Pass,True
381,20UPBBB0000412,OB_BASE_BLOCK,QC_BEFORE_NI_COATING,Visual_Inspection,10/01/2024,1.0,True,false,Base_Block_Pictures,Dummy,Pass/No_Pass,True
382,20UPBBB0000413,OB_BASE_BLOCK,QC_BEFORE_NI_COATING,Visual_Inspection,10/01/2024,1.0,True,false,Base_Block_Pictures,Dummy,Pass/No_Pass,True
383,20UPBBB0000414,OB_BASE_BLOCK,QC_BEFORE_NI_COATING,Visual_Inspection,10/01/2024,1.0,True,false,Base_Block_Pictures,Dummy,Pass/No_Pass,True
384,20UPBBB0000415,OB_BASE_BLOCK,QC_BEFORE_NI_COATING,Visual_Inspection,10/01/2024,1.0,True,false,Base_Block_Pictures,Dummy,Pass/No_Pass,True
385,20UPBBB0000416,OB_BASE_BLOCK,QC_BEFORE_NI_COATING,Visual_Inspection,10/01/2024,1.0,True,false,Base_Block_Pictures,Dummy,Pass/No_Pass,True
386,20UPBBB0000417,OB_BASE_BLOCK,QC_BEFORE_NI_COATING,Visual_Inspection,10/01/2024,1.0,True,false,Base_Block_Pictures,Dummy,Pass/No_Pass,True
387,20UPBBB0000418,OB_BASE_BLOCK,QC_BEFORE_NI_COATING,Visual_Inspection,10/01/2024,1.0,True,false,Base_Block_Pictures,Dummy,Pass/No_Pass,True
388,20UPBBB0000419,OB_BASE_BLOCK,QC_BEFORE_NI_COATING,Visual_Inspection,10/01/2024,1.0,True,false,Base_Block_Pictures,Dummy,Pass/No_Pass,True
389,20UPBBB0000420,OB_BASE_BLOCK,QC_BEFORE_NI_COATING,Visual_Inspection,10/01/2024,1.0,True,false,Base_Block_Pictures,Dummy,Pass/No_Pass,True
390,20UPBBB0000421,OB_BASE_BLOCK,QC_BEFORE_NI_COATING,Visual_Inspection,10/01/2024,1.0,True,false,Base_Block_Pictures,Dummy,Pass/No_Pass,True
391,20UPBBB0000422,OB_BASE_BLOCK,QC_BEFORE_NI_COATING,Visual_Inspection,10/01/2024,1.0,True,false,Base_Block_Pictures,Dummy,Pass/No_Pass,True
392,20UPBBB0000423,OB_BASE_BLOCK,QC_BEFORE_NI_COATING,Visual_Inspection,10/01/2024,1.0,True,false,Base_Block_Pictures,Dummy,Pass/No_Pass,True
393,20UPBBB0000424,OB_BASE_BLOCK,QC_BEFORE_NI_COATING,Visual_Inspection,10/01/2024,1.0,True,false,Base_Block_Pictures,Dummy,Pass/No_Pass,True
394,20UPBBB0000425,OB_BASE_BLOCK,QC_BEFORE_NI_COATING,Visual_Inspection,10/01/2024,1.0,True,false,Base_Block_Pictures,Dummy,Pass/No_Pass,True
395,20UPBBB0000426,OB_BASE_BLOCK,QC_BEFORE_NI_COATING,Visual_Inspection,10/01/2024,1.0,True,false,Base_Block_Pictures,Dummy,Pass/No_Pass,True
396,20UPBBB0000427,OB_BASE_BLOCK,QC_BEFORE_NI_COATING,Visual_Inspection,10/01/2024,1.0,True,false,Base_Block_Pictures,Dummy,Pass/No_Pass,True
397,20UPBBB0000428,OB_BASE_BLOCK,QC_BEFORE_NI_COATING,Visual_Inspection,10/01/2024,1.0,True,false,Base_Block_Pictures,Dummy,Pass/No_Pass,True
398,20UPBBB0000429,OB_BASE_BLOCK,QC_BEFORE_NI_COATING,Visual_Inspection,10/01/2024,1.0,True,false,Base_Block_Pictures,Dummy,Pass/No_Pass,True
399,20UPBBB0000430,OB_BASE_BLOCK,QC_BEFORE_NI_COATING,Visual_Inspection,10/01/2024,1.0,True,false,Base_Block_Pictures,Dummy,Pass/No_Pass,True
400,20UPBBB0000431,OB_BASE_BLOCK,QC_BEFORE_NI_COATING,Visual_Inspection,10/01/2024,1.0,True,false,Base_Block_Pictures,Dummy,Pass/No_Pass,True
401,20UPBBB0000432,OB_BASE_BLOCK,QC_BEFORE_NI_COATING,Visual_Inspection,10/01/2024,1.0,True,false,Base_Block_Pictures,Dummy,Pass/No_Pass,True
402,20UPBBB0000433,OB_BASE_BLOCK,QC_BEFORE_NI_COATING,Visual_Inspection,10/01/2024,1.0,True,false,Base_Block_Pictures,Dummy,Pass/No_Pass,True
403,20UPBBB0000434,OB_BASE_BLOCK,QC_BEFORE_NI_COATING,Visual_Inspection,10/01/2024,1.0,True,false,Base_Block_Pictures,Dummy,Pass/No_Pass,True
404,20UPBBB0000435,OB_BASE_BLOCK,QC_BEFORE_NI_COATING,Visual_Inspection,10/01/2024,1.0,True,false,Base_Block_Pictures,Dummy,Pass/No_Pass,True
405,20UPBBB0000436,OB_BASE_BLOCK,QC_BEFORE_NI_COATING,Visual_Inspection,10/01/2024,1.0,True,false,Base_Block_Pictures,Dummy,Pass/No_Pass,True
406,20UPBBB0000437,OB_BASE_BLOCK,QC_BEFORE_NI_COATING,Visual_Inspection,10/01/2024,1.0,True,false,Base_Block_Pictures,Dummy,Pass/No_Pass,True
407,20UPBBB0000438,OB_BASE_BLOCK,QC_BEFORE_NI_COATING,Visual_Inspection,10/01/2024,1.0,True,false,Base_Block_Pictures,Dummy,Pass/No_Pass,True
408,20UPBBB0000439,OB_BASE_BLOCK,QC_BEFORE_NI_COATING,Visual_Inspection,10/01/2024,1.0,True,false,Base_Block_Pictures,Dummy,Pass/No_Pass,True
409,20UPBBB0000440,OB_BASE_BLOCK,QC_BEFORE_NI_COATING,Visual_Inspection,10/01/2024,1.0,True,false,Base_Block_Pictures,Dummy,Pass/No_Pass,True
410,20UPBBB0000441,OB_BASE_BLOCK,QC_BEFORE_NI_COATING,Visual_Inspection,10/01/2024,1.0,True,false,Base_Block_Pictures,Dummy,Pass/No_Pass,True
411,20UPBBB0000442,OB_BASE_BLOCK,QC_BEFORE_NI_COATING,Visual_Inspection,10/01/2024,1.0,True,false,Base_Block_Pictures,Dummy,Pass/No_Pass,True
412,20UPBBB0000443,OB_BASE_BLOCK,QC_BEFORE_NI_COATING,Visual_Inspection,10/01/2024,1.0,True,false,Base_Block_Pictures,Dummy,Pass/No_Pass,True
413,20UPBBB0000444,OB_BASE_BLOCK,QC_BEFORE_NI_COATING,Visual_Inspection,10/01/2024,1.0,True,false,Base_Block_Pictures,Dummy,Pass/No_Pass,True
414,20UPBBB0000445,OB_BASE_BLOCK,QC_BEFORE_NI_COATING,Visual_Inspection,10/01/2024,1.0,True,false,Base_Block_Pictures,Dummy,Pass/No_Pass,True
415,20UPBBB0000446,OB_BASE_BLOCK,QC_BEFORE_NI_COATING,Visual_Inspection,10/01/2024,1.0,True,false,Base_Block_Pictures,Dummy,Pass/No_Pass,True
416,20UPBBB0000447,OB_BASE_BLOCK,QC_BEFORE_NI_COATING,Visual_Inspection,10/01/2024,1.0,True,false,Base_Block_Pictures,Dummy,Pass/No_Pass,True
417,20UPBBB0000448,OB_BASE_BLOCK,QC_BEFORE_NI_COATING,Visual_Inspection,10/01/2024,1.0,True,false,Base_Block_Pictures,Dummy,Pass/No_Pass,True
418,20UPBBB0000449,OB_BASE_BLOCK,QC_BEFORE_NI_COATING,Visual_Inspection,10/01/2024,1.0,True,false,Base_Block_Pictures,Dummy,Pass/No_Pass,True
419,20UPBBB0000450,OB_BASE_BLOCK,QC_BEFORE_NI_COATING,Visual_Inspection,10/01/2024,1.0,True,false,Base_Block_Pictures,Dummy,Pass/No_Pass,True
420,20UPBBB0000451,OB_BASE_BLOCK,QC_BEFORE_NI_COATING,Visual_Inspection,10/01/2024,1.0,True,false,Base_Block_Pictures,Dummy,Pass/No_Pass,True
421,20UPBBB0000452,OB_BASE_BLOCK,QC_BEFORE_NI_COATING,Visual_Inspection,10/01/2024,1.0,True,false,Base_Block_Pictures,Dummy,Pass/No_Pass,True
422,20UPBBB0000453,OB_BASE_BLOCK,QC_BEFORE_NI_COATING,Visual_Inspection,10/01/2024,1.0,True,false,Base_Block_Pictures,Dummy,Pass/No_Pass,True
423,20UPBBB0000454,OB_BASE_BLOCK,QC_BEFORE_NI_COATING,Visual_Inspection,10/01/2024,1.0,True,false,Base_Block_Pictures,Dummy,Pass/No_Pass,True
424,20UPBBB0000455,OB_BASE_BLOCK,QC_BEFORE_NI_COATING,Visual_Inspection,10/01/2024,1.0,True,false,Base_Block_Pictures,Dummy,Pass/No_Pass,True
